step,t_ps,atom,x_A,y_A,z_A,vx_Aps,vy_Aps,vz_Aps,mass_kg,E_kin_eV,E_pot_eV,E_dissip_eV
0,0.0000000000000000e+00,0,3.0000000000000000e+00,2.0000000000000000e+00,1.0000000000000000e+00,5.0000000000000000e-01,2.9999999999999999e-01,2.0000000000000001e-01,2.1088846189000000e-25,2.5011740174219728e-03,1.1090378089036026e+00,0.0000000000000000e+00
0,0.0000000000000000e+00,1,-3.0000000000000000e+00,-2.0000000000000000e+00,-1.0000000000000000e+00,-4.0000000000000002e-01,1.0000000000000001e-01,-2.9999999999999999e-01,2.1088846189000000e-25,1.7113295908676655e-03,1.1090378089036026e+00,0.0000000000000000e+00
1,1.0000000000000000e-02,0,3.0057468590858178e+00,2.0034979060572122e+00,1.0022489530286061e+00,6.4914851443724109e-01,3.9938077531438776e-01,2.4974175408353791e-01,2.1088846189000000e-25,4.2340251656105832e-03,1.1076477386129493e+00,0.0000000000000000e+00
1,1.0000000000000000e-02,1,-3.0047468590858180e+00,-1.9994979060572122e+00,-1.0032489530286059e+00,-5.4914715968254602e-01,6.1610038037100689e-04,-3.4973969133809019e-01,2.1088846189000000e-25,2.7899992872240501e-03,1.1076159143048063e+00,0.0000000000000000e+00
2,2.0000000000000000e-02,0,3.0129829702887445e+00,2.0079876155062881e+00,1.0049948350816709e+00,7.9777427604351525e-01,4.9831051711633861e-01,2.9936012155420161e-01,2.1088846189000000e-25,6.4133633027526251e-03,1.1058096625763725e+00,0.0000000000000000e+00
2,2.0000000000000000e-02,1,-3.0109829431936506e+00,-1.9999876779923926e+00,-1.0069947938267618e+00,-6.9776886354401713e-01,-9.8323005821596199e-02,-3.9935187755206109e-01,2.1088846189000000e-25,4.3180184151887461e-03,1.1057460562747519e+00,0.0000000000000000e+00
3,2.9999999999999999e-02,0,3.0217023446066880e+00,2.0134641163995393e+00,1.0082361554596901e+00,9.4572664464931933e-01,5.9669020145999307e-01,3.4880418980227040e-01,2.1088846189000000e-25,9.0312289119214347e-03,1.1035312186731487e+00,0.0000000000000000e+00
3,2.9999999999999999e-02,1,-3.0187022363566980e+00,-2.0014643661736442e+00,-1.0112359905796473e+00,-8.4571448588662945e-01,-1.9671827266557435e-01,-4.4878566284200649e-01,2.1088846189000000e-25,6.2880807616106163e-03,1.1034358720933779e+00,0.0000000000000000e+00
4,4.0000000000000001e-02,0,3.0318975031817308e+00,2.0199214195354878e+00,1.0119709188777164e+00,1.0928586705210150e+00,6.9442364666137879e-01,3.9802408595117694e-01,2.1088846189000000e-25,1.2077955070169951e-02,1.1008217623692218e+00,0.0000000000000000e+00
4,4.0000000000000001e-02,1,-3.0278972329113829e+00,-2.0039220434457041e+00,-1.0159705070836020e+00,-9.9283709429319489e-01,-2.9447348666945233e-01,-4.9799119678169873e-01,2.1088846189000000e-25,8.6911542623409523e-03,1.1006947166126415e+00,0.0000000000000000e+00
5,5.0000000000000003e-02,0,3.0435595180171080e+00,2.0273525893327666e+00,1.0161966371787139e+00,1.2390278307404308e+00,7.9141798436835109e-01,4.4697123222424612e-01,2.1088846189000000e-25,1.5542266868835353e-02,1.0976922687289552e+00,0.0000000000000000e+00
5,5.0000000000000003e-02,1,-3.0385589782425617e+00,-2.0073538359070331e+00,-1.0211958145152813e+00,-1.1389941858936010e+00,-3.9149573811139937e-01,-5.4691992952734647e-01,2.1088846189000000e-25,1.1516577290681665e-02,1.0975335642867095e+00,0.0000000000000000e+00
6,6.0000000000000005e-02,0,3.0566780597965391e+00,2.0357497792228547e+00,1.0209103435222013e+00,1.3840967093815109e+00,8.8758408986396109e-01,4.9559858422302139e-01,2.1088846189000000e-25,1.9411395488481628e-02,1.0941552196249451e+00,0.0000000000000000e+00
6,6.0000000000000005e-02,1,-3.0506771166292550e+00,-2.0117519582079320e+00,-1.0269089056741489e+00,-1.2840483673994774e+00,-4.8769585161091578e-01,-5.9552484990221655e-01,2.1088846189000000e-25,1.4752169867039807e-02,1.0939648964001272e+00,0.0000000000000000e+00
7,7.0000000000000007e-02,0,3.0712414522047382e+00,2.0451042711300458e+00,1.0261086088631741e+00,1.5279336143038340e+00,9.8283696726979919e-01,5.4386084949740998e-01,2.1088846189000000e-25,2.3671204744718202e-02,1.0902244783186319e+00,0.0000000000000000e+00
7,7.0000000000000007e-02,1,-3.0642399455905514e+00,-2.0171077529392512e+00,-1.0331063115133257e+00,-1.4278679717119958e+00,-5.8298877164052043e-01,-6.4376070373434158e-01,2.1088846189000000e-25,1.8384357634341500e-02,1.0900025756665761e+00,0.0000000000000000e+00
8,8.0000000000000002e-02,0,3.0872367320826157e+00,2.0554065185682506e+00,1.0317875605121494e+00,1.6704131248685554e+00,1.0770960863450858e+00,5.9171468426380058e-01,2.1088846189000000e-25,2.8306327757491704e-02,1.0859151537537981e+00,0.0000000000000000e+00
8,8.0000000000000002e-02,1,-3.0792344760634949e+00,-2.0234117336407422e+00,-1.0397841197488358e+00,-1.5703276054192716e+00,-6.7729389966473352e-01,-6.9158419030964124e-01,2.1088846189000000e-25,2.2398306273724265e-02,1.0856617105401360e+00,0.0000000000000000e+00
9,8.9999999999999997e-02,0,3.1046497147021093e+00,2.0666461928569473e+00,1.0379429025484501e+00,1.8114165662787662e+00,1.1702856685325493e+00,6.3911886658063255e-01,2.1088846189000000e-25,3.3300311298093459e-02,1.0812434570039864e+00,0.0000000000000000e+00
9,8.9999999999999997e-02,1,-3.0956464976989366e+00,-2.0306536309325458e+00,-1.0469379953195184e+00,-1.7113086230233965e+00,-7.7053538064186489e-01,-7.3895413529901854e-01,2.1088846189000000e-25,2.6778063934733233e-02,1.0809585116799678e+00,0.0000000000000000e+00
10,9.9999999999999992e-02,0,3.1234650634081911e+00,2.0788122319389015e+00,1.0445699378437621e+00,1.9508324077819885e+00,1.2623349209355754e+00,6.8603444479801934e-01,2.1088846189000000e-25,3.8635765340612221e-02,1.0762265523470964e+00,0.0000000000000000e+00
10,9.9999999999999992e-02,1,-3.1134606485239624e+00,-2.0388224412535796e+00,-1.0545632024548159e+00,-1.8506995249510292e+00,-8.6264233744479668e-01,-7.8583163891699093e-01,2.1088846189000000e-25,3.1506709211649983e-02,1.0759101430415599e+00,0.0000000000000000e+00
11,1.0999999999999999e-01,0,3.1436663628577488e+00,2.0918928912756587e+00,1.0516635914444106e+00,2.0885565835025228e+00,1.3531782179268195e+00,7.3242486061021472e-01,2.1088846189000000e-25,4.4294515383619434e-02,1.0708824054069115e+00,0.0000000000000000e+00
11,1.0999999999999999e-01,1,-3.1326604881979567e+00,-2.0479064776814417e+00,-1.0626546280978582e+00,-1.9883962781095221e+00,-9.5354905288956671e-01,-8.3218019864172610e-01,2.1088846189000000e-25,3.6566502232427613e-02,1.0705345700341367e+00,0.0000000000000000e+00
12,1.1999999999999998e-01,0,3.1652361950782413e+00,2.1058757962974375e+00,1.0592184350559666e+00,2.2244927358746671e+00,1.4427552308738563e+00,7.7825604644912039e-01,2.1088846189000000e-25,5.0257755195528997e-02,1.0652296307083708e+00,0.0000000000000000e+00
12,1.1999999999999998e-01,1,-3.1532285740861528e+00,-2.0578934223113712e+00,-1.0712068064276505e+00,-2.1243025591398688e+00,-1.0431950999695623e+00,-8.7796580629804521e-01,2.1088846189000000e-25,4.1939036516659020e-02,1.0648504070909492e+00,0.0000000000000000e+00
13,1.2999999999999998e-01,0,3.1881562175752420e+00,2.1207479958931357e+00,1.0672287123733932e+00,2.3585523831738961e+00,1.5310110074562409e+00,8.2349649748011544e-01,2.1088846189000000e-25,5.6506197791453987e-02,1.0592873408493040e+00,0.0000000000000000e+00
13,1.2999999999999998e-01,1,-3.1751465393807545e+00,-2.0687703796808332e+00,-1.0802139442238190e+00,-2.2583299217476629e+00,-1.1315254216854072e+00,-9.2315701972879083e-01,2.1088846189000000e-25,4.7605389397878312e-02,1.0588767668550905e+00,0.0000000000000000e+00
14,1.3999999999999999e-01,0,3.2124072427417194e+00,2.1364960164465625e+00,1.0756883650055691e+00,2.4906550137158647e+00,1.6178960027258700e+00,8.6811731883783461e-01,2.1088846189000000e-25,6.3020222635475395e-02,1.0530749993030997e+00,0.0000000000000000e+00
14,1.3999999999999999e-01,1,-3.1983951725211064e+00,-2.0805239307450791e+00,-1.0896699468222262e+00,-2.3903978906757288e+00,-1.2184903626116386e+00,-9.6772500969278419e-01,2.1088846189000000e-25,5.3546268989525130e-02,1.0526331129952000e+00,0.0000000000000000e+00
15,1.4999999999999999e-01,0,3.2379693178495597e+00,2.1531059159476529e+00,1.0845910587501499e+00,2.6207281103434408e+00,1.7033660647174469e+00,9.1209224911231290e-01,2.1088846189000000e-25,6.9780017285631490e-02,1.0466122786463437e+00,0.0000000000000000e+00
15,1.4999999999999999e-01,1,-3.2229544971942690e+00,-2.0931401869330659e+00,-1.0995684444176745e+00,-2.5204339859663945e+00,-1.3040456550182418e+00,-1.0116435830119577e+00,2.1088846189000000e-25,5.9742155894440763e-02,1.0461391184450541e+00,0.0000000000000000e+00
16,1.6000000000000000e-01,0,3.2648218049485886e+00,2.1705633377409113e+00,1.0939302099878152e+00,2.7487071096226376e+00,1.7873823778990650e+00,9.5539766138798121e-01,2.1088846189000000e-25,7.6765711941382084e-02,1.0399189257598747e+00,0.0000000000000000e+00
16,1.6000000000000000e-01,1,-3.2488038522404343e+00,-2.1066048438454441e+00,-1.1099028184824653e+00,-2.6483736819955079e+00,-1.3881523628714700e+00,-1.0548891832932026e+00,2.1088846189000000e-25,6.6173438099288551e-02,1.0394145306154170e+00,0.0000000000000000e+00
17,1.7000000000000001e-01,0,3.2929434600420127e+00,2.1888535635056341e+00,1.1036990119779095e+00,2.8745353009597712e+00,1.8699113682263391e+00,9.9801254342899659e-01,2.1088846189000000e-25,8.3957505617463485e-02,1.0330146352938894e+00,0.0000000000000000e+00
17,1.7000000000000001e-01,1,-3.2759219708341791e+00,-2.1209032341904952e+00,-1.1206662280835384e+00,-2.7741603063991276e+00,-1.4707767874114892e+00,-1.0974408707898602e+00,2.1088846189000000e-25,7.2820537749246225e-02,1.0324790448687868e+00,0.0000000000000000e+00
18,1.8000000000000002e-01,0,3.3223125109677842e+00,2.2079615651054381e+00,1.1138904608563951e+00,2.9981636714369739e+00,1.9509245738978198e+00,1.0399184588271237e+00,2.1088846189000000e-25,9.1335782937094129e-02,1.0259189324232276e+00,0.0000000000000000e+00
18,1.8000000000000002e-01,1,-3.3042870583684167e+00,-2.1360203795936736e+00,-1.1318516358982624e+00,-2.8977448846326732e+00,-1.5518903383605474e+00,-1.1392802832022368e+00,2.1088846189000000e-25,7.9664028765090017e-02,1.0253521872831077e+00,0.0000000000000000e+00
19,1.9000000000000003e-01,0,3.3529067334707525e+00,2.2278720549835906e+00,1.1244973811544519e+00,3.1195507021903639e+00,2.0303984858729942e+00,1.0810994909644311e+00,2.1088846189000000e-25,9.8881220779614504e-02,1.0186510656591570e+00,0.0000000000000000e+00
19,1.9000000000000003e-01,1,-3.3338768685268323e+00,-2.1519410409577060e+00,-1.1434518337475832e+00,-3.0190859361656175e+00,-1.6314693749377753e+00,-1.1803915793309372e+00,2.1088846189000000e-25,8.6684744519993917e-02,1.0180532074707715e+00,0.0000000000000000e+00
20,2.0000000000000004e-01,0,3.3847035250115916e+00,2.2485695348228978e+00,1.1355124506756835e+00,3.2386621226237007e+00,2.1083143624728571e+00,1.1215421718262555e+00,2.1088846189000000e-25,1.0657488428156163e-01,1.0112299102342117e+00,0.0000000000000000e+00
20,2.0000000000000004e-01,1,-3.3646687770917287e+00,-2.1686497670924294e+00,-1.1554594674848813e+00,-3.1381492286572441e+00,-1.7094950210292514e+00,-1.2207613676387377e+00,2.1088846189000000e-25,9.3863875051303530e-02,1.0106009819694866e+00,0.0000000000000000e+00
21,2.1000000000000005e-01,0,3.4176799759232264e+00,2.2700383422330477e+00,1.1469282245909769e+00,3.3554706288637206e+00,2.1846580224082879e+00,1.1612353977628815e+00,2.1088846189000000e-25,1.1439831192969542e-01,1.0036738823422835e+00,0.0000000000000000e+00
21,2.1000000000000005e-01,1,-3.3966398530999773e+00,-2.1861309413782912e+00,-1.1678670611003581e+00,-3.2549074961810383e+00,-1.7859529586340281e+00,-1.2603786217057196e+00,2.1088846189000000e-25,1.0118305349777310e-01,1.0030139284872541e+00,0.0000000000000000e+00
22,2.2000000000000006e-01,0,3.4518129375888655e+00,2.2922626952710639e+00,1.1587371586309410e+00,3.4699555725416373e+00,2.2594196203215331e+00,1.2001703342136500e+00,2.1088846189000000e-25,1.2233358968290599e-01,9.9600086430386170e-01,0.0000000000000000e+00
22,2.2000000000000006e-01,1,-3.4297669270153497e+00,-2.2043688262651098e+00,-1.1806670399189956e+00,-3.3693401277780128e+00,-1.8608332037970414e+00,-1.2992345846588431e+00,2.1088846189000000e-25,1.0862443168173035e-01,9.9530993107129551e-01,0.0000000000000000e+00
23,2.3000000000000007e-01,0,3.4870790873740587e+00,2.3152267346394786e+00,1.1709316312752496e+00,3.5821026258477042e+00,2.3325934087931497e+00,1.2383403113819509e+00,2.1088846189000000e-25,1.3036341425087544e-01,9.8822814053615904e-01,0.0000000000000000e+00
23,2.3000000000000007e-01,1,-3.4640266556555379e+00,-2.2233476054542320e+00,-1.1938517527935348e+00,-3.4814328324477990e+00,-1.9341298690845057e+00,-1.3373226646204974e+00,2.1088846189000000e-25,1.1617074494893025e-01,9.8750627608078545e-01,0.0000000000000000e+00
24,2.4000000000000007e-01,0,3.5234549901058196e+00,2.3389145634469273e+00,1.1835039648585799e+00,3.6919034286160053e+00,2.4041774906042952e+00,1.2757407128043863e+00,2.1088846189000000e-25,1.3847114582686676e-01,9.8037234404478701e-01,0.0000000000000000e+00
24,2.4000000000000007e-01,1,-3.4993955836643060e+00,-2.2430514236468002e+00,-1.2074134932114056e+00,-3.5911772861055979e+00,-2.0058409162410347e+00,-1.3746383230418835e+00,2.1088846189000000e-25,1.2380536652468509e-01,9.7961959868006165e-01,0.0000000000000000e+00
25,2.5000000000000006e-01,0,3.5609171559463788e+00,2.3633102844515648e+00,1.1964464455313373e+00,3.7993552227856524e+00,2.4741735647399263e+00,1.3123688586354760e+00,2.1088846189000000e-25,1.4664085070547142e-01,9.7244941301615540e-01,0.0000000000000000e+00
25,2.5000000000000006e-01,1,-3.5358502013776500e+00,-2.2634644237790531e+00,-1.2213445192543726e+00,-3.6985707659364055e+00,-2.0759679025681086e+00,-1.4111789577722351e+00,2.1088846189000000e-25,1.3151235179898552e-01,9.7166583943155604e-01,0.0000000000000000e+00
26,2.6000000000000006e-01,0,3.5994420945615326e+00,2.3883980347417255e+00,1.2097513420312893e+00,3.9044604791731081e+00,2.5425866693194066e+00,1.3482238853444879e+00,2.1088846189000000e-25,1.5485733432648768e-01,9.6447455697892592e-01,0.0000000000000000e+00
26,2.6000000000000006e-01,1,-3.5733669989830341e+00,-2.2845707816981622e+00,-1.2356370723668502e+00,-3.8036157770386883e+00,-2.1445157241823058e+00,-1.4469437825461224e+00,2.1088846189000000e-25,1.3927647305761756e-01,9.6366021045681638e-01,0.0000000000000000e+00
27,2.7000000000000007e-01,0,3.6390063655298408e+00,2.4141620178379526e+00,1.2234109232382269e+00,4.0072265210068103e+00,2.6094249242993612e+00,1.3833066233693956e+00,2.1088846189000000e-25,1.6310616536830125e-01,9.5646223191730462e-01,0.0000000000000000e+00
27,2.7000000000000007e-01,1,-3.6119225169184239e+00,-2.3063547382626988e+00,-1.2502833949052949e+00,-3.9063196758595171e+00,-2.2114923590310727e+00,-1.4819337044512553e+00,2.1088846189000000e-25,1.4708324526719566e-01,9.5561717054847017e-01,0.0000000000000000e+00
28,2.8000000000000008e-01,0,3.6795866249816687e+00,2.4405865332277124e+00,1.2374174744986770e+00,4.1076651482206445e+00,2.6746992764759687e+00,1.4176194741286934e+00,2.1088846189000000e-25,1.7137369157622903e-01,9.4842612365711521e-01,0.0000000000000000e+00
28,2.8000000000000008e-01,1,-3.6514933925002246e+00,-2.3288006288787835e+00,-1.2652757464558755e+00,-4.0066942944344435e+00,-2.2769086122043318e+00,-1.5161512007831570e+00,2.1088846189000000e-25,1.5491894358439387e-01,9.4755040855413220e-01,0.0000000000000000e+00
29,2.9000000000000009e-01,0,3.7211596684942534e+00,2.4676560033674719e+00,1.2517633127208005e+00,4.2057922660287144e+00,2.7384232489881195e+00,1.4511662876386136e+00,2.1088846189000000e-25,1.7964704805109585e-01,9.4037913880548030e-01,0.0000000000000000e+00
29,2.9000000000000009e-01,1,-3.6920564028071126e+00,-2.3518929105067858e+00,-1.2806064189209583e+00,-4.1047555689116173e+00,-2.3407778657163285e+00,-1.5496001965192503e+00,2.1088846189000000e-25,1.6277061329703169e-01,9.3947283431315942e-01,0.0000000000000000e+00
30,3.0000000000000010e-01,0,3.7637024703022424e+00,2.4953549982074752e+00,1.2664408002514491e+00,4.3016275208403432e+00,2.8006126972081438e+00,1.4839522418316504e+00,2.1088846189000000e-25,1.8791415874453576e-01,9.3233340250424535e-01,0.0000000000000000e+00
30,3.0000000000000010e-01,1,-3.7335885038784569e+00,-2.3756161861931107e+00,-1.2962677503862603e+00,-4.2005231753931573e+00,-2.4031158346284145e+00,-1.5822859434990719e+00,2.1088846189000000e-25,1.7062607292867041e-01,9.3139657640643669e-01,0.0000000000000000e+00
31,3.1000000000000011e-01,0,3.8071922189110601e+00,2.5236682573116349e+00,1.2814423575574334e+00,4.3951939461183791e+00,2.8612855726008788e+00,1.5159837245213501e+00,2.1088846189000000e-25,1.9616373191165118e-01,9.2430026225322459e-01,0.0000000000000000e+00
31,3.1000000000000011e-01,1,-3.7760668663149759e+00,-2.3999552271993543e+00,-1.3122521377909395e+00,-4.2940201757391812e+00,-2.4639403311210675e+00,-1.6142149022700429e+00,2.1088846189000000e-25,1.7847391124993303e-01,9.2333298597533986e-01,0.0000000000000000e+00
32,3.2000000000000012e-01,0,3.8516063492246100e+00,2.5525807096594924e+00,1.2967604747418762e+00,4.4865176202396597e+00,2.9204616957706886e+00,1.5472682187759657e+00,2.1088846189000000e-25,2.0438525025168305e-01,9.1629029706957787e-01,0.0000000000000000e+00
32,3.2000000000000012e-01,1,-3.8194689073932406e+00,-2.4248949928155321e+00,-1.3285520484316613e+00,-4.3852726754348836e+00,-2.5232710377642253e+00,-1.6453946273746136e+00,2.1088846189000000e-25,1.8630347892282254e-01,9.1529264587624604e-01,0.0000000000000000e+00
33,3.3000000000000013e-01,0,3.8969225713158528e+00,2.5820774912270483e+00,1.3123877219329529e+00,4.5756273381375321e+00,2.9781625397331934e+00,1.5778141923691986e+00,2.1088846189000000e-25,2.1256895645615950e-01,9.0831333127197911e-01,0.0000000000000000e+00
33,3.3000000000000013e-01,1,-3.8637723198236738e+00,-2.4504206479546391e+00,-1.3451600303384319e+00,-4.4743094951809708e+00,-2.5811292909465484e+00,-1.6758336567055023e+00,2.1088846189000000e-25,1.9410487548065494e-01,9.0728538445932849e-01,0.0000000000000000e+00
34,3.4000000000000014e-01,0,3.9431188959873600e+00,2.6121439604541563e+00,1.3283167585892601e+00,4.6625542980277030e+00,3.0344110241355966e+00,1.6076309918134513e+00,2.1088846189000000e-25,2.2070583484386566e-01,9.0037845220933066e-01,0.0000000000000000e+00
34,3.4000000000000014e-01,1,-3.9089550972968601e+00,-2.4765175786344633e+00,-1.3620687215657712e+00,-4.5611618575845707e+00,-2.6375378752383343e+00,-1.7055414054597759e+00,2.1088846189000000e-25,2.0186893232407066e-01,8.9932029329141205e-01,0.0000000000000000e+00
35,3.5000000000000014e-01,0,3.9901736572764066e+00,2.6427657117097603e+00,1.3445403417692219e+00,4.7473318041772190e+00,3.0892313209293798e+00,1.6367287413634730e+00,2.1088846189000000e-25,2.2878758972319066e-01,8.9249403129254778e-01,0.0000000000000000e+00
35,3.5000000000000014e-01,1,-3.9549955569753652e+00,-2.5031714054594061e+00,-1.3792708584476272e+00,-4.6458630899694118e+00,-2.6925208292314200e+00,-1.7345280650993229e+00,2.1088846189000000e-25,2.0958719237582929e-01,8.9140574818150653e-01,0.0000000000000000e+00
36,3.6000000000000015e-01,0,4.0380655320709042e+00,2.6739285868727438e+00,1.3610513334165295e+00,4.8299949865431557e+00,3.1426486719180344e+00,1.6651182473302344e+00,2.1088846189000000e-25,2.3680662109572154e-01,8.8466774773128398e-01,0.0000000000000000e+00
36,3.6000000000000015e-01,1,-4.0018723590962484e+00,-2.5303679952190921e+00,-1.3967592828677575e+00,-4.7284483439447484e+00,-2.7461032631574147e+00,-1.7628045075934977e+00,2.1088846189000000e-25,2.1725188698866288e-01,8.8354943291092403e-01,0.0000000000000000e+00
37,3.7000000000000016e-01,0,4.0867735570072696e+00,2.7056186851481208e+00,1.3778427067158265e+00,4.9105805374450187e+00,3.1946892181718751e+00,1.6928109078179274e+00,2.1088846189000000e-25,2.4475599823118188e-01,8.7690661442452200e-01,0.0000000000000000e+00
37,3.7000000000000016e-01,1,-4.0495645238542606e+00,-2.5580934707225542e+00,-1.4145269485994971e+00,-4.8089543321419450e+00,-2.7983111884397713e+00,-1.7903821951388528e+00,2.1088846189000000e-25,2.2485591065828944e-01,8.7575836511693761e-01,0.0000000000000000e+00
38,3.8000000000000017e-01,0,4.1362771428198037e+00,2.7378223712361809e+00,1.3949075515728881e+00,4.9891264655359695e+00,3.2453798413780324e+00,1.7198186280268861e+00,2.1088846189000000e-25,2.5262943162655010e-01,8.6921700550296899e-01,0.0000000000000000e+00
38,3.8000000000000017e-01,1,-4.0980514457390873e+00,-2.5863342189878873e+00,-1.4325669267705345e+00,-4.8874190822135519e+00,-2.8491713591380394e+00,-1.8172730954401601e+00,2.1088846189000000e-25,2.3239279403888838e-01,8.6803892382801739e-01,0.0000000000000000e+00
39,3.9000000000000018e-01,0,4.1865560863179878e+00,2.7705262819756813e+00,1.4122390792763642e+00,5.0656718670699563e+00,3.2947480170251260e+00,1.7461537411707078e+00,2.1088846189000000e-25,2.6042124380803883e-01,8.6160468507012622e-01,0.0000000000000000e+00
39,3.9000000000000018e-01,1,-4.1473129054985307e+00,-2.6150768979053152e+00,-1.4508724105083002e+00,-4.9638817080490982e+00,-2.8987111251569155e+00,-1.8434896025859733e+00,2.1088846189000000e-25,2.3985667571559532e-01,8.6039687819749644e-01,0.0000000000000000e+00
40,4.0000000000000019e-01,0,4.2375905801612026e+00,2.8037173315766832e+00,1.4298306263963021e+00,5.1402567141080153e+00,3.3428216790971947e+00,1.7718289349322114e+00,2.1088846189000000e-25,2.6812633936776387e-01,8.5407483673785156e-01,0.0000000000000000e+00
40,4.0000000000000019e-01,1,-4.1973290799000686e+00,-2.6443084414910256e+00,-1.4694367188222539e+00,-5.0383821980456824e+00,-2.9469582970230026e+00,-1.8690444635092922e+00,2.1088846189000000e-25,2.4724227314652317e-01,8.5283741703155824e-01,0.0000000000000000e+00
41,4.1000000000000020e-01,0,4.2893612206001484e+00,2.8373827155576250e+00,1.4476756579750083e+00,5.2129216593516601e+00,3.3896290959902995e+00,1.7968571833935061e+00,2.1088846189000000e-25,2.7574017459821404e-01,8.4663209359938341e-01,0.0000000000000000e+00
41,4.1000000000000020e-01,1,-4.2480805494594440e+00,-2.6740160638457753e+00,-1.4882532997784859e+00,-5.1109612199505374e+00,-2.9939410218341025e+00,-1.8939507099092625e+00,2.1088846189000000e-25,2.5454485312319114e-01,8.4536517875454931e-01,0.0000000000000000e+00
42,4.2000000000000021e-01,0,4.3418490133482353e+00,2.8715099134964897e+00,1.4657677700641722e+00,5.2837078570653242e+00,3.4351987572244513e+00,1.8212516842950170e+00,2.1088846189000000e-25,2.8325872703161209e-01,8.3928056832827047e-01,0.0000000000000000e+00
42,4.2000000000000021e-01,1,-4.2995483042990799e+00,-2.7041872619277081e+00,-1.5073157330204390e+00,-5.1816599418649281e+00,-3.0396876700365585e+00,-1.9182215955323152e+00,2.1088846189000000e-25,2.6176020207167894e-01,8.3798428150008042e-01,0.0000000000000000e+00
43,4.3000000000000022e-01,0,4.3950353777414541e+00,2.9060866907021143e+00,1.4841006916609085e+00,5.3526567995317871e+00,3.4795592705201273e+00,1.8450258014681309e+00,2.1088846189000000e-25,2.9067846515631590e-01,8.3202388313404008e-01,0.0000000000000000e+00
43,4.3000000000000022e-01,1,-4.3517137482967430e+00,-2.7348098172465067e+00,-1.5266177316891323e+00,-5.2505198687164096e+00,-3.0842267325138284e+00,-1.9418705386094046e+00,2.1088846189000000e-25,2.6888459645593710e-01,8.3069835305881090e-01,0.0000000000000000e+00
44,4.4000000000000022e-01,0,4.4489021493388714e+00,2.9411010989068922e+00,1.5026682860935348e+00,5.4198101683424511e+00,3.5227392687226988e+00,1.8681930122342583e+00,2.1088846189000000e-25,2.9799631853524827e-01,8.2486519934567304e-01,0.0000000000000000e+00
44,4.4000000000000022e-01,1,-4.4045587016734080e+00,-2.7658717965779847e+00,-1.5461531437926272e+00,-5.3175826935262389e+00,-3.1275867274874916e+00,-1.9649110692499983e+00,2.1088846189000000e-25,2.7591477351359733e-01,8.2351056045396298e-01,0.0000000000000000e+00
45,4.5000000000000023e-01,0,4.5034315811083037e+00,2.9765414760765685e+00,1.5214645519055938e+00,5.4852096998259823e+00,3.5647673260666801e+00,1.8907668595600247e+00,2.1088846189000000e-25,3.0520964852025040e-01,8.1780724643032243e-01,0.0000000000000000e+00
45,4.5000000000000023e-01,1,-4.4580654021672679e+00,-2.7973615517962567e+00,-1.5659159530741324e+00,-5.3828901629121670e+00,-3.1697961168090623e+00,-1.9873567816302611e+00,2.1088846189000000e-25,2.8284790253565217e-01,8.1642363895206216e-01,0.0000000000000000e+00
46,4.6000000000000024e-01,0,4.5586063433353905e+00,3.0123964454282257e+00,1.5404836232847352e+00,5.5488970637544250e+00,3.6056718831700163e+00,1.9127609086993198e+00,2.1088846189000000e-25,3.1231621970836931e-01,8.1085235028834224e-01,0.0000000000000000e+00
46,4.6000000000000024e-01,1,-4.5122165049316516e+00,-2.8292677189141662e+00,-1.5859002794252326e+00,-5.4464839558872624e+00,-3.2108832309878861e+00,-2.0092212906769089e+00,2.1088846189000000e-25,2.8968155683258662e-01,8.0943992034998713e-01,0.0000000000000000e+00
47,4.7000000000000025e-01,0,4.6144095223833910e+00,3.0486549137399686e+00,1.5597197700795802e+00,5.6109137546700447e+00,3.6454811802900355e+00,1.9341887081187235e+00,2.1088846189000000e-25,3.1931417228032771e-01,8.0400246069635550e-01,0.0000000000000000e+00
47,4.7000000000000025e-01,1,-4.5669950812850129e+00,-2.8615792164160143e+00,-1.6061003788876707e+00,-5.5084055751877692e+00,-3.2508762024145268e+00,-2.0305181930057272e+00,2.1088846189000000e-25,2.9641368651830263e-01,8.0256136041008730e-01,0.0000000000000000e+00
48,4.8000000000000026e-01,0,4.6708246184287905e+00,3.0853060690340266e+00,1.5791673974471097e+00,5.6713009950714364e+00,3.6842231983091853e+00,1.9550637544645943e+00,2.1088846189000000e-25,3.2620199532433597e-01,7.9725917779679090e-01,0.0000000000000000e+00
48,4.8000000000000026e-01,1,-4.6223846164354061e+00,-2.8942852429624564e+00,-1.6265106432853471e+00,-5.5686962504711852e+00,-3.2898029063123571e+00,-2.0512610319090281e+00,2.1088846189000000e-25,3.0304259222893881e-01,7.9578956534177869e-01,0.0000000000000000e+00
49,4.9000000000000027e-01,0,4.7278355422848195e+00,3.1223393777061523e+00,1.5988210451688720e+00,5.7300996494994081e+00,3.7219256067930075e+00,1.9753994612606025e+00,2.1088846189000000e-25,3.3297850120107514e-01,7.9062377755675695e-01,0.0000000000000000e+00
49,4.9000000000000027e-01,1,-4.6783690062944361e+00,-2.9273752745422614e+00,-1.6471255995258511e+00,-5.6273968524827112e+00,-3.3276909088028637e+00,-2.0714632660983039e+00,2.1088846189000000e-25,3.0956689984345953e-01,7.8912581725254372e-01,0.0000000000000000e+00
50,5.0000000000000022e-01,0,4.7854266114187789e+00,3.1597445811698863e+00,1.6186753866723218e+00,5.7873501488745474e+00,3.7586157186734002e+00,1.9952091311272777e+00,2.1088846189000000e-25,3.3964280101810823e-01,7.8409723614047566e-01,0.0000000000000000e+00
50,5.0000000000000022e-01,1,-4.7349325534850601e+00,-2.9608390611385138e+00,-1.6679399086073132e+00,-5.6845478174575392e+00,-3.3645674215812700e+00,-2.0911382419653908e+00,2.1088846189000000e-25,3.1598553626817844e-01,7.8257109851254691e-01,0.0000000000000000e+00
51,5.1000000000000023e-01,0,4.8435825452623105e+00,3.1975116920796198e+00,1.6387252277914175e+00,5.8430924243419025e+00,3.7943204510506758e+00,2.0145059312804459e+00,2.1088846189000000e-25,3.4619428125105023e-01,7.7768025315774891e-01,0.0000000000000000e+00
51,5.1000000000000023e-01,1,-4.7920599626435871e+00,-2.9946666229738872e+00,-1.6889483643651588e+00,-5.7401890810143499e+00,-3.4004592626962098e+00,-2.1102991691188699e+00,2.1088846189000000e-25,3.2229770632571497e-01,7.7612611499537310e-01,0.0000000000000000e+00
52,5.2000000000000024e-01,0,4.9022884599056171e+00,3.2356309901908995e+00,1.6589655052979306e+00,5.8973658498517674e+00,3.8290662915939864e+00,2.0333028720546467e+00,2.1088846189000000e-25,3.5263258152687704e-01,7.7137327376723497e-01,0.0000000000000000e+00
52,5.2000000000000024e-01,1,-4.8497363351053471e+00,-3.0288482463924384e+00,-1.7101458919896904e+00,-5.7943600207426007e+00,-3.4353928228986583e+00,-2.1289590989316411e+00,2.1088846189000000e-25,3.2850287076409479e-01,7.6979131817364965e-01,0.0000000000000000e+00
53,5.3000000000000025e-01,0,4.9615298622593462e+00,3.2740930179114995e+00,1.6793912852325106e+00,5.9502091927929444e+00,3.8628792700806298e+00,2.0516127882255288e+00,2.1088846189000000e-25,3.5895757357790298e-01,7.6517650962687789e-01,0.0000000000000000e+00
53,5.3000000000000025e-01,1,-4.9079471630584388e+00,-3.0633744794318605e+00,-1.7315275463437916e+00,-5.8470994069027649e+00,-3.4693940371649674e+00,-2.1471309059098433e+00,2.1088846189000000e-25,3.3460072540910363e-01,7.6356692606191900e-01,0.0000000000000000e+00
54,5.4000000000000026e-01,0,5.0212926437614760e+00,3.3128885755925124e+00,1.6999977610624413e+00,6.0016605719435239e+00,3.8957849345837960e+00,2.0694483228863390e+00,2.1088846189000000e-25,3.6516934135350282e-01,7.5908995869539753e-01,0.0000000000000000e+00
54,5.4000000000000026e-01,1,-4.9666783232434026e+00,-3.0982361271357379e+00,-1.7530885101078872e+00,-5.8984453604351632e+00,-3.5024883608628286e+00,-2.1648272716127273e+00,2.1088846189000000e-25,3.4059118144265677e-01,7.5745294301068178e-01,0.0000000000000000e+00
55,5.5000000000000027e-01,0,5.0815630736982165e+00,3.3520087166031756e+00,1.7207802516902373e+00,6.0517574222030150e+00,3.9278083319518324e+00,2.0868219136996728e+00,2.1088846189000000e-25,3.7126816228683734e-01,7.5311342389869629e-01,0.0000000000000000e+00
55,5.5000000000000027e-01,1,-5.0259160702671428e+00,-3.1334242466491173e+00,-1.7748240917760463e+00,-5.9484353177337104e+00,-3.5347007501954439e+00,-2.1820606709432449e+00,2.1088846189000000e-25,3.4647434680573685e-01,7.5144917836546476e-01,0.0000000000000000e+00
56,5.6000000000000028e-01,0,5.1423277922055357e+00,3.3914447422315490e+00,1.7417341993364346e+00,6.1005364654562451e+00,3.9589739921494140e+00,2.1037457813061495e+00,2.1088846189000000e-25,3.7725448968837688e-01,7.4724653068255453e-01,0.0000000000000000e+00
56,5.6000000000000028e-01,1,-5.0856470295980776e+00,-3.1689301421396467e+00,-1.7967297235267523e+00,-5.9971060015429067e+00,-3.5660556465012392e+00,-2.1988433605929938e+00,2.1088846189000000e-25,3.5225050870140556e-01,7.4555526401229832e-01,0.0000000000000000e+00
57,5.7000000000000028e-01,0,5.2035738030073411e+00,3.4311881964461639e+00,1.7628551673163602e+00,6.1480336869206775e+00,3.9893059160334086e+00,2.1202319196712072e+00,2.1088846189000000e-25,3.8312893622690952e-01,7.4148874348000560e-01,0.0000000000000000e+00
57,5.7000000000000028e-01,1,-5.1458581902980010e+00,-3.2047453595791420e+00,-1.8188009589879062e+00,-6.0444933973885977e+00,-3.5965769640220220e+00,-2.2151873694421487e+00,2.1088846189000000e-25,3.5792011716849398e-01,7.3977067083798909e-01,0.0000000000000000e+00
58,5.8000000000000029e-01,0,5.2652884659439492e+00,3.4712308605522173e+00,1.7841388377298588e+00,6.1942843166155903e+00,4.0188275663269621e+00,2.1362920882475094e+00,2.1088846189000000e-25,3.8889225848468723e-01,7.3583938112645231e-01,0.0000000000000000e+00
58,5.8000000000000029e-01,1,-5.2065368975458499e+00,-3.2408616814200868e+00,-1.8410334709155953e+00,-6.0906327350628828e+00,-3.6262880808237941e+00,-2.2311044907524504e+00,2.1088846189000000e-25,3.6348376970011309e-01,7.3409472413827914e-01,0.0000000000000000e+00
59,5.9000000000000030e-01,0,5.3274594893396525e+00,3.5115647477727032e+00,1.8055810090813105e+00,6.2393228153127378e+00,4.0475618613727606e+00,2.1519378057353071e+00,2.1088846189000000e-25,3.9454534253090190e-01,7.3029763125977643e-01,0.0000000000000000e+00
59,5.9000000000000030e-01,1,-5.2676708449992589e+00,-3.2772711211956178e+00,-1.8634230488029553e+00,-6.1355584746153635e+00,-3.6552118325140417e+00,-2.2466062759662320e+00,2.1088846189000000e-25,3.6894219686490132e-01,7.2852661801110385e-01,0.0000000000000000e+00
60,6.0000000000000031e-01,0,5.3900749222502045e+00,3.5521820977796725e+00,1.8271775938445649e+00,6.2831828645552292e+00,4.0755311713969373e+00,2.1671803452995739e+00,2.1088846189000000e-25,4.0008919047830022e-01,7.2486256374557456e-01,0.0000000000000000e+00
60,6.0000000000000031e-01,1,-5.3292480670381570e+00,-3.3139659180703678e+00,-1.8859655964349200e+00,-6.1793042964464560e+00,-3.6833705084913362e+00,-2.2617040299739650e+00,2.1088846189000000e-25,3.7429624889881580e-01,7.2306542877513436e-01,0.0000000000000000e+00
61,6.1000000000000032e-01,0,5.4531231466307579e+00,3.5930753712006420e+00,1.8489246159873018e+00,6.3258973603327782e+00,4.1027573170169687e+00,2.1820307311027047e+00,2.1088846189000000e-25,4.0552490798197172e-01,7.1953314316965800e-01,0.0000000000000000e+00
61,6.1000000000000032e-01,1,-5.3912569309281881e+00,-3.3509385313654443e+00,-1.9086571294024346e+00,-6.2219030950053789e+00,-3.7107858504068836e+00,-2.2764088076790534e+00,2.1088846189000000e-25,3.7954688321794205e-01,7.1771012745570673e-01,0.0000000000000000e+00
62,6.2000000000000033e-01,0,5.5165928694568604e+00,3.6342372441200119e+00,1.8708182084666189e+00,6.3674984099576504e+00,4.1292615696985857e+00,2.1964997359963587e+00,2.1088846189000000e-25,4.1085369262832577e-01,7.1430824044136487e-01,0.0000000000000000e+00
62,6.2000000000000033e-01,1,-5.4536861289382648e+00,-3.3881816350785057e+00,-1.9314937725885011e+00,-6.2633869757306293e+00,-3.7374790526036796e+00,-2.2907314117355377e+00,2.1088846189000000e-25,3.8469515281363337e-01,7.1245959138171056e-01,0.0000000000000000e+00
63,6.3000000000000034e-01,0,5.5804731148299114e+00,3.6756606025946135e+00,1.8928546107072290e+00,6.4080173319192602e+00,4.1550646540212011e+00,2.2105978802949262e+00,2.1088846189000000e-25,4.1607682318764344e-01,7.0918664355179961e-01,0.0000000000000000e+00
63,6.3000000000000034e-01,1,-5.5165246704428004e+00,-3.4256881124175180e+00,-1.9544717576371453e+00,-6.3037872549011897e+00,-3.7634707643193259e+00,-2.3046823913444472e+00,2.1088846189000000e-25,3.8974219549069122e-01,7.0731261493754405e-01,0.0000000000000000e+00
64,6.4000000000000035e-01,0,5.6447532160952454e+00,3.7173385372004355e+00,1.9150301660725175e+00,6.4474846581883485e+00,4.1801867514093498e+00,2.2243354314487935e+00,2.1088846189000000e-25,4.2119564966032275e-01,7.0416706753121983e-01,0.0000000000000000e+00
64,6.4000000000000035e-01,1,-5.5797618740362882e+00,-3.4634510503648919e+00,-1.9775874204153900e+00,-6.3431344620212977e+00,-3.7887810934118340e+00,-2.3182720419777900e+00,2.1088846189000000e-25,3.9468922389989841e-01,7.0226791951434941e-01,0.0000000000000000e+00
65,6.5000000000000036e-01,0,5.7094228079936773e+00,3.7592643376228003e+00,1.9373413193362050e+00,6.4859301387757231e+00,4.2046475052079320e+00,2.2377224045486948e+00,2.1088846189000000e-25,4.2621158408637594e-01,6.9924816364968656e-01,0.0000000000000000e+00
65,6.5000000000000036e-01,1,-5.6433873596832260e+00,-3.5014637342857546e+00,-2.0008371984767015e+00,-6.3814583444336206e+00,-3.8134296114137598e+00,-2.3315104059240652e+00,2.1088846189000000e-25,3.9953751632171564e-01,6.9732416270467579e-01,0.0000000000000000e+00
66,6.6000000000000036e-01,0,5.7744718188707598e+00,3.8014314873045945e+00,1.9597846141634916e+00,6.5233827483128639e+00,4.2284660269544689e+00,2.2507685635795069e+00,2.1088846189000000e-25,4.3112609208069497e-01,6.9442852790413634e-01,0.0000000000000000e+00
66,6.6000000000000036e-01,1,-5.7073910409249597e+00,-3.5397196425931670e+00,-2.0242176285338718e+00,-6.4187878739115991e+00,-3.8374353597557875e+00,-2.3444072735685282e+00,2.1088846189000000e-25,4.0428840816231837e-01,6.9247994678369196e-01,0.0000000000000000e+00
67,6.7000000000000037e-01,0,5.8398904629599349e+00,3.8438336581618899e+00,1.9823566906077952e+00,6.5598706942587874e+00,4.2516609035941793e+00,2.2634834232865773e+00,2.1088846189000000e-25,4.3594068503285560e-01,6.8970670883428931e-01,0.0000000000000000e+00
67,6.7000000000000037e-01,1,-5.7717631171614574e+00,-3.5782124414808703e+00,-2.0477253439480725e+00,-6.4551512549021481e+00,-3.8608168569525896e+00,-2.3569721852927352e+00,2.1088846189000000e-25,4.0894328411092851e-01,6.8773382651939052e-01,0.0000000000000000e+00
68,6.8000000000000038e-01,0,5.9056692327559350e+00,3.8864647053764778e+00,2.0050542826292235e+00,6.5954214266184499e+00,4.2742502055687730e+00,2.2758762516128690e+00,2.1088846189000000e-25,4.4065691294517417e-01,6.8508121470855032e-01,0.0000000000000000e+00
68,6.8000000000000038e-01,1,-5.8364940660230022e+00,-3.6169359797322187e+00,-2.0713570722397270e+00,-6.4905759342797378e+00,-3.8835921066623516e+00,-2.3692144339448458e+00,2.1088846189000000e-25,4.1350357092947865e-01,6.8308431635291988e-01,0.0000000000000000e+00
69,6.9000000000000039e-01,0,5.9717988914923037e+00,3.9293186622732654e+00,2.0278742156400527e+00,6.6300616489319335e+00,4.2962514956268736e+00,2.2879560726224262e+00,2.1088846189000000e-25,4.4527635786496322e-01,6.8055052011958272e-01,0.0000000000000000e+00
69,6.9000000000000039e-01,1,-5.9015746358470516e+00,-3.6558842836141170e+00,-2.0951096326269694e+00,-6.5250886123793643e+00,-3.9057786064739912e+00,-2.3811430677987087e+00,2.1088846189000000e-25,4.1797073083266784e-01,6.7852989698874555e-01,0.0000000000000000e+00
70,7.0000000000000040e-01,0,6.0382704657345734e+00,3.9723897352890156e+00,2.0508134040816719e+00,6.6638173303063173e+00,4.3176818382120077e+00,2.2997316698300270e+00,2.1088846189000000e-25,4.4980062786728009e-01,6.7611307202787052e-01,0.0000000000000000e+00
70,7.0000000000000040e-01,1,-5.9669958382705897e+00,-3.6950515518616984e+00,-2.1189799335957011e+00,-6.5587152550883534e+00,-3.9273933572846298e+00,-2.3927668939238158e+00,2.1088846189000000e-25,4.2234625541680498e-01,6.7406902143293845e-01,0.0000000000000000e+00
71,7.1000000000000041e-01,0,6.1050752380984292e+00,4.0156722990375053e+00,2.0738688490366535e+00,6.6967137183522869e+00,4.3385578093434454e+00,2.3112115898875061e+00,2.1088846189000000e-25,4.5423135155564637e-01,6.7176729528988488e-01,0.0000000000000000e+00
71,7.1000000000000041e-01,1,-6.0327489409488191e+00,-3.7344321507598095e+00,-2.1429649705054459e+00,-6.5914811067736911e+00,-3.9484528731284558e+00,-2.4040944818867822e+00,2.1088846189000000e-25,4.2663166009439790e-01,6.6970012051622851e-01,0.0000000000000000e+00
72,7.2000000000000042e-01,0,6.1722047401016189e+00,4.0591608914758837e+00,2.0970376358794223e+00,6.7287753528855925e+00,4.3588955069036954e+00,2.3224041465765914e+00,2.1088846189000000e-25,4.5857017304748843e-01,6.6751159770591784e-01,0.0000000000000000e+00
72,7.2000000000000042e-01,1,-6.0988254604060632e+00,-3.7740206093242672e+00,-2.1670618232334369e+00,-6.6234107040424792e+00,-3.9689731914552953e+00,-2.4151341677832967e+00,2.1088846189000000e-25,4.3082847901945759e-01,6.6542160793684546e-01,0.0000000000000000e+00
73,7.3000000000000043e-01,0,6.2396507451561405e+00,4.1028502091755792e+00,2.1203169319681852e+00,6.7600260801870879e+00,4.3787105612026247e+00,2.3333174250356516e+00,2.1088846189000000e-25,4.6281874740157175e-01,6.6334437462070617e-01,0.0000000000000000e+00
73,7.3000000000000043e-01,1,-6.1652171550296684e+00,-3.8138116145889152e+00,-2.1912676538611118e+00,-6.6545278900769276e+00,-3.9889698836990668e+00,-2.4258940585082946e+00,2.1088846189000000e-25,4.3493826045519740e-01,6.6123188485633022e-01,0.0000000000000000e+00
74,7.4000000000000044e-01,0,6.3074052617053606e+00,4.1467351026999362e+00,2.1437039843801351e+00,6.7904890678314258e+00,4.3980181458302399e+00,2.3439592862212977e+00,2.1088846189000000e-25,4.6697873647393717e-01,6.5926401310863059e-01,0.0000000000000000e+00
74,7.4000000000000044e-01,1,-6.2319160182076017e+00,-3.8538000069982483e+00,-2.2155797044036025e+00,-6.6848558293583205e+00,-4.0084580660218139e+00,-2.4363820361979114e+00,2.1088846189000000e-25,4.3896256254457872e-01,6.5712934408004409e-01,0.0000000000000000e+00
75,7.5000000000000044e-01,0,6.3754605265127697e+00,4.1908105720921833e+00,2.1671961176926109e+00,6.8201868197895079e+00,4.4168329886093680e+00,2.3543373715022722e+00,2.1088846189000000e-25,4.7105180514714418e-01,6.5526889577317682e-01,0.0000000000000000e+00
75,7.5000000000000044e-01,1,-6.2989142716168347e+00,-3.8939807759093514e+00,-2.2399952945850696e+00,-6.7144170229460878e+00,-4.0274524103370632e+00,-2.4466057629015694e+00,2.1088846189000000e-25,4.4290294949044334e-01,6.5311237385207255e-01,0.0000000000000000e+00
76,7.6000000000000045e-01,0,6.4438089981011508e+00,4.2350717624721232e+00,2.1907907318101802e+00,6.8491411918223681e+00,4.4351693826648582e+00,2.3644591073893273e+00,2.1088846189000000e-25,4.7503961792023308e-01,6.5135740418893862e-01,0.0000000000000000e+00
76,7.6000000000000045e-01,1,-6.3662043586665229e+00,-3.9343490552049896e+00,-2.2645118196616338e+00,-6.7432333238591999e+00,-4.0459671553334307e+00,-2.4565726853225538e+00,2.1088846189000000e-25,4.4676098807086773e-01,6.4917936129287002e-01,0.0000000000000000e+00
77,7.7000000000000046e-01,0,6.5124433503492174e+00,4.2795139597454801e+00,2.2144852998403977e+00,6.8773734071371306e+00,4.4530411975947617e+00,2.3743317103889043e+00,2.1088846189000000e-25,4.7894383584093220e-01,6.4752792201273879e-01,0.0000000000000000e+00
77,7.7000000000000046e-01,1,-6.4337789380940187e+00,-3.9749001190160200e+00,-2.2891267482915207e+00,-6.7713259526771852e+00,-4.0640161175723142e+00,-2.4662900396679692e+00,2.1088846189000000e-25,4.5053824449010049e-01,6.4532869550610239e-01,0.0000000000000000e+00
78,7.8000000000000047e-01,0,6.5813564662438937e+00,4.3241325864240183e+00,2.2382773660179587e+00,6.9049040720429282e+00,4.4704618905756330e+00,2.3839621918894460e+00,2.1088846189000000e-25,4.8276611372943473e-01,6.4377883778871881e-01,0.0000000000000000e+00
78,7.8000000000000047e-01,1,-6.5016308777200669e+00,-4.0156293775564365e+00,-2.3138376204549931e+00,-6.7987155133451811e+00,-4.0816127026515048e+00,-2.4757648566016375e+00,2.1088846189000000e-25,4.5423628154877954e-01,6.4155877037964482e-01,0.0000000000000000e+00
79,7.9000000000000048e-01,0,6.6505414317900762e+00,4.3689231975569927e+00,2.2621645436781868e+00,6.9317531917074069e+00,4.4874445174723947e+00,2.3933573631125342e+00,2.1088846189000000e-25,4.8650809769359271e-01,6.4010854747087387e-01,0.0000000000000000e+00
79,7.9000000000000048e-01,1,-6.5697532483609216e+00,-4.0565323730690501e+00,-2.3386420454235535e+00,-6.8254220088738586e+00,-4.0987699162451552e+00,-2.4850039661890877e+00,2.1088846189000000e-25,4.5785665607807752e-01,6.3786798710415982e-01,0.0000000000000000e+00
80,8.0000000000000049e-01,0,6.7199915300780422e+00,4.4138814767734660e+00,2.2861445132802092e+00,6.9579401858508039e+00,4.5040017438496989e+00,2.4025238400715128e+00,2.1088846189000000e-25,4.9017142289918630e-01,6.3651545668493603e-01,0.0000000000000000e+00
80,8.0000000000000049e-01,1,-6.6381393178975436e+00,-4.0976047758813392e+00,-2.3635376997787749e+00,-6.8514648570789136e+00,-4.1155003751111785e+00,-2.4940140028851503e+00,2.1088846189000000e-25,4.6140091664315103e-01,6.3425475643115514e-01,0.0000000000000000e+00
81,8.1000000000000050e-01,0,6.7897002355070928e+00,4.4590032324339868e+00,2.3102150204796166e+00,6.9834839043933172e+00,4.5201458558989254e+00,2.4114680485411424e+00,2.1088846189000000e-25,4.9375771158420412e-01,6.3299798275007169e-01,0.0000000000000000e+00
81,8.1000000000000050e-01,1,-6.7067825455025005e+00,-4.1388423805712744e+00,-2.3885223254812566e+00,-6.8768629062823141e+00,-4.1318163180197054e+00,-2.5028014105355219e+00,2.1088846189000000e-25,4.6487060149230758e-01,6.3071750069101473e-01,0.0000000000000000e+00
82,8.2000000000000051e-01,0,6.8596612081659094e+00,4.5042843938914450e+00,2.3343738742510318e+00,7.0084026429935848e+00,4.5358887712435561e+00,2.4201962290154282e+00,2.1088846189000000e-25,4.9726857129567159e-01,6.2955455647949432e-01,0.0000000000000000e+00
82,8.2000000000000051e-01,1,-6.7756765760231907e+00,-4.1802411022417338e+00,-2.4135937279894857e+00,-6.9016344508528329e+00,-4.1477296165287321e+00,-2.5113724473477386e+00,2.1088846189000000e-25,4.6826723672251014e-01,6.2725465559007909e-01,0.0000000000000000e+00
83,8.3000000000000052e-01,0,6.9298682883669649e+00,4.5497210078588584e+00,2.3586189450599253e+00,7.0327141583798891e+00,4.5512420495616972e+00,2.4287144416185358e+00,2.1088846189000000e-25,5.0070559332274245e-01,6.2618362377786074e-01,0.0000000000000000e+00
83,8.3000000000000052e-01,1,-6.8448152345195572e+00,-4.2217969729018492e+00,-2.4387497744282118e+00,-6.9257972465296378e+00,-4.1632517855740971e+00,-2.5197331908105287e+00,2.1088846189000000e-25,4.7159233464102512e-01,6.2386467180465399e-01,0.0000000000000000e+00
84,8.4000000000000052e-01,0,7.0003154913335068e+00,4.5953092348826790e+00,2.3829481630834026e+00,7.0564356835408528e+00,4.5662169030728093e+00,2.4370285709899737e+00,2.1088846189000000e-25,5.0407035132365330e-01,6.2288364705205446e-01,0.0000000000000000e+00
84,8.4000000000000052e-01,1,-6.9141925209537831e+00,-4.2635061379532164e+00,-2.4639883918056964e+00,-6.9493685256657498e+00,-4.1783939939599763e+00,-2.5278895426093206e+00,2.1088846189000000e-25,4.7484739232993134e-01,6.2054601638853568e-01,0.0000000000000000e+00
85,8.5000000000000053e-01,0,7.0709970020377817e+00,4.6410453459203147e+00,2.4073595164797243e+00,7.0795839426437936e+00,4.5808242068051150e+00,2.4451443310977266e+00,2.1088846189000000e-25,5.0736440011643547e-01,6.1965310645068494e-01,0.0000000000000000e+00
85,8.5000000000000053e-01,1,-6.9838026050328716e+00,-4.3053648527810493e+00,-2.4893075652803982e+00,-6.9723650121809433e+00,-4.1931670746218659e+00,-2.5358472334619915e+00,2.1088846189000000e-25,4.7803389037348148e-01,6.1729717400941131e-01,0.0000000000000000e+00
86,8.6000000000000054e-01,0,7.1419071701863830e+00,4.6869257190187810e+00,2.4318510497053567e+00,7.1021751657263072e+00,4.5950745086763671e+00,2.4530672699935052e+00,2.1088846189000000e-25,5.1058927462892834e-01,6.1649050094679603e-01,0.0000000000000000e+00
86,8.6000000000000054e-01,1,-7.0536398211974012e+00,-4.3473694794456534e+00,-2.5147053364749365e+00,-6.9948029362104558e+00,-4.2075815346554952e+00,-2.5436118278690256e+00,2.1088846189000000e-25,4.8115329173529342e-01,6.1411664802859267e-01,0.0000000000000000e+00
87,8.7000000000000055e-01,0,7.2130405053523079e+00,4.7329468360938414e+00,2.4564208618795944e+00,7.1242251031242878e+00,4.6089780393664759e+00,2.4608027744963166e+00,2.1088846189000000e-25,5.1374648899244657e-01,6.1339434927694392e-01,0.0000000000000000e+00
87,8.7000000000000055e-01,1,-7.1236986637570805e+00,-4.3895164834741589e+00,-2.5401798018377790e+00,-7.0166980486185997e+00,-4.2216475652177596e+00,-2.5511887288373916e+00,2.1088846189000000e-25,4.8420704079819277e-01,6.1100296143725741e-01,0.0000000000000000e+00
88,8.8000000000000056e-01,0,7.2843916722488684e+00,4.7791052798061102e+00,2.4810671051952831e+00,7.1457490395996555e+00,4.6225447219604012e+00,2.4683560747906212e+00,2.1088846189000000e-25,5.1683753576386926e-01,6.1036319074902190e-01,0.0000000000000000e+00
88,8.8000000000000056e-01,1,-7.1939737821697731e+00,-4.4318024307500092e+00,-2.5657291110516840e+00,-7.0380656351170678e+00,-4.2353750511409265e+00,-2.5585831824845151e+00,2.1088846189000000e-25,4.8719656252097726e-01,6.0795465766159151e-01,0.0000000000000000e+00
89,8.9000000000000057e-01,0,7.3559554861443006e+00,4.8253977305330498e+00,2.5057879833754071e+00,7.1667618082070712e+00,4.6357841813893890e+00,2.4757322489513371e+00,2.1088846189000000e-25,5.1986388527234928e-01,6.0739558593026033e-01,0.0000000000000000e+00
89,8.9000000000000057e-01,1,-7.2644599764594222e+00,-4.4742239844969776e+00,-2.5913514654874690e+00,-7.0589205301395417e+00,-4.2487735803553397e+00,-2.5658002825754735e+00,2.1088846189000000e-25,4.9012326172340487e-01,6.0497030124822104e-01,0.0000000000000000e+00
90,9.0000000000000058e-01,0,7.4277269084130095e+00,4.8718209634338985e+00,2.5305817501743100e+00,7.1872778037880796e+00,4.6487057535994811e+00,2.4829362273566495e+00,2.1088846189000000e-25,5.2282698506546477e-01,6.0449011722589829e-01,0.0000000000000000e+00
90,9.0000000000000058e-01,1,-7.3351521927725649e+00,-4.5167779023571155e+00,-2.6170451167031934e+00,-7.0792771303768927e+00,-4.2618524530633994e+00,-2.5728449749583997e+00,2.1088846189000000e-25,4.9298852247714264e-01,6.0204847844047138e-01,0.0000000000000000e+00
91,9.1000000000000059e-01,0,7.4997010422200621e+00,4.9183718456050389e+00,2.5554467079225400e+00,7.2073109962076520e+00,4.6613184945248580e+00,2.4899727970267485e+00,2.1088846189000000e-25,5.2572825946287471e-01,6.0164538935837564e-01,0.0000000000000000e+00
91,9.1000000000000059e-01,1,-7.4060455190669607e+00,-4.5594610335582457e+00,-2.6428083649866370e+00,-7.0991494079779889e+00,-4.2746206906694422e+00,-2.5797220618990737e+00,2.1088846189000000e-25,4.9579370759469032e-01,5.9918779765526731e-01,0.0000000000000000e+00
92,9.2000000000000060e-01,0,7.5718731283371623e+00,4.9650473333243950e+00,2.5803812061148452e+00,7.2268749432301496e+00,4.6736311888002495e+00,2.4968466058525256e+00,2.1088846189000000e-25,5.2856910919439370e-01,5.9886002975595287e-01,0.0000000000000000e+00
92,9.2000000000000060e-01,1,-7.4771351809321249e+00,-4.6022703161705047e+00,-2.6686395579411752e+00,-7.1185509234921680e+00,-4.2870870445141165e+00,-2.5864362063409660e+00,2.1088846189000000e-25,4.9854015821876302e-01,5.9638688986959876e-01,0.0000000000000000e+00
93,9.3000000000000060e-01,0,7.6442385410846647e+00,5.0118444693810442e+00,2.6053836400395909e+00,7.2459828030792446e+00,4.6856523582434395e+00,2.5035621667285106e+00,2.1088846189000000e-25,5.3135091112119615e-01,5.9613268885914950e-01,0.0000000000000000e+00
93,9.3000000000000060e-01,1,-7.5484165375368040e+00,-4.6452027744485287e+00,-2.6945370891134566e+00,-7.1374948384268162e+00,-4.2992600043367979e+00,-2.5929919360448181e+00,2.1088846189000000e-25,5.0122919348671124e-01,5.9364440892494508e-01,0.0000000000000000e+00
94,9.4000000000000061e-01,0,7.7167927843987476e+00,5.0587603804892645e+00,2.6304524494494155e+00,7.2646473466961980e+00,4.6973902701189774e+00,2.5101238615941281e+00,2.1088846189000000e-25,5.3407501803496393e-01,5.9346204035261252e-01,0.0000000000000000e+00
94,9.4000000000000061e-01,1,-7.6198850777006610e+00,-4.6882555162572412e+00,-2.7204993966620719e+00,-7.1559939274948210e+00,-4.3111478065136257e+00,-2.5993936476336619e+00,2.1088846189000000e-25,5.0386211027304273e-01,5.9095903175725051e-01,0.0000000000000000e+00
95,9.5000000000000062e-01,0,7.7895314880185893e+00,5.1057922747834237e+00,2.6555861172714734e+00,7.2828809696119219e+00,4.7088529451291405e+00,2.5165359453537004e+00,2.1088846189000000e-25,5.3674275851559561e-01,5.9084678132950696e-01,0.0000000000000000e+00
95,9.5000000000000062e-01,1,-7.6915364160867004e+00,-4.7314257305788017e+00,-2.7465249620661303e+00,-7.1740605905263370e+00,-4.3227584420569105e+00,-2.6056456105334131e+00,2.1088846189000000e-25,5.0644018299950755e-01,5.8832945855955776e-01,0.0000000000000000e+00
96,9.6000000000000063e-01,0,7.8624504037909864e+00,5.1529374393918470e+00,2.6807831683564896e+00,7.3006957035344486e+00,4.7200481652002511e+00,2.5228025497091018e+00,2.1088846189000000e-25,5.3935543685579879e-01,5.8828563239491216e-01,0.0000000000000000e+00
96,9.6000000000000063e-01,1,-7.7633662895111879e+00,-4.7747106850983796e+00,-2.7726123088727403e+00,-7.1917068640447770e+00,-4.3340996643772671e+00,-2.6117519708082977e+00,2.1088846189000000e-25,5.0896466350612590e-01,5.8575441288377872e-01,0.0000000000000000e+00
97,9.7000000000000064e-01,0,7.9355454020892786e+00,5.2001932380874294e+00,2.7060421682656552e+00,7.3181032275700080e+00,4.7309834810120241e+00,2.5289276868765231e+00,2.1088846189000000e-25,5.4191433303429548e-01,5.8577733771420326e-01,0.0000000000000000e+00
97,9.7000000000000064e-01,1,-7.8353705533675964e+00,-4.8181077238663468e+00,-2.7987600014822962e+00,-7.2089444325186083e+00,-4.3451789968170011e+00,-2.6177167548945488e+00,2.1088846189000000e-25,5.1143678097855561e-01,5.8323264168757116e-01,0.0000000000000000e+00
98,9.8000000000000065e-01,0,8.0088124683423860e+00,5.2475571090120878e+00,2.7313617220940198e+00,7.3351148791546414e+00,4.7416662193216652e+00,2.5349152532129287e+00,2.1088846189000000e-25,5.4442070274309529e-01,5.8332066501191382e-01,0.0000000000000000e+00
98,9.8000000000000065e-01,1,-7.9075451781615609e+00,-4.8616142650347198e+00,-2.8249666439706314e+00,-7.2257846393067684e+00,-4.3560037399669778e+00,-2.6235438732381025e+00,2.1088846189000000e-25,5.1385774192844358e-01,5.8076291533183622e-01,0.0000000000000000e+00
99,9.9000000000000066e-01,0,8.0822476996723704e+00,5.2950265624738631e+00,2.7567404733299141e+00,7.3517416646688751e+00,4.7521034900658066e+00,2.5407690327422756e+00,2.1088846189000000e-25,5.4687577745924698e-01,5.8091440552610174e-01,0.0000000000000000e+00
99,9.9000000000000066e-01,1,-7.9798862461537325e+00,-4.9052277986656856e+00,-2.8512308789470580e+00,-7.2422384972440206e+00,-4.3665809787352980e+00,-2.6292371238164587e+00,2.1088846189000000e-25,5.1622873021355165e-01,5.7834402753383407e-01,0.0000000000000000e+00
100,1.0000000000000007e+00,0,8.1558473016357631e+00,5.3425991788134048e+00,2.7821771027488658e+00,7.3679942696866103e+00,4.7623021932094058e+00,2.5464927005642739e+00,2.1088846189000000e-25,5.4928076454849672e-01,5.7855737392288464e-01,0.0000000000000000e+00
100,1.0000000000000007e+00,1,-8.0523899481064429e+00,-4.9489458846094250e+00,-2.8775513864469602e+00,-7.2583166989198302e+00,-4.3769175892019110e+00,-2.6348001955632636e+00,2.1088846189000000e-25,5.1855090709997709e-01,5.7597479528059503e-01,0.0000000000000000e+00
