step,t_ps,atom,x_A,y_A,z_A,vx_Aps,vy_Aps,vz_Aps,mass_kg,E_kin_eV,E_pot_eV,E_dissip_eV
0,0.0000000000000000e+00,0,3.0000000000000000e+00,2.0000000000000000e+00,1.0000000000000000e+00,5.0000000000000000e-01,2.9999999999999999e-01,2.0000000000000001e-01,2.1088846175284001e-25,2.5008982706859026e-03,1.1090378089036026e+00,0.0000000000000000e+00
0,0.0000000000000000e+00,1,-3.0000000000000000e+00,-2.0000000000000000e+00,-1.0000000000000000e+00,-4.0000000000000002e-01,1.0000000000000001e-01,-2.9999999999999999e-01,2.1088846175284001e-25,1.7111409220482495e-03,1.1090378089036026e+00,0.0000000000000000e+00
1,1.0000000000000000e-02,0,3.0057468550834772e+00,2.0034979033889848e+00,1.0022489516944924e+00,6.4914771416000394e-01,3.9938024184048959e-01,2.4974148728014289e-01,2.1088846175284001e-25,4.2335478579406541e-03,1.1076477398331097e+00,0.0000000000000000e+00
1,1.0000000000000000e-02,1,-3.0047468550834773e+00,-1.9994979033889850e+00,-1.0032489516944922e+00,-5.4914635925363364e-01,6.1663351131927002e-04,-3.4973942430649119e-01,2.1088846175284001e-25,2.7896846877696821e-03,1.1076159155249674e+00,0.0000000000000000e+00
2,2.0000000000000000e-02,0,3.0129829542832001e+00,2.0079876048368099e+00,1.0049948297456028e+00,7.9777267628517767e-01,4.9830945078665301e-01,2.9935958812484653e-01,2.1088846175284001e-25,6.4126303544315344e-03,1.1058096674350899e+00,0.0000000000000000e+00
2,2.0000000000000000e-02,1,-3.0109829271850725e+00,-1.9999876673297736e+00,-1.0069947884861297e+00,-6.9776726317448667e-01,-9.8321940859328549e-02,-3.9935134320890914e-01,2.1088846175284001e-25,4.3175234813874301e-03,1.1057460611334728e+00,0.0000000000000000e+00
3,2.9999999999999999e-02,0,3.0217023086091808e+00,2.0134640924047180e+00,1.0082361434569893e+00,9.4572424701294855e-01,5.9668860342727248e-01,3.4880339019526196e-01,2.1088846175284001e-25,9.0301871783343181e-03,1.1035312295431323e+00,0.0000000000000000e+00
3,2.9999999999999999e-02,1,-3.0187022003469672e+00,-2.0014643422061713e+00,-1.0112359785586706e+00,-8.4571208688255417e-01,-1.9671667771005372e-01,-4.4878486118313687e-01,2.1088846175284001e-25,6.2873519494194858e-03,1.1034358829633715e+00,0.0000000000000000e+00
4,4.0000000000000001e-02,0,3.0318974392234588e+00,2.0199213769053550e+00,1.0119708975495079e+00,1.0928554773874315e+00,6.9442151859166845e-01,3.9802302087697683e-01,2.1088846175284001e-25,1.2076552548591640e-02,1.1008217815611483e+00,0.0000000000000000e+00
4,4.0000000000000001e-02,1,-3.0278971689227241e+00,-2.0039220008839744e+00,-1.0159704857097926e+00,-9.9283389875171491e-01,-2.9447136407622332e-01,-4.9799012807134518e-01,2.1088846175284001e-25,8.6901390964988588e-03,1.1006947358045935e+00,0.0000000000000000e+00
5,5.0000000000000003e-02,0,3.0435594181569292e+00,2.0273525227765510e+00,1.0161966038745287e+00,1.2390238452489217e+00,7.9141532842636675e-01,4.4696990264998537e-01,2.1088846175284001e-25,1.5540452893502357e-02,1.0976922984761752e+00,0.0000000000000000e+00
5,5.0000000000000003e-02,1,-3.0385588783220019e+00,-2.0073537694876959e+00,-1.0211957811200976e+00,-1.1389901966717155e+00,-3.9149309072967586e-01,-5.4691859428917833e-01,2.1088846175284001e-25,1.1515224562136984e-02,1.0975335940339823e+00,0.0000000000000000e+00
6,6.0000000000000005e-02,0,3.0566779161284372e+00,2.0357496834738820e+00,1.0209102956025076e+00,1.3840919353883006e+00,8.8758090868381823e-01,4.9559699135950630e-01,2.1088846175284001e-25,1.9409120911505220e-02,1.0941552620693784e+00,0.0000000000000000e+00
6,6.0000000000000005e-02,1,-3.0506769728561585e+00,-2.0117518626985680e+00,-1.0269088575955760e+00,-1.2840435880561718e+00,-4.8769268274237426e-01,-5.9552324890130792e-01,2.1088846175284001e-25,1.4750429816341691e-02,1.0939649388446564e+00,0.0000000000000000e+00
7,7.0000000000000007e-02,0,3.0712412568646950e+00,2.0451041409502273e+00,1.0261085437017188e+00,1.5279280563377424e+00,9.8283326392406223e-01,5.4385899478509181e-01,2.1088846175284001e-25,2.3668422101587611e-02,1.0902245354981908e+00,0.0000000000000000e+00
7,7.0000000000000007e-02,1,-3.0642397500831251e+00,-2.0171076231425431e+00,-1.0331062460981235e+00,-1.4278624064701020e+00,-5.8298508501132174e-01,-6.4375883796567546e-01,2.1088846175284001e-25,1.8382182120272726e-02,1.0900026328462868e+00,0.0000000000000000e+00
8,8.0000000000000002e-02,0,3.0872364772551917e+00,2.0554063487523635e+00,1.0317874754982093e+00,1.6704067880749776e+00,1.0770918643062490e+00,5.9171256935473615e-01,2.1088846175284001e-25,2.8302991415635116e-02,1.0859152275912136e+00,0.0000000000000000e+00
8,8.0000000000000002e-02,1,-3.0792342209855601e+00,-2.0234115643987942e+00,-1.0397840343548894e+00,-1.5703212591565521e+00,-6.7728969941703088e-01,-6.9158206099634534e-01,2.1088846175284001e-25,2.2395648926591679e-02,1.0856617843777705e+00,0.0000000000000000e+00
9,8.9999999999999997e-02,0,3.1046493926261944e+00,2.0666459782363522e+00,1.0379427950888134e+00,1.8114094563681966e+00,1.1702809316377774e+00,6.3911649332184572e-01,2.1088846175284001e-25,3.3296377587999956e-02,1.0812435492973047e+00,0.0000000000000000e+00
9,8.9999999999999997e-02,1,-3.0956461752662556e+00,-2.0306534171308837e+00,-1.0469378873180504e+00,-1.7113015011918358e+00,-7.7053067127823249e-01,-7.3895174386630325e-01,2.1088846175284001e-25,2.6774880290605412e-02,1.0809586039735879e+00,0.0000000000000000e+00
10,9.9999999999999992e-02,0,3.1234646663825556e+00,2.0788119673851186e+00,1.0445698053646462e+00,1.9508245309939634e+00,1.2623296733619487e+00,6.8603181521989576e-01,2.1088846175284001e-25,3.8631192669425676e-02,1.0762266647619159e+00,0.0000000000000000e+00
10,9.9999999999999992e-02,1,-3.1134602510093967e+00,-2.0388221778243589e+00,-1.0545630692322157e+00,-1.8506916335042622e+00,-8.6263712377833357e-01,-7.8582898696867420e-01,2.1088846175284001e-25,3.1502956828482948e-02,1.0759102554567768e+00,0.0000000000000000e+00
11,1.0999999999999999e-01,0,3.1436658832460735e+00,2.0918925717035908e+00,1.0516634313932112e+00,2.0885479465276009e+00,1.3531724641388780e+00,7.3242197690074951e-01,2.1088846175284001e-25,4.4289264328705912e-02,1.0708825394702848e+00,0.0000000000000000e+00
11,1.0999999999999999e-01,1,-3.1326600079363409e+00,-2.0479061596064501e+00,-1.0626544670574241e+00,-1.9883876234583406e+00,-9.5354334001276508e-01,-8.3217728794608747e-01,2.1088846175284001e-25,3.6562140788636593e-02,1.0705347040980093e+00,0.0000000000000000e+00
12,1.1999999999999998e-01,0,3.1652356253131075e+00,2.1058754166678959e+00,1.0592182449026610e+00,2.2244833457981819e+00,1.4427489755858702e+00,7.7825291093532589e-01,2.1088846175284001e-25,5.0251788580159017e-02,1.0652297878044716e+00,0.0000000000000000e+00
12,1.1999999999999998e-01,1,-3.1532280034785631e+00,-2.0578930446246142e+00,-1.0712066149911375e+00,-2.1242931480990910e+00,-1.0431888932177447e+00,-8.7796263877064162e-01,2.1088846175284001e-25,4.1934027891033676e-02,1.0648505641876522e+00,0.0000000000000000e+00
13,1.2999999999999998e-01,0,3.1881555501620373e+00,2.1207475512153078e+00,1.0672284896119175e+00,2.3585422474214042e+00,1.5310042555958367e+00,8.2349311260987790e-01,2.1088846175284001e-25,5.6499480742222351e-02,1.0592875222166620e+00,0.0000000000000000e+00
13,1.2999999999999998e-01,1,-3.1751458708983225e+00,-2.0687699374708051e+00,-1.0802137198328370e+00,-2.2583197614721606e+00,-1.1315187265933724e+00,-9.2315359741144964e-01,2.1088846175284001e-25,4.7599697730780391e-02,1.0588769482231442e+00,0.0000000000000000e+00
14,1.3999999999999999e-01,0,3.2124064702615356e+00,2.1364955017798124e+00,1.0756881071548583e+00,2.4906441399927788e+00,1.6178887593940126e+00,8.6811368715971260e-01,2.1088846175284001e-25,6.3012722621558492e-02,1.0530752060335071e+00,0.0000000000000000e+00
14,1.3999999999999999e-01,1,-3.1983943987080061e+00,-2.0805234191564814e+00,-1.0896696869393665e+00,-2.3903869886044697e+00,-1.2184831848757920e+00,-9.6772133473519406e-01,2.1088846175284001e-25,5.3539860726483042e-02,1.0526333197263777e+00,0.0000000000000000e+00
15,1.4999999999999999e-01,0,3.2379684329618930e+00,2.1531053264031881e+00,1.0845907633551117e+00,2.6207165065583369e+00,1.7033583351377644e+00,9.1208837324976111e-01,2.1088846175284001e-25,6.9771704139889160e-02,1.0466125116851601e+00,0.0000000000000000e+00
15,1.4999999999999999e-01,1,-3.2229536106704115e+00,-2.0931396011683208e+00,-1.0995681465275409e+00,-2.5204223497647495e+00,-1.3040380004579015e+00,-1.0116396576525213e+00,2.1088846175284001e-25,5.9734999812427102e-02,1.0461393514846824e+00,0.0000000000000000e+00
16,1.6000000000000000e-01,0,3.2648208003927022e+00,2.1705626684825674e+00,1.0939298746198536e+00,2.7486947838398881e+00,1.7873741673868417e+00,9.5539354402330767e-01,2.1088846175284001e-25,7.6756557866452441e-02,1.0399191859078383e+00,0.0000000000000000e+00
16,1.6000000000000000e-01,1,-3.2488028457033011e+00,-2.1066041791656396e+00,-1.1099024800924169e+00,-2.6483613194829654e+00,-1.3881442373809652e+00,-1.0548850098347800e+00,2.1088846175284001e-25,6.6165505315804188e-02,1.0394147907641915e+00,0.0000000000000000e+00
17,1.7000000000000001e-01,0,3.2929423286386905e+00,2.1888528097509243e+00,1.1036986342355777e+00,2.8745222613814509e+00,1.8699026821771390e+00,9.9800818729703922e-01,2.1088846175284001e-25,8.3947485178306303e-02,1.0330149232100569e+00,0.0000000000000000e+00
17,1.7000000000000001e-01,1,-3.2759208370600712e+00,-2.1209024859159404e+00,-1.1206658467242363e+00,-2.7741472254970185e+00,-1.4707681969255526e+00,-1.0974364515821984e+00,2.1088846175284001e-25,7.2811801716824498e-02,1.0324793327857023e+00,0.0000000000000000e+00
18,1.8000000000000002e-01,0,3.3223112456203312e+00,2.2079607221261099e+00,1.1138900383657944e+00,2.9981499263070126e+00,1.9509154177245547e+00,1.0399138666828014e+00,2.1088846175284001e-25,9.1324873034989873e-02,1.0259192486290361e+00,0.0000000000000000e+00
18,1.8000000000000002e-01,1,-3.3042857902132416e+00,-2.1360195431041507e+00,-1.1318512091240607e+00,-2.8977310933184355e+00,-1.5518812888241771e+00,-1.1392756206265218e+00,2.1088846175284001e-25,7.9654465251858930e-02,1.0253525034895119e+00,0.0000000000000000e+00
19,1.9000000000000003e-01,0,3.3529053271648310e+00,2.2278711181054152e+00,1.1244969115692340e+00,3.1195362597264813e+00,2.0303888649615862e+00,1.0810946655595335e+00,2.1088846175284001e-25,9.8869400614352121e-02,1.0186514105435123e+00,0.0000000000000000e+00
19,1.9000000000000003e-01,1,-3.3338754589264399e+00,-2.1519401116924239e+00,-1.1434513591367668e+00,-3.0190714424552350e+00,-1.6314598722944988e+00,-1.1803866757939065e+00,2.1088846175284001e-25,8.6674331578845076e-02,1.0180535523554597e+00,0.0000000000000000e+00
20,2.0000000000000004e-01,0,3.3847019708148611e+00,2.2485684994253412e+00,1.1355119316769851e+00,3.2386469910143796e+00,2.1083042821812170e+00,1.1215371159079854e+00,2.1088846175284001e-25,1.0656213530596804e-01,1.0112302840592791e+00,0.0000000000000000e+00
20,2.0000000000000004e-01,1,-3.3646672190623468e+00,-2.1686487405500405e+00,-1.1554589426399389e+00,-3.1381340405176275e+00,-1.7094850711643623e+00,-1.2207562255426747e+00,2.1088846175284001e-25,9.3852592973285201e-02,1.0106013557944986e+00,0.0000000000000000e+00
21,2.1000000000000005e-01,0,3.4176782669851189e+00,2.2700372037490393e+00,1.1469276538873936e+00,3.3554548162344333e+00,2.1846474880449120e+00,1.1612301140620584e+00,2.1088846175284001e-25,1.1438461779218514e-01,1.0036742852500531e+00,0.0000000000000000e+00
21,2.1000000000000005e-01,1,-3.3966381397367926e+00,-2.1861298131157110e+00,-1.1678664836476202e+00,-3.2548916214805819e+00,-1.7859425673426754e+00,-1.2603732434314405e+00,2.1088846175284001e-25,1.0117088475686002e-01,1.0030143313944206e+00,0.0000000000000000e+00
22,2.2000000000000006e-01,0,3.4518110671395501e+00,2.2922614491862396e+00,1.1587365339582263e+00,3.4699390868943851e+00,2.2594086371064206e+00,1.2001648254239288e+00,2.1088846175284001e-25,1.2231893615917103e-01,9.9600129632312051e-01,0.0000000000000000e+00
22,2.2000000000000006e-01,1,-3.4297650514919580e+00,-2.2043675918968941e+00,-1.1806664075085678e+00,-3.3693235742882566e+00,-1.8608223767855019e+00,-1.2992289725661230e+00,2.1088846175284001e-25,1.0861136087366681e-01,9.9531036308921284e-01,0.0000000000000000e+00
23,2.3000000000000007e-01,0,3.4870770487230063e+00,2.3152253764911679e+00,1.1709309503958722e+00,3.5820854750228035e+00,2.3325819818335387e+00,1.2383345801464773e+00,2.1088846175284001e-25,1.3034778916919393e-01,9.8822860158991133e-01,0.0000000000000000e+00
23,2.3000000000000007e-01,1,-3.4640246112225572e+00,-2.2233462606514212e+00,-1.1938510630989427e+00,-3.4814156077925298e+00,-1.9341186119376632e+00,-1.3373168210304074e+00,2.1088846175284001e-25,1.1615675871903321e-01,9.8750673713223303e-01,0.0000000000000000e+00
24,2.4000000000000007e-01,0,3.5234527766400059e+00,2.3389130888229102e+00,1.1835032255611559e+00,3.6918856202685686e+00,2.4041656248801568e+00,1.2757347617073784e+00,2.1088846175284001e-25,1.3845453898801621e-01,9.8037283395791597e-01,0.0000000000000000e+00
24,2.4000000000000007e-01,1,-3.4993933636478083e+00,-2.2430499641356474e+00,-1.2074127439291757e+00,-3.5911593977265897e+00,-2.0058292344007715e+00,-1.3746322502247574e+00,2.1088846175284001e-25,1.2379045348999312e-01,9.7962008858966398e-01,0.0000000000000000e+00
25,2.5000000000000006e-01,0,3.5609147611283776e+00,2.3633086889887709e+00,1.1964456456300199e+00,3.7993367643686256e+00,2.4741612650937990e+00,1.3123626901960066e+00,2.1088846175284001e-25,1.4662325379799965e-01,9.7244993152323500e-01,0.0000000000000000e+00
25,2.5000000000000006e-01,1,-3.5358477991770894e+00,-2.2634628453394368e+00,-1.2213437081034377e+00,-3.6985522210592756e+00,-2.0759558013119048e+00,-1.4111726579356143e+00,2.1088846175284001e-25,1.3149650246496480e-01,9.7166635793358858e-01,0.0000000000000000e+00
26,2.6000000000000006e-01,0,3.5994395119273785e+00,2.3883963141247864e+00,1.2097504793650760e+00,3.9044413779117870e+00,2.5425739404405538e+00,1.3482175020074103e+00,2.1088846175284001e-25,1.5483874083734456e-01,9.6447510373205791e-01,0.0000000000000000e+00
26,2.6000000000000006e-01,1,-3.5733644080689939e+00,-2.2845690801618859e+00,-1.2356361970878882e+00,-3.8035965826579061e+00,-2.1445032086142346e+00,-1.4469372578292587e+00,2.1088846175284001e-25,1.3925967973197273e-01,9.6366075720303734e-01,0.0000000000000000e+00
27,2.7000000000000007e-01,0,3.6390035886866134e+00,2.4141601677975819e+00,1.2234099956701681e+00,4.0072067838689351e+00,2.6094117707049649e+00,1.3833000274947915e+00,2.1088846175284001e-25,1.6308657049010009e-01,9.5646280649389681e-01,0.0000000000000000e+00
27,2.7000000000000007e-01,1,-3.6119197308302473e+00,-2.3063529095117214e+00,-1.2502824532600230e+00,-3.9062998387297592e+00,-2.2114794340769182e+00,-1.4819269569217792e+00,2.1088846175284001e-25,1.4706550197109386e-01,9.5561774511589570e-01,0.0000000000000000e+00
28,2.8000000000000008e-01,0,3.6795836476047570e+00,2.4405845495388854e+00,1.2374164799149718e+00,4.1076447818962416e+00,2.6746857024987509e+00,1.4176126679846097e+00,2.1088846175284001e-25,1.7135309211323771e-01,9.4842672556752317e-01,0.0000000000000000e+00
28,2.8000000000000008e-01,1,-3.6514904048435892e+00,-2.3287986688434241e+00,-1.2652747362263237e+00,-4.0066738210485235e+00,-2.2768952825981961e+00,-1.5161442324290748e+00,2.1088846175284001e-25,1.5490024596058327e-01,9.4755101045267964e-01,0.0000000000000000e+00
29,2.9000000000000009e-01,0,3.7211564843245379e+00,2.4676538818475571e+00,1.2517622490298603e+00,4.2057712769277105e+00,2.7384092587756914e+00,1.4511592733998000e+00,2.1088846175284001e-25,1.7962544232565014e-01,9.4037976750046570e-01,0.0000000000000000e+00
29,2.9000000000000009e-01,1,-3.6920532072512176e+00,-2.3518908151636850e+00,-1.2806053379086044e+00,-4.1047344654816271e+00,-2.3407641359893656e+00,-1.5495930092420185e+00,2.1088846175284001e-25,1.6275095851691565e-01,9.3947346299310208e-01,0.0000000000000000e+00
30,3.0000000000000010e-01,0,3.7636990731433109e+00,2.4953527347143996e+00,1.2664396653829679e+00,4.3016059151000121e+00,2.8005982947287942e+00,1.4839450215816383e+00,2.1088846175284001e-25,1.8789154650418047e-01,9.3233405738214370e-01,0.0000000000000000e+00
30,3.0000000000000010e-01,1,-3.7335850941532214e+00,-2.3756139515632113e+00,-1.2962665964111639e+00,-4.2005014478609297e+00,-2.4031017091163256e+00,-1.5822785391168119e+00,2.1088846175284001e-25,1.7060545960133511e-01,9.3139723126556795e-01,0.0000000000000000e+00
31,3.1000000000000011e-01,0,3.8071886026265380e+00,2.5236658477421332e+00,1.2814411494614932e+00,4.3951717295861963e+00,2.8612707616330058e+00,1.5159763002462794e+00,2.1088846175284001e-25,1.9614011423473651e-01,9.2430094266676299e-01,0.0000000000000000e+00
31,3.1000000000000011e-01,1,-3.7760632362084361e+00,-2.3999528493460116e+00,-1.3122509086909406e+00,-4.2939978297728372e+00,-2.4639258139627223e+00,-1.6142072825159341e+00,2.1088846175284001e-25,1.7845233933051469e-01,9.2333366636578851e-01,0.0000000000000000e+00
32,3.2000000000000012e-01,0,3.8516025077350351e+00,2.5525781499470601e+00,1.2967591913878935e+00,4.4864947984698089e+00,2.9204464799012229e+00,1.5472605923630351e+00,2.1088846175284001e-25,2.0436062945524153e-01,9.1629100233241001e-01,0.0000000000000000e+00
32,3.2000000000000012e-01,1,-3.8194650507486778e+00,-2.4248924678424655e+00,-1.3285507420614826e+00,-4.3852497163987652e+00,-2.5232561328833816e+00,-1.6453867938860329e+00,2.1088846175284001e-25,1.8628094961957573e-01,9.1529335111101195e-01,0.0000000000000000e+00
33,3.3000000000000013e-01,0,3.8969184985959346e+00,2.5820747773401580e+00,1.3123863613087539e+00,4.5756039163830247e+00,2.9781469223530239e+00,1.5778063656036727e+00,2.1088846175284001e-25,2.1254333600506936e-01,9.0831406066484577e-01,0.0000000000000000e+00
33,3.3000000000000013e-01,1,-3.8637682305364107e+00,-2.4504179720036792e+00,-1.3451586445686614e+00,-4.4742859281289427e+00,-2.5811140020485102e+00,-1.6758256110212539e+00,2.1088846175284001e-25,1.9408139116537979e-01,9.0728611381843294e-01,0.0000000000000000e+00
34,3.4000000000000014e-01,0,3.9431145860626957e+00,2.6121410883941203e+00,1.3283153186999670e+00,4.6625302812392926e+00,3.0343950084394558e+00,1.6076229663779791e+00,2.1088846175284001e-25,2.2067921926276882e-01,9.0037920498585744e-01,0.0000000000000000e+00
34,3.4000000000000014e-01,1,-3.9089507693112564e+00,-2.4765147478834355e+00,-1.3620672542819079e+00,-4.5611376872794214e+00,-2.6375222058231511e+00,-1.7055331490264112e+00,2.1088846175284001e-25,2.0184449644686453e-01,8.9932104602769602e-01,0.0000000000000000e+00
35,3.5000000000000014e-01,0,3.9901691042207208e+00,2.6427626775089466e+00,1.3445388206363134e+00,4.7473071970461858e+00,3.0892149099446993e+00,1.6367205188522234e+00,2.1088846175284001e-25,2.2875998451519869e-01,8.9249480668458747e-01,0.0000000000000000e+00
35,3.5000000000000014e-01,1,-3.9549909842819995e+00,-2.5031684161201420e+00,-1.3792693075491897e+00,-4.6458383208973171e+00,-2.6925047826039372e+00,-1.7345195992757563e+00,2.1088846175284001e-25,2.0956180938197594e-01,8.9140652352596950e-01,0.0000000000000000e+00
36,3.6000000000000015e-01,0,4.0380607300036200e+00,2.6739253865930142e+00,1.3610497290770114e+00,4.8299697934700543e+00,3.1426318684846675e+00,1.6651098292381301e+00,2.1088846175284001e-25,2.3677803265706118e-01,8.8466854495383296e-01,0.0000000000000000e+00
36,3.6000000000000015e-01,1,-4.0018675357292031e+00,-2.5303648435355144e+00,-1.3967576462674229e+00,-4.7284229803252424e+00,-2.7460868424344591e+00,-1.7627958336540697e+00,2.1088846175284001e-25,2.1722556223795203e-01,8.8355023007763345e-01,0.0000000000000000e+00
37,3.7000000000000016e-01,0,4.0867685000901224e+00,2.7056153148786399e+00,1.3778410172210760e+00,4.9105547625428976e+00,3.1946720249446270e+00,1.6928022955415105e+00,2.1088846175284001e-25,2.4472643377212042e-01,8.7690743268031601e-01,0.0000000000000000e+00
37,3.7000000000000016e-01,1,-4.0495594438885041e+00,-2.5580901529688314e+00,-1.4145252242222710e+00,-4.8089283779147012e+00,-2.7982943965426221e+00,-1.7903733142683220e+00,2.1088846175284001e-25,2.2482865034519267e-01,8.7575918330763214e-01,0.0000000000000000e+00
38,3.8000000000000017e-01,0,4.1362718252544788e+00,2.7378188270919068e+00,1.3949057749878417e+00,4.9891001126597949e+00,3.2453622608464521e+00,1.7198098228740508e+00,2.1088846175284001e-25,2.5259889909829458e-01,8.6921784398665103e-01,0.0000000000000000e+00
38,3.8000000000000017e-01,1,-4.0980461032874969e+00,-2.5863307314663673e+00,-1.4325651125527894e+00,-4.8873925410361476e+00,-2.8491541987918803e+00,-1.8172640087325200e+00,2.1088846175284001e-25,2.3236460511685555e-01,8.6803976223626367e-01,0.0000000000000000e+00
39,3.9000000000000018e-01,0,4.1865505023433194e+00,2.7705225600955692e+00,1.4122372136785570e+00,5.0656449398069423e+00,3.2947300515073508e+00,1.7461447443572877e+00,2.1088846175284001e-25,2.6038975182925045e-01,8.6160554297205172e-01,0.0000000000000000e+00
39,3.9000000000000018e-01,1,-4.1473072947092264e+00,-2.6150732369446694e+00,-1.4508705043969214e+00,-4.9638545833251699e+00,-2.8986935989094627e+00,-1.8434803110538935e+00,2.1088846175284001e-25,2.3982756582762207e-01,8.6039773601249281e-01,0.0000000000000000e+00
40,4.0000000000000019e-01,0,4.2375847240506177e+00,2.8037134281220535e+00,1.4298286698749874e+00,5.1402292157866034e+00,3.3428033307460820e+00,1.7718197475848814e+00,2.1088846175284001e-25,2.6809389715644355e-01,8.5407571324750153e-01,0.0000000000000000e+00
40,4.0000000000000019e-01,1,-4.1973231949539995e+00,-2.6443046034445565e+00,-1.4694347187738674e+00,-5.0383544929305009e+00,-2.9469404072488450e+00,-1.8690349680856897e+00,2.1088846175284001e-25,2.4721225055709270e-01,8.5283829344154793e-01,0.0000000000000000e+00
41,4.1000000000000020e-01,0,4.2893550866590511e+00,2.8373786267104908e+00,1.4476736086302546e+00,5.2128935930484381e+00,3.3896103667981712e+00,1.7968478065520008e+00,2.1088846175284001e-25,2.7570679190698172e-01,8.4663298790845665e-01,0.0000000000000000e+00
41,4.1000000000000020e-01,1,-4.2480743845678370e+00,-2.6740120450896465e+00,-1.4882512037586353e+00,-5.1109329373727856e+00,-2.9939227707491778e+00,-1.8939410114545769e+00,2.1088846175284001e-25,2.5451392665534017e-01,8.4536607294991040e-01,0.0000000000000000e+00
42,4.2000000000000021e-01,0,4.3418425959115865e+00,2.8715056354580173e+00,1.4657656260060274e+00,5.2836792256301868e+00,3.4351796490398350e+00,1.8212421189205406e+00,2.1088846175284001e-25,2.8322441408854704e-01,8.3928147963339883e-01,0.0000000000000000e+00
42,4.2000000000000021e-01,1,-4.2995418537014558e+00,-2.7041830588595404e+00,-1.5073135390029588e+00,-5.1816310845165434e+00,-3.0396690596925326e+00,-1.9182116948305992e+00,2.1088846175284001e-25,2.6172838104442159e-01,8.3798519267604532e-01,0.0000000000000000e+00
43,4.3000000000000022e-01,0,4.3950286711716542e+00,2.9060822196912879e+00,1.4840984510086654e+00,5.3526276056048632e+00,3.4795397850590057e+00,1.8450160484490088e+00,2.1088846175284001e-25,2.9064323260860531e-01,8.3202481063924616e-01,0.0000000000000000e+00
43,4.3000000000000022e-01,1,-4.3517070062581675e+00,-2.7348054262834975e+00,-1.5266154376552472e+00,-5.2504904390520011e+00,-3.0842077647984585e+00,-1.9418604363677860e+00,2.1088846175284001e-25,2.6885189062605763e-01,8.3069928041791219e-01,0.0000000000000000e+00
44,4.4000000000000022e-01,0,4.4488951480236834e+00,2.9410964311591976e+00,1.5026659469750074e+00,5.4197804143653521e+00,3.5227194075759534e+00,1.8681830723896984e+00,2.1088846175284001e-25,2.9796017739579739e-01,8.2486614226448829e-01,0.0000000000000000e+00
44,4.4000000000000022e-01,1,-4.4045516624824952e+00,-2.7658672141555098e+00,-1.5461507477303147e+00,-5.3175526938172180e+00,-3.1275674041593859e+00,-1.9649007661173366e+00,2.1088846175284001e-25,2.7588119302659286e-01,8.2351150320815014e-01,0.0000000000000000e+00
45,4.5000000000000023e-01,0,4.5034242794589616e+00,2.9765366078428066e+00,1.5214621124564593e+00,5.4851793880247079e+00,3.5647470906887557e+00,1.8907567336343236e+00,2.1088846175284001e-25,3.0517261011460284e-01,8.1780820398761178e-01,0.0000000000000000e+00
45,4.5000000000000023e-01,1,-4.4580580601345119e+00,-2.7973567743666856e+00,-1.5659134529775940e+00,-5.3828595952383846e+00,-3.1697764394931061e+00,-1.9873462781939093e+00,2.1088846175284001e-25,2.8281345787374063e-01,8.1642459632452780e-01,0.0000000000000000e+00
46,4.6000000000000024e-01,0,4.5585987357841775e+00,3.0123913729729725e+00,1.5404810816476939e+00,5.5488661961716073e+00,3.6056512749001914e+00,1.9127505973727428e+00,2.1088846175284001e-25,3.1227829563039899e-01,8.1085332172196012e-01,0.0000000000000000e+00
46,4.6000000000000024e-01,1,-4.5122088543872634e+00,-2.8292627429453723e+00,-1.5858976732941927e+00,-5.4464528221273465e+00,-3.2108632011698131e+00,-2.0092105874590360e+00,2.1088846175284001e-25,2.8964625876577216e-01,8.0944089157682420e-01,0.0000000000000000e+00
47,4.7000000000000025e-01,0,4.6144016033823938e+00,3.0486496333408102e+00,1.5597171244039143e+00,5.6108823332007089e+00,3.6454602003759971e+00,1.9341782120195827e+00,2.1088846175284001e-25,3.1927537435175257e-01,8.0400344525848932e-01,0.0000000000000000e+00
47,4.7000000000000025e-01,1,-4.5669871165770584e+00,-2.8615740383900818e+00,-1.6060976647267748e+00,-5.5083738770557487e+00,-3.2508558214645036e+00,-2.0305072904759136e+00,2.1088846175284001e-25,2.9637754606357658e-01,8.0256234474162158e-01,0.0000000000000000e+00
48,4.8000000000000026e-01,0,4.6708163824481916e+00,3.0853005769804924e+00,1.5791646458880857e+00,5.6712690214351671e+00,3.6842018478884881e+00,1.9550530741598799e+00,2.1088846175284001e-25,3.2616233555020174e-01,7.9726017475510380e-01,0.0000000000000000e+00
48,4.8000000000000026e-01,1,-4.6223763319283773e+00,-2.8942798593746626e+00,-1.6265078191037112e+00,-5.5686639895227126e+00,-3.2897821754895191e+00,-2.0512499304861751e+00,2.1088846175284001e-25,3.0300562060941760e-01,7.9579056204371390e-01,0.0000000000000000e+00
49,4.9000000000000027e-01,0,4.7278269838110969e+00,3.1223336702985800e+00,1.5988181858871120e+00,5.7300671252520532e+00,3.7219038869006544e+00,1.9753885972599754e+00,2.1088846175284001e-25,3.3293799173264615e-01,7.9062478619537524e-01,0.0000000000000000e+00
49,4.9000000000000027e-01,1,-4.6783603963675118e+00,-2.9273696818998722e+00,-1.6471226633364984e+00,-5.6273640301264987e+00,-3.3276698292630607e+00,-2.0714519661544015e+00,2.1088846175284001e-25,3.0952910845106946e-01,7.8912682560694769e-01,0.0000000000000000e+00
50,5.0000000000000022e-01,0,4.7854177249532333e+00,3.1597386547185051e+00,1.6186724178332854e+00,5.7873170754355323e+00,3.7585936302598029e+00,1.9951980838923185e+00,2.1088846175284001e-25,3.3960145412051285e-01,7.8409825576075565e-01,0.0000000000000000e+00
50,5.0000000000000022e-01,1,-4.7349236125309071e+00,-2.9608332559599235e+00,-1.6679368584267991e+00,-5.6845144349647265e+00,-3.3645459943834162e+00,-2.0911267438286019e+00,2.1088846175284001e-25,3.1594693662897827e-01,7.8257211781862124e-01,0.0000000000000000e+00
51,5.1000000000000023e-01,0,4.8435733253198086e+00,3.1975055429037758e+00,1.6387221475649585e+00,5.8430588030104920e+00,3.7942979949922293e+00,2.0144947012302010e+00,2.1088846175284001e-25,3.4615210927247403e-01,7.7768128307891116e-01,0.0000000000000000e+00
51,5.1000000000000023e-01,1,-4.7920506850668065e+00,-2.9946606017875403e+00,-1.6889451982130703e+00,-5.7401551395156050e+00,-3.4004374888009834e+00,-2.1102874730722854e+00,2.1088846175284001e-25,3.2225831006655942e-01,7.7612714457008070e-01,0.0000000000000000e+00
52,5.2000000000000024e-01,0,4.9022789010134433e+00,3.2356246146183496e+00,1.6589623118578896e+00,5.8973316818182226e+00,3.8290434687002182e+00,2.0332914595694760e+00,2.1088846175284001e-25,3.5258959686980218e-01,7.7137431332683870e-01,0.0000000000000000e+00
52,5.2000000000000024e-01,1,-4.8497267153212187e+00,-3.0288420057359433e+00,-1.7101426078882449e+00,-5.7943255212615501e+00,-3.4353707031899332e+00,-2.1289472052248293e+00,2.1088846175284001e-25,3.2846268958598779e-01,7.6979235735218710e-01,0.0000000000000000e+00
53,5.3000000000000025e-01,0,4.9615199589561731e+00,3.2740864122777804e+00,1.6793879767563480e+00,5.9501744791306779e+00,3.8628560810888395e+00,2.0516011936445095e+00,2.1088846175284001e-25,3.5891378867054136e-01,7.6517755818115263e-01,0.0000000000000000e+00
53,5.3000000000000025e-01,1,-4.9079371954920372e+00,-3.0633680158513394e+00,-1.7315241423175669e+00,-5.8470643503515145e+00,-3.4693715724474807e+00,-2.1471188147570714e+00,2.1088846175284001e-25,3.3455977105876650e-01,7.6356797419804823e-01,0.0000000000000000e+00
54,5.4000000000000026e-01,0,5.0212823905960571e+00,3.3128817362401266e+00,1.6999943357307796e+00,6.0016253136355600e+00,3.8957613801763209e+00,2.0694365465162883e+00,2.1088846175284001e-25,3.6512476862767168e-01,7.5909101561950931e-01,0.0000000000000000e+00
54,5.4000000000000026e-01,1,-4.9666680023282490e+00,-3.0982294371848931e+00,-1.7530849841833862e+00,-5.8984097476341057e+00,-3.5024655518749808e+00,-2.1648149831997623e+00,2.1088846175284001e-25,3.4054946568918093e-01,7.5745399947699488e-01,0.0000000000000000e+00
55,5.5000000000000027e-01,0,5.0815524652288842e+00,3.3520016398813066e+00,1.7207767076866736e+00,6.0517216201507882e+00,3.9277844127616706e+00,2.0868099558181874e+00,2.1088846175284001e-25,3.7122281415596486e-01,7.5311448858683538e-01,0.0000000000000000e+00
55,5.5000000000000027e-01,1,-5.0259053904447191e+00,-3.1334173268888392e+00,-1.7748204419815621e+00,-5.9483991494198802e+00,-3.5346775976149236e+00,-2.1820481854301259e+00,2.1088846175284001e-25,3.4643188141814257e-01,7.5145024255347082e-01,0.0000000000000000e+00
56,5.6000000000000028e-01,0,5.1423168229990734e+00,3.3914374244953600e+00,1.7417305348471432e+00,6.1005001204648828e+00,3.9589497087503065e+00,2.1037336421566972e+00,2.1088846175284001e-25,3.7720837852466521e-01,7.4724760254801181e-01,0.0000000000000000e+00
56,5.6000000000000028e-01,1,-5.0856359853166468e+00,-3.1689229891371915e+00,-1.7967259478919888e+00,-5.9970692783692252e+00,-3.5660321509449386e+00,-2.1988306781136022e+00,2.1088846175284001e-25,3.5220730542718415e-01,7.4555633533249777e-01,0.0000000000000000e+00
57,5.7000000000000028e-01,0,5.2035624676381822e+00,3.4311806340563127e+00,1.7628513805298076e+00,6.1479967997385945e+00,3.9892812689657178e+00,2.1202195994766222e+00,2.1088846175284001e-25,3.8308207434712255e-01,7.4148982195512569e-01,0.0000000000000000e+00
57,5.7000000000000028e-01,1,-5.1458467760121041e+00,-3.2047379699077378e+00,-1.8187970555438342e+00,-6.0444561199410192e+00,-3.5965531260571444e+00,-2.2151744901100869e+00,2.1088846175284001e-25,3.5787618771618190e-01,7.3977174871983076e-01,0.0000000000000000e+00
58,5.8000000000000029e-01,0,5.2652767589938447e+00,3.4712230498746743e+00,1.7841349268366757e+00,6.1942468879303663e+00,4.0188025560947933e+00,2.1362795872086542e+00,2.1088846175284001e-25,3.8884465813240870e-01,7.3584046566252514e-01,0.0000000000000000e+00
58,5.8000000000000029e-01,1,-5.2065251077154668e+00,-3.2408540516583346e+00,-1.8410294376941905e+00,-6.0905949038645639e+00,-3.6262639009707534e+00,-2.2310914146623881e+00,2.1088846175284001e-25,3.6343912572215953e-01,7.3409580803004348e-01,0.0000000000000000e+00
59,5.9000000000000030e-01,0,5.3274474053967893e+00,3.5115566851782090e+00,1.8055769722739807e+00,6.2392848457546837e+00,4.0475364884460907e+00,2.1519251240323620e+00,2.1088846175284001e-25,3.9449701586141045e-01,7.3029872132687823e-01,0.0000000000000000e+00
59,5.9000000000000030e-01,1,-5.2676586740893949e+00,-3.2772632479271531e+00,-1.8634188838370818e+00,-6.1355200901437454e+00,-3.6551873112574467e+00,-2.2465930031997976e+00,2.1088846175284001e-25,3.6889684994378175e-01,7.2852770737975048e-01,0.0000000000000000e+00
60,6.0000000000000031e-01,0,5.3900624559089385e+00,3.5521737796435966e+00,1.8271734293173232e+00,6.2831443547084289e+00,4.0755054362186653e+00,2.1671674830958660e+00,2.1088846175284001e-25,4.0004014954596651e-01,7.2486365883234538e-01,0.0000000000000000e+00
60,6.0000000000000031e-01,1,-5.3292355095183419e+00,-3.3139577978834835e+00,-1.8859612977581863e+00,-6.1792653591284585e+00,-3.6833456462773420e+00,-2.2616905605979052e+00,2.1088846175284001e-25,3.7425021053209812e-01,7.2306652310607566e-01,0.0000000000000000e+00
61,6.1000000000000032e-01,0,5.4531102924909582e+00,3.5930667939025827e+00,1.8489203219358983e+00,6.3258583107346888e+00,4.1027312200024717e+00,2.1820176885446387e+00,2.1088846175284001e-25,4.0547516472767758e-01,7.1953424278305744e-01,0.0000000000000000e+00
61,6.1000000000000032e-01,1,-5.3912439812719644e+00,-3.3509301608527000e+00,-1.9086526950490399e+00,-6.2218636052226852e+00,-3.7107606476467581e+00,-2.2763951417469861e+00,2.1088846175284001e-25,3.7950016480600990e-01,7.1771122625256512e-01,0.0000000000000000e+00
62,6.2000000000000033e-01,0,5.5165796221236327e+00,3.6342284040436463e+00,1.8708137830882161e+00,6.3674588211367196e+00,4.1292351112603027e+00,2.1964865132262492e+00,2.1088846175284001e-25,4.1080325887314229e-01,7.1430934410637792e-01,0.0000000000000000e+00
62,6.2000000000000033e-01,1,-5.4536727816227959e+00,-3.3881730108364185e+00,-1.9314892005931259e+00,-6.2633469338418601e+00,-3.7374535096878767e+00,-2.2907175492956804e+00,2.1088846175284001e-25,3.8464776565086251e-01,7.1246069416602276e-01,0.0000000000000000e+00
63,6.3000000000000034e-01,0,5.5804594689136930e+00,3.6756514961277889e+00,1.8928500522004235e+00,6.4079772043701206e+00,4.1550378345520818e+00,2.2105844774426671e+00,2.1088846175284001e-25,4.1602571061977367e-01,7.0918775081108931e-01,0.0000000000000000e+00
63,6.3000000000000034e-01,1,-5.5165109199488018e+00,-3.4256792310464572e+00,-1.9544670460349534e+00,-6.3037466612475379e+00,-3.7634448816212638e+00,-2.3046683324414996e+00,2.1088846175284001e-25,3.8969415075589997e-01,7.0731372124841174e-01,0.0000000000000000e+00
64,6.4000000000000035e-01,0,5.6447391662110356e+00,3.7173291607346877e+00,1.9150254726370697e+00,6.4474439923798634e+00,4.1801595712879509e+00,2.2243218486346632e+00,2.1088846175284001e-25,4.2114386982739538e-01,7.0416817794480202e-01,0.0000000000000000e+00
64,6.4000000000000035e-01,1,-5.5797477148477466e+00,-3.4634419084688441e+00,-1.9775825672419558e+00,-6.3430933169259562e+00,-3.7887548712877908e+00,-2.3182577866526279e+00,2.1088846175284001e-25,3.9464053264719012e-01,7.0226902890812037e-01,0.0000000000000000e+00
65,6.5000000000000036e-01,0,5.7094083487612899e+00,3.7592546875535473e+00,1.9373364891731168e+00,6.4858889351765274e+00,4.2046199648150848e+00,2.2377086418920813e+00,2.1088846175284001e-25,4.2615914839114027e-01,6.9924927679454507e-01,0.0000000000000000e+00
65,6.5000000000000036e-01,1,-5.6433727862873209e+00,-3.5014543284722133e+00,-2.0008322017680058e+00,-6.3814166482048300e+00,-3.8134030502049798e+00,-2.3314959542147315e+00,2.1088846175284001e-25,3.9948818947283748e-01,6.9732527475455519e-01,0.0000000000000000e+00
66,6.6000000000000036e-01,0,5.7744569449145660e+00,3.8014215600309891e+00,1.9597796454749112e+00,6.5233410073738884e+00,4.2284381266615689e+00,2.2507546211930571e+00,2.1088846175284001e-25,4.3107301177208679e-01,6.9442964337385127e-01,0.0000000000000000e+00
66,6.6000000000000036e-01,1,-5.7073760478118434e+00,-3.5397099694729435e+00,-2.0242124863262503e+00,-6.4187456268304723e+00,-3.8374084597811753e+00,-2.3443926255058152e+00,2.1088846175284001e-25,4.0423845649808315e-01,6.9248106107937180e-01,0.0000000000000000e+00
67,6.7000000000000037e-01,0,5.8398751689087680e+00,3.8438234500867785e+00,1.9823515815969779e+00,6.5598284164309408e+00,4.2516326437746148e+00,2.2634693012822815e+00,2.1088846175284001e-25,4.3588697120258246e-01,6.8970782623865634e-01,0.0000000000000000e+00
67,6.7000000000000037e-01,1,-5.7717476988239298e+00,-3.5782024976678364e+00,-2.0477200542781220e+00,-6.4551084572483308e+00,-3.8607896185248820e+00,-2.3569573409091791e+00,2.1088846175284001e-25,4.0889271826832307e-01,6.8773494266666579e-01,0.0000000000000000e+00
68,6.8000000000000038e-01,0,5.9056535132431849e+00,3.8864542129064814e+00,2.0050490315005569e+00,6.5953786123611211e+00,4.2742215866034003e+00,2.2758619501049941e+00,2.1088846175284001e-25,4.4060257652396700e-01,6.8508233367316218e-01,0.0000000000000000e+00
68,6.8000000000000038e-01,1,-5.8364782169568095e+00,-3.6169257618434409e+00,-2.0713516331444342e+00,-6.4905325863496595e+00,-3.8835645300995907e+00,-2.3691993932811375e+00,2.1088846175284001e-25,4.1345240139874606e-01,6.8308543397327404e-01,0.0000000000000000e+00
69,6.9000000000000039e-01,0,5.9717827411559901e+00,3.9293078818188465e+00,2.0278688205990778e+00,6.6300182987064771e+00,4.2962225178995510e+00,2.2879415917253727e+00,2.1088846175284001e-25,4.4522140961759032e-01,6.8055164028542248e-01,0.0000000000000000e+00
69,6.9000000000000039e-01,1,-5.9015583505509230e+00,-3.6558737882698282e+00,-2.0951040421437450e+00,-6.5250447144820916e+00,-3.9057506920971412e+00,-2.3811278309021477e+00,2.1088846175284001e-25,4.1791896795233030e-01,6.7853101571894392e-01,0.0000000000000000e+00
70,7.0000000000000040e-01,0,6.0382538792173142e+00,3.9723786632644722e+00,2.0508078633350642e+00,6.6637734445812988e+00,4.3176525021128720e+00,2.2997170096601818e+00,2.1088846175284001e-25,4.4974507838982553e-01,6.7611419305090059e-01,0.0000000000000000e+00
70,7.0000000000000040e-01,1,-5.9669791112464514e+00,-3.6950407756853840e+00,-2.1189741897624770e+00,-6.5586708075285935e+00,-3.9273651054072518e+00,-2.3927514608421934e+00,2.1088846175284001e-25,4.2229390936771005e-01,6.7407014092462214e-01,0.0000000000000000e+00
71,7.1000000000000041e-01,0,6.1050582100476163e+00,4.0156609318611043e+00,2.0738631607922815e+00,6.6966692976141857e+00,4.3385281152757997e+00,2.3111967505669364e+00,2.1088846175284001e-25,4.5417521127418525e-01,6.7176841684065458e-01,0.0000000000000000e+00
71,7.1000000000000041e-01,1,-6.0327317667014952e+00,-3.7344210903779738e+00,-2.1429590713605888e+00,-6.5914361098837908e+00,-3.9484242840766921e+00,-2.4040788526796755e+00,2.1088846175284001e-25,4.2657874090072551e-01,6.6970124043551604e-01,0.0000000000000000e+00
72,7.2000000000000042e-01,0,6.1721872651695984e+00,4.0591492255699881e+00,2.0970317983464031e+00,6.7287303976345489e+00,4.3588654552810677e+00,2.3223891282316576e+00,2.1088846175284001e-25,4.5851345221533446e-01,6.6751271946912683e-01,0.0000000000000000e+00
72,7.2000000000000042e-01,1,-6.0988078334441278e+00,-3.7740092613669178e+00,-2.1670557668160706e+00,-6.6233651581736508e+00,-3.9689442655626026e+00,-2.4151183425188854e+00,2.1088846175284001e-25,4.3077499654508700e-01,6.6542272796390756e-01,0.0000000000000000e+00
73,7.3000000000000043e-01,0,6.2396328180003078e+00,4.1028382409667250e+00,2.1203109433569147e+00,6.7599805909641679e+00,4.3786801524665613e+00,2.3333022278063256e+00,2.1088846175284001e-25,4.6276145610136815e-01,6.6334549629483153e-01,0.0000000000000000e+00
73,7.3000000000000043e-01,1,-6.1651990698649684e+00,-3.8137999756892258e+00,-2.1912614382109670e+00,-6.6544817955791515e+00,-3.9889406212939180e+00,-2.4258780372561648e+00,2.1088846175284001e-25,4.3488422439909036e-01,6.6123300468500945e-01,0.0000000000000000e+00
74,7.4000000000000044e-01,0,6.3073868769888817e+00,4.1467228286193185e+00,2.1436978429025300e+00,6.7904430451890745e+00,4.3979873804307346e+00,2.3439439102511788e+00,2.1088846175284001e-25,4.6692088461247439e-01,6.5926513440550516e-01,0.0000000000000000e+00
74,7.4000000000000044e-01,1,-6.2318974693557108e+00,-3.8537880737927965e+00,-2.2155733275611946e+00,-6.6848091866392032e+00,-4.0084284674642729e+00,-2.4363658190499082e+00,2.1088846175284001e-25,4.3890798244701684e-01,6.5713046341743231e-01,0.0000000000000000e+00
75,7.5000000000000044e-01,0,6.3754416789040889e+00,4.1907979885753388e+00,2.1671898215619385e+00,6.8201402643023590e+00,4.4168018670118281e+00,2.3543218169423179e+00,2.1088846175284001e-25,4.7099340245611682e-01,6.5527001641760008e-01,0.0000000000000000e+00
75,7.5000000000000044e-01,1,-6.2988952535977525e+00,-3.8939685450385113e+00,-2.2399887545919657e+00,-6.7143698324234364e+00,-4.0274224759895958e+00,-2.4465893499548792e+00,2.1088846175284001e-25,4.4284783472578992e-01,6.5311349241813910e-01,0.0000000000000000e+00
76,7.6000000000000045e-01,0,6.4437896822749288e+00,4.2350588659595543e+00,2.1907842792413761e+00,6.8490941041166939e+00,4.4351379053693440e+00,2.3644433744079105e+00,2.1088846175284001e-25,4.7498067396001747e-01,6.5135852391830240e-01,0.0000000000000000e+00
76,7.6000000000000045e-01,1,-6.3661848660041800e+00,-3.9343365233125884e+00,-2.2645051145602926e+00,-6.7431855859736460e+00,-4.0459368855688380e+00,-2.4565560766841439e+00,2.1088846175284001e-25,4.4670534784858973e-01,6.4918047882007057e-01,0.0000000000000000e+00
77,7.7000000000000046e-01,0,6.5124235609864236e+00,4.2795007466827251e+00,2.2144786890500967e+00,6.8773257878583296e+00,4.4530093651145091e+00,2.3743157991608039e+00,2.1088846175284001e-25,4.7888435999615209e-01,6.4752904057663208e-01,0.0000000000000000e+00
77,7.7000000000000046e-01,1,-6.4337589653172262e+00,-3.9748872827498882e+00,-2.2891198761256488e+00,-6.7712776679256592e+00,-4.0639855127945399e+00,-2.4662732354664447e+00,2.1088846175284001e-25,4.5048208785898131e-01,6.4532981173899684e-01,0.0000000000000000e+00
78,7.8000000000000047e-01,0,6.5813361980320968e+00,4.3241190532618452e+00,2.2382705952245923e+00,6.9048559218696708e+00,4.4704297034462268e+00,2.3839461026007065e+00,2.1088846175284001e-25,4.8270611521129980e-01,6.4377995494856499e-01,0.0000000000000000e+00
78,7.8000000000000047e-01,1,-6.5016104193626933e+00,-4.0156162335684789e+00,-2.3138305792696219e+00,-6.7986666822387498e+00,-4.0815817632697051e+00,-2.4757478569721934e+00,2.1088846175284001e-25,4.5417961739139778e-01,6.4155988507453554e-01,0.0000000000000000e+00
79,7.9000000000000048e-01,0,6.6505206794238179e+00,4.3689093407516504e+00,2.2621576111021104e+00,6.9317045113472311e+00,4.4874119762487643e+00,2.3933410959590100e+00,2.1088846175284001e-25,4.8644758553995487e-01,6.4010966299957672e-01,0.0000000000000000e+00
79,7.9000000000000048e-01,1,-6.5697322989620011e+00,-4.0565189180152821e+00,-2.3386348332650928e+00,-6.8253726319593957e+00,-4.0987386426872074e+00,-2.4849867712811697e+00,2.1088846175284001e-25,4.5779949311407381e-01,6.3786910002873676e-01,0.0000000000000000e+00
80,8.0000000000000049e-01,0,6.7199702882590415e+00,4.4138672927868212e+00,2.2861374171437721e+00,6.9578909760557544e+00,4.5039688491162977e+00,2.4025073952642275e+00,2.1088846175284001e-25,4.9011040597767802e-01,6.3651657036652420e-01,0.0000000000000000e+00
80,8.0000000000000049e-01,1,-6.6381178720018816e+00,-4.0975910064222232e+00,-2.3635303146952449e+00,-6.8514149349601912e+00,-4.1154687678368056e+00,-2.4939966128699229e+00,2.1088846175284001e-25,4.6134326343274168e-01,6.3425586736414763e-01,0.0000000000000000e+00
81,8.1000000000000050e-01,0,6.7896784989449328e+00,4.4589887177339769e+00,2.3102077590073948e+00,6.9834341659678545e+00,4.5201126082748173e+00,2.4114514263090214e+00,2.1088846175284001e-25,4.9369619859455477e-01,6.3299909437934510e-01,0.0000000000000000e+00
81,8.1000000000000050e-01,1,-6.7067605976612050e+00,-4.1388282933720184e+00,-2.3885147655224910e+00,-6.8768124396032695e+00,-4.1317843775102530e+00,-2.5027838255998689e+00,2.1088846175284001e-25,4.6481246643495600e-01,6.3071860942183888e-01,0.0000000000000000e+00
82,8.2000000000000051e-01,0,6.8596389715783985e+00,4.5042695449523178e+00,2.3343664456699527e+00,7.0083523767816125e+00,4.5358551713737949e+00,2.4201794296009251e+00,2.1088846175284001e-25,4.9720657076927793e-01,6.2955566586169742e-01,0.0000000000000000e+00
82,8.2000000000000051e-01,1,-6.7756541207939467e+00,-4.1802266939724282e+00,-2.4135859912072419e+00,-6.9015834402806879e+00,-4.1476973432768522e+00,-2.5113546676882090e+00,2.1088846175284001e-25,4.6820862805574709e-01,6.2725576191851307e-01,0.0000000000000000e+00
83,8.3000000000000052e-01,0,6.9298455464805651e+00,4.5497058211614529e+00,2.3586113475994135e+00,7.0326633652778066e+00,4.5512080981258158e+00,2.4286974652821085e+00,2.1088846175284001e-25,5.0064311362610747e-01,6.2618473072836667e-01,0.0000000000000000e+00
83,8.3000000000000052e-01,1,-6.8447922664668184e+00,-4.2217822402375553e+00,-2.4387418588762548e+00,-6.9257456927934706e+00,-4.1632191801076370e+00,-2.5197152166470405e+00,2.1088846175284001e-25,4.7153326044700683e-01,6.2386577554052147e-01,0.0000000000000000e+00
84,8.4000000000000052e-01,0,7.0002922388839544e+00,4.5952937069148341e+00,2.3829403949755950e+00,7.0563843644825894e+00,4.5661826007749209e+00,2.4370114180050186e+00,2.1088846175284001e-25,5.0400740065800487e-01,6.2288475139602961e-01,0.0000000000000000e+00
84,8.4000000000000052e-01,1,-6.9141690346498157e+00,-4.2634910775745807e+00,-2.4639802955401828e+00,-6.9493164295351182e+00,-4.1783610568288720e+00,-2.5278713741775123e+00,2.1088846175284001e-25,4.7478786053403016e-01,6.2054711735137924e-01,0.0000000000000000e+00
85,8.5000000000000053e-01,0,7.0709732337702169e+00,4.6410294731769515e+00,2.4073515759595141e+00,7.0795320986055188e+00,4.5807895543769321e+00,2.4451270017522111e+00,2.1088846175284001e-25,5.0730098652028210e-01,6.1965420802281190e-01,0.0000000000000000e+00
85,8.5000000000000053e-01,1,-6.9837785950575206e+00,-4.3053494613741323e+00,-2.4892992863598051e+00,-6.9723123744495314e+00,-4.1931338063881309e+00,-2.5358288710073649e+00,2.1088846175284001e-25,4.7797390874366874e-01,6.1729827202821408e-01,0.0000000000000000e+00
86,8.6000000000000054e-01,0,7.1418828808560653e+00,4.6869094980023727e+00,2.4318429350106392e+00,7.1021227977317816e+00,4.5950395068806227e+00,2.4530497645918272e+00,2.1088846175284001e-25,5.1052540598084062e-01,6.1649159959096722e-01,0.0000000000000000e+00
86,8.6000000000000054e-01,1,-7.0536152821388063e+00,-4.3473537537023432e+00,-2.5146968729603301e+00,-6.9947497577421727e+00,-4.2075479359217507e+00,-2.5435932716633327e+00,2.1088846175284001e-25,4.8109286789024641e-01,6.1411774294147536e-01,0.0000000000000000e+00
87,8.7000000000000055e-01,0,7.2130156897248527e+00,4.7329302633145645e+00,2.4564125712513505e+00,7.1241722122447255e+00,4.6089426889967617e+00,2.4607850933592834e+00,2.1088846175284001e-25,5.1368217301317032e-01,6.1339544484597364e-01,0.0000000000000000e+00
87,8.7000000000000055e-01,1,-7.1236735902123645e+00,-4.3895004200925678e+00,-2.5401711517930718e+00,-7.0166443303206147e+00,-4.2216136366106838e+00,-2.5511699791689937e+00,2.1088846175284001e-25,4.8414618220549466e-01,6.1100405309119954e-01,0.0000000000000000e+00
88,8.8000000000000056e-01,0,7.2843663251009589e+00,4.7790883517823080e+00,2.4810586368778247e+00,7.1456956269633860e+00,4.6225090238474413e+00,2.4683382182587681e+00,2.1088846175284001e-25,5.1677278001995064e-01,6.1036428310437629e-01,0.0000000000000000e+00
88,8.8000000000000056e-01,1,-7.1939481687452185e+00,-4.4317860264345574e+00,-2.5657202725437096e+00,-7.0380113779491635e+00,-4.2353407933170910e+00,-2.5585642396616879e+00,2.1088846175284001e-25,4.8713527650040539e-01,6.0795574591215851e-01,0.0000000000000000e+00
89,8.9000000000000057e-01,0,7.3559296022641192e+00,4.8253804437915129e+00,2.5057793356165261e+00,7.1667078749807374e+00,4.6357481363886421e+00,2.4757142173785476e+00,2.1088846175284001e-25,5.1979869717572258e-01,6.0739667494178062e-01,0.0000000000000000e+00
89,8.9000000000000057e-01,1,-7.2644338177713470e+00,-4.4742072359589100e+00,-2.5913424365863049e+00,-7.0588657351033088e+00,-4.2487389939946247e+00,-2.5657811469225251e+00,2.1088846175284001e-25,4.9006155544751506e-01,6.0497138595929645e-01,0.0000000000000000e+00
90,9.0000000000000058e-01,0,7.4277004826005735e+00,4.8718033145100801e+00,2.5305729212253958e+00,7.1872233511942412e+00,4.6486693626026456e+00,2.4829180211161677e+00,2.1088846175284001e-25,5.2276137187837823e-01,6.0449120277155977e-01,0.0000000000000000e+00
90,9.0000000000000058e-01,1,-7.3351254834472845e+00,-4.5167608063144504e+00,-2.6170358954821600e+00,-7.0792217985155768e+00,-4.2618175388689501e+00,-2.5728256468155952e+00,2.1088846175284001e-25,4.9292640297339474e-01,6.0204955948401562e-01,0.0000000000000000e+00
91,9.1000000000000059e-01,0,7.4996740692880044e+00,4.9183538310435653e+00,2.5554376960388492e+00,7.2072560255182250e+00,4.6612817584554884e+00,2.4899544165089766e+00,2.1088846175284001e-25,5.2566222829937459e-01,6.0164647132402393e-01,0.0000000000000000e+00
91,9.1000000000000059e-01,1,-7.4060182537416592e+00,-4.5594435867362888e+00,-2.6427989495226170e+00,-7.0990935404023459e+00,-4.2745854493836832e+00,-2.5797025416318204e+00,2.1088846175284001e-25,4.9573118175128505e-01,5.9918887491105899e-01,0.0000000000000000e+00
92,9.2000000000000060e-01,0,7.5718456031109378e+00,4.9650289496791906e+00,2.5803720095555751e+00,7.2268194557710812e+00,4.6735941086167836e+00,2.4968280514666326e+00,2.1088846175284001e-25,5.2850266702349047e-01,5.9886110803506820e-01,0.0000000000000000e+00
92,9.2000000000000060e-01,1,-7.4771073542553319e+00,-4.6022525153021236e+00,-2.6686299463147964e+00,-7.1184945213646120e+00,-4.2870514769090340e+00,-2.5864164943341419e+00,2.1088846175284001e-25,4.9847723278471540e-01,5.9638796322500598e-01,0.0000000000000000e+00
93,9.3000000000000060e-01,0,7.6442104584034256e+00,5.0118257132159014e+00,2.6053742570681817e+00,7.2459268002378003e+00,4.6856149349439251e+00,2.5035434389049356e+00,2.1088846175284001e-25,5.3128406477045853e-01,5.9613376335260737e-01,0.0000000000000000e+00
93,9.3000000000000060e-01,1,-7.5483881441689507e+00,-4.6451846162744692e+00,-2.6945272794093000e+00,-7.1374379029632466e+00,-4.2992241112151275e+00,-2.5929720327033965e+00,2.1088846175284001e-25,5.0116587507442933e-01,5.9364547827468694e-01,0.0000000000000000e+00
94,9.4000000000000061e-01,0,7.7167641391156936e+00,5.0587412483780696e+00,2.6304428783336737e+00,7.2645908299005262e+00,4.6973525047276290e+00,2.5101049607776327e+00,2.1088846175284001e-25,5.3400777419007017e-01,5.9346311096846094e-01,0.0000000000000000e+00
94,9.4000000000000061e-01,1,-7.6198561123145954e+00,-4.6882369975264266e+00,-2.7204893869688647e+00,-7.1559364599614366e+00,-4.3111115887069431e+00,-2.5993735533815552e+00,2.1088846175284001e-25,5.0379840536023290e-01,5.9096009700318042e-01,0.0000000000000000e+00
95,9.5000000000000062e-01,0,7.7895022750014364e+00,5.1057727633104548e+00,2.6555763562837345e+00,7.2828239403400934e+00,4.7088148387022235e+00,2.5165168720064655e+00,2.1088846175284001e-25,5.3667512372422255e-01,5.9084784798274959e-01,0.0000000000000000e+00
95,9.5000000000000062e-01,1,-7.6915068733681782e+00,-4.7314068480486089e+00,-2.7465147504769312e+00,-7.1740025922372830e+00,-4.3227219004242414e+00,-2.6056253258126083e+00,2.1088846175284001e-25,5.0637609793122051e-01,5.8833051961045213e-01,0.0000000000000000e+00
96,9.6000000000000063e-01,0,7.8624206179224956e+00,5.1529175451521141e+00,2.6807732157738031e+00,7.3006381633074175e+00,4.7200097188214194e+00,2.5227833043083479e+00,2.1088846175284001e-25,5.3928741752915910e-01,5.8828669500729913e-01,0.0000000000000000e+00
96,9.6000000000000063e-01,1,-7.7633361641593401e+00,-4.7746914355349110e+00,-2.7726018934851169e+00,-7.1916483363654491e+00,-4.3340627998071826e+00,-2.6117314960800093e+00,2.1088846175284001e-25,5.0890020449762063e-01,5.8575546965513026e-01,0.0000000000000000e+00
97,9.7000000000000064e-01,0,7.9355150382675843e+00,5.2001729576868829e+00,2.7060320223699015e+00,7.3180451779656996e+00,4.7309446958015400e+00,2.5289082699193175e+00,2.1088846175284001e-25,5.4184593545180915e-01,5.8577839621402827e-01,0.0000000000000000e+00
97,9.7000000000000064e-01,1,-7.8353398400954868e+00,-4.8180881040447519e+00,-2.7987493803985317e+00,-7.2088853768688175e+00,-4.3451418102295900e+00,-2.6176960906403393e+00,2.1088846175284001e-25,5.1137195411816005e-01,5.8323369410139458e-01,0.0000000000000000e+00
98,9.8000000000000065e-01,0,8.0087815214818097e+00,5.2475364390681456e+00,2.7313513811721895e+00,7.3350563218098648e+00,4.7416270964375977e+00,2.5348956652168595e+00,2.1088846175284001e-25,5.4435193305527518e-01,5.8332171933381316e-01,0.0000000000000000e+00
98,9.8000000000000065e-01,1,-7.9075138716967173e+00,-4.8615942717395031e+00,-2.8249558152979239e+00,-7.2257250571466045e+00,-4.3559662323052244e+00,-2.6235230199548032e+00,2.1088846175284001e-25,5.1379255317796180e-01,5.8076396331646796e-01,0.0000000000000000e+00
99,9.9000000000000066e-01,0,8.0822161647037820e+00,5.2950054996156357e+00,2.7567299356742385e+00,7.3516826012632119e+00,4.7520640306934352e+00,2.5407492742399724e+00,2.1088846175284001e-25,5.4680664168789361e-01,5.8091545561087043e-01,0.0000000000000000e+00
99,9.9000000000000066e-01,1,-7.9798543412384202e+00,-4.9052074286908569e+00,-2.8512198407976279e+00,-7.2421783900789087e+00,-4.3665431509682433e+00,-2.6292160820179555e+00,2.1088846175284001e-25,5.1616318541139306e-01,5.7834507102375277e-01,0.0000000000000000e+00
100,1.0000000000000007e+00,0,8.1558151735070741e+00,5.3425777196820139e+00,2.7821663666569889e+00,7.3679347019560257e+00,4.7622623985701154e+00,2.5464727721080580e+00,2.1088846175284001e-25,5.4921126859130509e-01,5.7855841971728938e-01,0.0000000000000000e+00
100,1.0000000000000007e+00,1,-8.0523574394982962e+00,-4.9489251347588681e+00,-2.8775401369382831e+00,-7.2582560683124688e+00,-4.3768794423320330e+00,-2.6347789657847436e+00,2.1088846175284001e-25,5.1848501196527796e-01,5.7597583421624055e-01,0.0000000000000000e+00
