arm,a,c,E_bind_tag,tau_ps,E0_eV,n,weight,mean_KE_eV
lin,27.5,,eb0482,4.8,0.35,0,0.0767,0.9678
lin,27.5,,eb0482,4.8,0.35,1,0.1835,0.8922
lin,27.5,,eb0482,4.8,0.35,2,0.1465,0.827
lin,27.5,,eb0482,4.8,0.35,3,0.1187,0.7776
lin,27.5,,eb0482,4.8,0.35,4,0.0831,0.7376
lin,27.5,,eb0482,4.8,0.35,5,0.0719,0.7023
lin,27.5,,eb0482,4.8,0.35,6,0.0639,0.6672
lin,27.5,,eb0482,4.8,0.35,7,0.0538,0.6279
lin,27.5,,eb0482,4.8,0.35,8,0.0438,0.5863
lin,27.5,,eb0482,4.8,0.35,9,0.0369,0.5437
lin,27.5,,eb0482,4.8,0.35,10,0.0281,0.4981
lin,27.5,,eb0482,4.8,0.35,11,0.0241,0.4526
lin,27.5,,eb0482,4.8,0.35,12,0.0189,0.4039
lin,27.5,,eb0482,4.8,0.35,13,0.0146,0.3551
lin,27.5,,eb0482,4.8,0.35,14,0.0113,0.3036
lin,27.5,,eb0482,4.8,0.35,15,0.008,0.2526
lin,27.5,,eb0482,4.8,0.35,16,0.0059,0.2025
lin,27.5,,eb0482,4.8,0.35,17,0.0044,0.1515
lin,27.5,,eb0482,4.8,0.35,18,0.0032,0.1015
lin,27.5,,eb0482,4.8,0.35,19,0.0017,0.0607
lin,27.5,,eb0482,4.8,0.35,20,0.0011,0.0213
lin,27.5,,eb1168,4.8,0.35,0,0.074,0.9307
lin,27.5,,eb1168,4.8,0.35,1,0.182,0.8546
lin,27.5,,eb1168,4.8,0.35,2,0.1472,0.7885
lin,27.5,,eb1168,4.8,0.35,3,0.1184,0.7382
lin,27.5,,eb1168,4.8,0.35,4,0.0836,0.6975
lin,27.5,,eb1168,4.8,0.35,5,0.0725,0.6612
lin,27.5,,eb1168,4.8,0.35,6,0.0644,0.6251
lin,27.5,,eb1168,4.8,0.35,7,0.0546,0.5848
lin,27.5,,eb1168,4.8,0.35,8,0.044,0.5424
lin,27.5,,eb1168,4.8,0.35,9,0.0373,0.499
lin,27.5,,eb1168,4.8,0.35,10,0.0285,0.453
lin,27.5,,eb1168,4.8,0.35,11,0.0245,0.4063
lin,27.5,,eb1168,4.8,0.35,12,0.0192,0.3568
lin,27.5,,eb1168,4.8,0.35,13,0.0149,0.3073
lin,27.5,,eb1168,4.8,0.35,14,0.0114,0.2556
lin,27.5,,eb1168,4.8,0.35,15,0.0083,0.2048
lin,27.5,,eb1168,4.8,0.35,16,0.006,0.1547
lin,27.5,,eb1168,4.8,0.35,17,0.0045,0.1044
lin,27.5,,eb1168,4.8,0.35,18,0.0031,0.0571
lin,27.5,,eb1168,4.8,0.35,19,0.0018,0.0205
lin,27.5,,eb154,4.8,0.35,0,0.0726,0.9105
lin,27.5,,eb154,4.8,0.35,1,0.1813,0.8342
lin,27.5,,eb154,4.8,0.35,2,0.1473,0.7676
lin,27.5,,eb154,4.8,0.35,3,0.1189,0.7169
lin,27.5,,eb154,4.8,0.35,4,0.0835,0.6758
lin,27.5,,eb154,4.8,0.35,5,0.0728,0.6392
lin,27.5,,eb154,4.8,0.35,6,0.0656,0.6022
lin,27.5,,eb154,4.8,0.35,7,0.0544,0.5614
lin,27.5,,eb154,4.8,0.35,8,0.0442,0.5188
lin,27.5,,eb154,4.8,0.35,9,0.0379,0.4748
lin,27.5,,eb154,4.8,0.35,10,0.0284,0.4285
lin,27.5,,eb154,4.8,0.35,11,0.0247,0.3818
lin,27.5,,eb154,4.8,0.35,12,0.0194,0.3319
lin,27.5,,eb154,4.8,0.35,13,0.015,0.2823
lin,27.5,,eb154,4.8,0.35,14,0.0117,0.2302
lin,27.5,,eb154,4.8,0.35,15,0.0082,0.1797
lin,27.5,,eb154,4.8,0.35,16,0.0062,0.1301
lin,27.5,,eb154,4.8,0.35,17,0.0044,0.0796
lin,27.5,,eb154,4.8,0.35,18,0.0029,0.0352
lin,27.5,,eb154,4.8,0.35,19,0.0007,0.0105
lin,30.0,,eb0482,4.8,0.36,0,0.1067,0.9027
lin,30.0,,eb0482,4.8,0.36,1,0.1861,0.817
lin,30.0,,eb0482,4.8,0.36,2,0.1383,0.7491
lin,30.0,,eb0482,4.8,0.36,3,0.1105,0.698
lin,30.0,,eb0482,4.8,0.36,4,0.0757,0.6576
lin,30.0,,eb0482,4.8,0.36,5,0.0675,0.622
lin,30.0,,eb0482,4.8,0.36,6,0.06,0.5867
lin,30.0,,eb0482,4.8,0.36,7,0.051,0.5476
lin,30.0,,eb0482,4.8,0.36,8,0.0412,0.5072
lin,30.0,,eb0482,4.8,0.36,9,0.0357,0.4661
lin,30.0,,eb0482,4.8,0.36,10,0.028,0.4232
lin,30.0,,eb0482,4.8,0.36,11,0.0241,0.3792
lin,30.0,,eb0482,4.8,0.36,12,0.0188,0.3342
lin,30.0,,eb0482,4.8,0.36,13,0.0155,0.2896
lin,30.0,,eb0482,4.8,0.36,14,0.0115,0.2449
lin,30.0,,eb0482,4.8,0.36,15,0.0095,0.2003
lin,30.0,,eb0482,4.8,0.36,16,0.007,0.1549
lin,30.0,,eb0482,4.8,0.36,17,0.0051,0.1121
lin,30.0,,eb0482,4.8,0.36,18,0.0038,0.072
lin,30.0,,eb0482,4.8,0.36,19,0.0028,0.0367
lin,30.0,,eb0482,4.8,0.36,20,0.0013,0.0126
lin,30.0,,eb1168,4.8,0.36,0,0.1036,0.8661
lin,30.0,,eb1168,4.8,0.36,1,0.1853,0.7801
lin,30.0,,eb1168,4.8,0.36,2,0.1388,0.7114
lin,30.0,,eb1168,4.8,0.36,3,0.1112,0.6597
lin,30.0,,eb1168,4.8,0.36,4,0.0766,0.6183
lin,30.0,,eb1168,4.8,0.36,5,0.0683,0.5817
lin,30.0,,eb1168,4.8,0.36,6,0.0606,0.5453
lin,30.0,,eb1168,4.8,0.36,7,0.0514,0.5056
lin,30.0,,eb1168,4.8,0.36,8,0.042,0.4645
lin,30.0,,eb1168,4.8,0.36,9,0.0359,0.4227
lin,30.0,,eb1168,4.8,0.36,10,0.0283,0.3799
lin,30.0,,eb1168,4.8,0.36,11,0.0249,0.3348
lin,30.0,,eb1168,4.8,0.36,12,0.0189,0.2894
lin,30.0,,eb1168,4.8,0.36,13,0.0156,0.2447
lin,30.0,,eb1168,4.8,0.36,14,0.0121,0.2006
lin,30.0,,eb1168,4.8,0.36,15,0.0094,0.1553
lin,30.0,,eb1168,4.8,0.36,16,0.0074,0.1112
lin,30.0,,eb1168,4.8,0.36,17,0.0051,0.0692
lin,30.0,,eb1168,4.8,0.36,18,0.0036,0.0317
lin,30.0,,eb1168,4.8,0.36,19,0.001,0.0099
lin,30.0,,eb154,4.8,0.36,0,0.1021,0.8461
lin,30.0,,eb154,4.8,0.36,1,0.1849,0.7601
lin,30.0,,eb154,4.8,0.36,2,0.1388,0.6911
lin,30.0,,eb154,4.8,0.36,3,0.112,0.6389
lin,30.0,,eb154,4.8,0.36,4,0.0775,0.5969
lin,30.0,,eb154,4.8,0.36,5,0.0679,0.5598
lin,30.0,,eb154,4.8,0.36,6,0.0612,0.5232
lin,30.0,,eb154,4.8,0.36,7,0.0518,0.4829
lin,30.0,,eb154,4.8,0.36,8,0.042,0.4417
lin,30.0,,eb154,4.8,0.36,9,0.0362,0.3997
lin,30.0,,eb154,4.8,0.36,10,0.0287,0.3565
lin,30.0,,eb154,4.8,0.36,11,0.025,0.3109
lin,30.0,,eb154,4.8,0.36,12,0.0192,0.2658
lin,30.0,,eb154,4.8,0.36,13,0.0162,0.22
lin,30.0,,eb154,4.8,0.36,14,0.012,0.1754
lin,30.0,,eb154,4.8,0.36,15,0.0097,0.1305
lin,30.0,,eb154,4.8,0.36,16,0.0072,0.0868
lin,30.0,,eb154,4.8,0.36,17,0.0052,0.0463
lin,30.0,,eb154,4.8,0.36,18,0.0022,0.0164
lin,32.5,,eb0482,4.8,0.36,0,0.0954,0.8614
lin,32.5,,eb0482,4.8,0.36,1,0.1771,0.7725
lin,32.5,,eb0482,4.8,0.36,2,0.1353,0.7019
lin,32.5,,eb0482,4.8,0.36,3,0.1094,0.6494
lin,32.5,,eb0482,4.8,0.36,4,0.0767,0.6074
lin,32.5,,eb0482,4.8,0.36,5,0.066,0.5716
lin,32.5,,eb0482,4.8,0.36,6,0.0627,0.5352
lin,32.5,,eb0482,4.8,0.36,7,0.0521,0.4961
lin,32.5,,eb0482,4.8,0.36,8,0.0444,0.4563
lin,32.5,,eb0482,4.8,0.36,9,0.037,0.4151
lin,32.5,,eb0482,4.8,0.36,10,0.0314,0.374
lin,32.5,,eb0482,4.8,0.36,11,0.0246,0.3307
lin,32.5,,eb0482,4.8,0.36,12,0.0219,0.289
lin,32.5,,eb0482,4.8,0.36,13,0.017,0.2459
lin,32.5,,eb0482,4.8,0.36,14,0.014,0.2048
lin,32.5,,eb0482,4.8,0.36,15,0.0106,0.164
lin,32.5,,eb0482,4.8,0.36,16,0.0089,0.1249
lin,32.5,,eb0482,4.8,0.36,17,0.0063,0.0867
lin,32.5,,eb0482,4.8,0.36,18,0.0048,0.0535
lin,32.5,,eb0482,4.8,0.36,19,0.0034,0.0247
lin,32.5,,eb0482,4.8,0.36,20,0.001,0.0087
lin,32.5,,eb1168,4.8,0.36,0,0.0928,0.8251
lin,32.5,,eb1168,4.8,0.36,1,0.1763,0.7361
lin,32.5,,eb1168,4.8,0.36,2,0.1366,0.6648
lin,32.5,,eb1168,4.8,0.36,3,0.1102,0.6115
lin,32.5,,eb1168,4.8,0.36,4,0.0767,0.5688
lin,32.5,,eb1168,4.8,0.36,5,0.0676,0.5325
lin,32.5,,eb1168,4.8,0.36,6,0.0634,0.4946
lin,32.5,,eb1168,4.8,0.36,7,0.0523,0.4553
lin,32.5,,eb1168,4.8,0.36,8,0.0456,0.4149
lin,32.5,,eb1168,4.8,0.36,9,0.0378,0.3724
lin,32.5,,eb1168,4.8,0.36,10,0.032,0.3308
lin,32.5,,eb1168,4.8,0.36,11,0.0249,0.2873
lin,32.5,,eb1168,4.8,0.36,12,0.0218,0.2457
lin,32.5,,eb1168,4.8,0.36,13,0.0175,0.2028
lin,32.5,,eb1168,4.8,0.36,14,0.0144,0.161
lin,32.5,,eb1168,4.8,0.36,15,0.0106,0.1211
lin,32.5,,eb1168,4.8,0.36,16,0.0089,0.0831
lin,32.5,,eb1168,4.8,0.36,17,0.0066,0.0466
lin,32.5,,eb1168,4.8,0.36,18,0.0039,0.0175
lin,32.5,,eb154,4.8,0.36,0,0.0913,0.8056
lin,32.5,,eb154,4.8,0.36,1,0.1761,0.7165
lin,32.5,,eb154,4.8,0.36,2,0.137,0.6449
lin,32.5,,eb154,4.8,0.36,3,0.1108,0.5913
lin,32.5,,eb154,4.8,0.36,4,0.0775,0.5481
lin,32.5,,eb154,4.8,0.36,5,0.0679,0.5114
lin,32.5,,eb154,4.8,0.36,6,0.0639,0.4729
lin,32.5,,eb154,4.8,0.36,7,0.0531,0.4333
lin,32.5,,eb154,4.8,0.36,8,0.0458,0.3924
lin,32.5,,eb154,4.8,0.36,9,0.0382,0.3498
lin,32.5,,eb154,4.8,0.36,10,0.0327,0.3076
lin,32.5,,eb154,4.8,0.36,11,0.025,0.2638
lin,32.5,,eb154,4.8,0.36,12,0.0223,0.222
lin,32.5,,eb154,4.8,0.36,13,0.0173,0.1789
lin,32.5,,eb154,4.8,0.36,14,0.0142,0.1382
lin,32.5,,eb154,4.8,0.36,15,0.0112,0.0992
lin,32.5,,eb154,4.8,0.36,16,0.0089,0.06
lin,32.5,,eb154,4.8,0.36,17,0.0056,0.0272
lin,32.5,,eb154,4.8,0.36,18,0.0012,0.0093
lin,35.0,,eb0482,4.8,0.37,0,0.1242,0.7999
lin,35.0,,eb0482,4.8,0.37,1,0.1759,0.7027
lin,35.0,,eb0482,4.8,0.37,2,0.1274,0.6322
lin,35.0,,eb0482,4.8,0.37,3,0.1026,0.58
lin,35.0,,eb0482,4.8,0.37,4,0.0719,0.5386
lin,35.0,,eb0482,4.8,0.37,5,0.0616,0.5033
lin,35.0,,eb0482,4.8,0.37,6,0.0595,0.4681
lin,35.0,,eb0482,4.8,0.37,7,0.0492,0.4308
lin,35.0,,eb0482,4.8,0.37,8,0.0432,0.393
lin,35.0,,eb0482,4.8,0.37,9,0.0359,0.3538
lin,35.0,,eb0482,4.8,0.37,10,0.0313,0.3154
lin,35.0,,eb0482,4.8,0.37,11,0.0241,0.277
lin,35.0,,eb0482,4.8,0.37,12,0.022,0.2388
lin,35.0,,eb0482,4.8,0.37,13,0.0173,0.2014
lin,35.0,,eb0482,4.8,0.37,14,0.0151,0.1644
lin,35.0,,eb0482,4.8,0.37,15,0.0121,0.1288
lin,35.0,,eb0482,4.8,0.37,16,0.0091,0.0949
lin,35.0,,eb0482,4.8,0.37,17,0.0078,0.0652
lin,35.0,,eb0482,4.8,0.37,18,0.0056,0.037
lin,35.0,,eb0482,4.8,0.37,19,0.0038,0.0159
lin,35.0,,eb0482,4.8,0.37,20,0.0006,0.0062
lin,35.0,,eb0482,6.4,0.3,0,0.026,0.8763
lin,35.0,,eb0482,6.4,0.3,1,0.1873,0.7688
lin,35.0,,eb0482,6.4,0.3,2,0.1763,0.669
lin,35.0,,eb0482,6.4,0.3,3,0.1397,0.5921
lin,35.0,,eb0482,6.4,0.3,4,0.0927,0.5316
lin,35.0,,eb0482,6.4,0.3,5,0.0792,0.4806
lin,35.0,,eb0482,6.4,0.3,6,0.0656,0.4323
lin,35.0,,eb0482,6.4,0.3,7,0.0528,0.3835
lin,35.0,,eb0482,6.4,0.3,8,0.0415,0.3359
lin,35.0,,eb0482,6.4,0.3,9,0.0335,0.2914
lin,35.0,,eb0482,6.4,0.3,10,0.0261,0.2462
lin,35.0,,eb0482,6.4,0.3,11,0.0212,0.2051
lin,35.0,,eb0482,6.4,0.3,12,0.0165,0.1654
lin,35.0,,eb0482,6.4,0.3,13,0.0127,0.1297
lin,35.0,,eb0482,6.4,0.3,14,0.0094,0.0972
lin,35.0,,eb0482,6.4,0.3,15,0.0074,0.0694
lin,35.0,,eb0482,6.4,0.3,16,0.0058,0.0439
lin,35.0,,eb0482,6.4,0.3,17,0.0041,0.023
lin,35.0,,eb0482,6.4,0.3,18,0.0022,0.0097
lin,35.0,,eb1168,4.8,0.37,0,0.1217,0.7642
lin,35.0,,eb1168,4.8,0.37,1,0.1763,0.6671
lin,35.0,,eb1168,4.8,0.37,2,0.1292,0.5958
lin,35.0,,eb1168,4.8,0.37,3,0.1034,0.5429
lin,35.0,,eb1168,4.8,0.37,4,0.0727,0.501
lin,35.0,,eb1168,4.8,0.37,5,0.063,0.4651
lin,35.0,,eb1168,4.8,0.37,6,0.0608,0.4285
lin,35.0,,eb1168,4.8,0.37,7,0.05,0.3907
lin,35.0,,eb1168,4.8,0.37,8,0.0434,0.3527
lin,35.0,,eb1168,4.8,0.37,9,0.0368,0.3132
lin,35.0,,eb1168,4.8,0.37,10,0.0316,0.2746
lin,35.0,,eb1168,4.8,0.37,11,0.0253,0.2359
lin,35.0,,eb1168,4.8,0.37,12,0.0218,0.1971
lin,35.0,,eb1168,4.8,0.37,13,0.0184,0.1594
lin,35.0,,eb1168,4.8,0.37,14,0.0153,0.1221
lin,35.0,,eb1168,4.8,0.37,15,0.0121,0.0874
lin,35.0,,eb1168,4.8,0.37,16,0.0088,0.0563
lin,35.0,,eb1168,4.8,0.37,17,0.0074,0.0281
lin,35.0,,eb1168,4.8,0.37,18,0.0022,0.0116
lin,35.0,,eb154,4.8,0.37,0,0.1202,0.745
lin,35.0,,eb154,4.8,0.37,1,0.1767,0.648
lin,35.0,,eb154,4.8,0.37,2,0.1306,0.5763
lin,35.0,,eb154,4.8,0.37,3,0.1043,0.5229
lin,35.0,,eb154,4.8,0.37,4,0.0727,0.4808
lin,35.0,,eb154,4.8,0.37,5,0.0642,0.4447
lin,35.0,,eb154,4.8,0.37,6,0.0609,0.4075
lin,35.0,,eb154,4.8,0.37,7,0.051,0.3695
lin,35.0,,eb154,4.8,0.37,8,0.0441,0.3309
lin,35.0,,eb154,4.8,0.37,9,0.0367,0.2913
lin,35.0,,eb154,4.8,0.37,10,0.0323,0.2528
lin,35.0,,eb154,4.8,0.37,11,0.0257,0.2138
lin,35.0,,eb154,4.8,0.37,12,0.0221,0.1746
lin,35.0,,eb154,4.8,0.37,13,0.0184,0.1376
lin,35.0,,eb154,4.8,0.37,14,0.0147,0.1016
lin,35.0,,eb154,4.8,0.37,15,0.0124,0.0677
lin,35.0,,eb154,4.8,0.37,16,0.0089,0.0374
lin,35.0,,eb154,4.8,0.37,17,0.0042,0.0153
lin,37.5,,eb0482,4.8,0.38,0,0.1527,0.7414
lin,37.5,,eb0482,4.8,0.38,1,0.1717,0.6365
lin,37.5,,eb0482,4.8,0.38,2,0.121,0.567
lin,37.5,,eb0482,4.8,0.38,3,0.0957,0.5157
lin,37.5,,eb0482,4.8,0.38,4,0.0672,0.476
lin,37.5,,eb0482,4.8,0.38,5,0.0583,0.4421
lin,37.5,,eb0482,4.8,0.38,6,0.0567,0.408
lin,37.5,,eb0482,4.8,0.38,7,0.0472,0.3729
lin,37.5,,eb0482,4.8,0.38,8,0.0419,0.3373
lin,37.5,,eb0482,4.8,0.38,9,0.0345,0.3012
lin,37.5,,eb0482,4.8,0.38,10,0.0305,0.2667
lin,37.5,,eb0482,4.8,0.38,11,0.0253,0.2324
lin,37.5,,eb0482,4.8,0.38,12,0.0214,0.197
lin,37.5,,eb0482,4.8,0.38,13,0.0191,0.164
lin,37.5,,eb0482,4.8,0.38,14,0.015,0.131
lin,37.5,,eb0482,4.8,0.38,15,0.0128,0.1013
lin,37.5,,eb0482,4.8,0.38,16,0.0109,0.0738
lin,37.5,,eb0482,4.8,0.38,17,0.008,0.0476
lin,37.5,,eb0482,4.8,0.38,18,0.0066,0.0269
lin,37.5,,eb0482,4.8,0.38,19,0.0036,0.0118
lin,37.5,,eb1168,4.8,0.37,0,0.1093,0.7273
lin,37.5,,eb1168,4.8,0.37,1,0.1702,0.6288
lin,37.5,,eb1168,4.8,0.37,2,0.1268,0.5563
lin,37.5,,eb1168,4.8,0.37,3,0.1025,0.5037
lin,37.5,,eb1168,4.8,0.37,4,0.0744,0.4611
lin,37.5,,eb1168,4.8,0.37,5,0.0652,0.425
lin,37.5,,eb1168,4.8,0.37,6,0.0599,0.3876
lin,37.5,,eb1168,4.8,0.37,7,0.0539,0.3517
lin,37.5,,eb1168,4.8,0.37,8,0.0451,0.3136
lin,37.5,,eb1168,4.8,0.37,9,0.0387,0.2767
lin,37.5,,eb1168,4.8,0.37,10,0.0335,0.2391
lin,37.5,,eb1168,4.8,0.37,11,0.0293,0.2022
lin,37.5,,eb1168,4.8,0.37,12,0.022,0.1662
lin,37.5,,eb1168,4.8,0.37,13,0.02,0.1326
lin,37.5,,eb1168,4.8,0.37,14,0.0169,0.099
lin,37.5,,eb1168,4.8,0.37,15,0.0132,0.0687
lin,37.5,,eb1168,4.8,0.37,16,0.0108,0.041
lin,37.5,,eb1168,4.8,0.37,17,0.0072,0.0197
lin,37.5,,eb1168,4.8,0.37,18,0.0009,0.0098
lin,37.5,,eb1168,4.8,0.38,0,0.1504,0.7064
lin,37.5,,eb1168,4.8,0.38,1,0.1733,0.6019
lin,37.5,,eb1168,4.8,0.38,2,0.1229,0.5318
lin,37.5,,eb1168,4.8,0.38,3,0.0973,0.4801
lin,37.5,,eb1168,4.8,0.38,4,0.0691,0.4395
lin,37.5,,eb1168,4.8,0.38,5,0.0594,0.4048
lin,37.5,,eb1168,4.8,0.38,6,0.0574,0.3701
lin,37.5,,eb1168,4.8,0.38,7,0.0488,0.3346
lin,37.5,,eb1168,4.8,0.38,8,0.0428,0.2984
lin,37.5,,eb1168,4.8,0.38,9,0.0357,0.2618
lin,37.5,,eb1168,4.8,0.38,10,0.0307,0.2269
lin,37.5,,eb1168,4.8,0.38,11,0.0268,0.1924
lin,37.5,,eb1168,4.8,0.38,12,0.0214,0.1566
lin,37.5,,eb1168,4.8,0.38,13,0.0191,0.1242
lin,37.5,,eb1168,4.8,0.38,14,0.0151,0.0927
lin,37.5,,eb1168,4.8,0.38,15,0.0131,0.0635
lin,37.5,,eb1168,4.8,0.38,16,0.0099,0.0373
lin,37.5,,eb1168,4.8,0.38,17,0.0064,0.0171
lin,37.5,,eb154,4.8,0.37,0,0.1082,0.7083
lin,37.5,,eb154,4.8,0.37,1,0.1708,0.61
lin,37.5,,eb154,4.8,0.37,2,0.1285,0.5372
lin,37.5,,eb154,4.8,0.37,3,0.1038,0.4841
lin,37.5,,eb154,4.8,0.37,4,0.0747,0.4412
lin,37.5,,eb154,4.8,0.37,5,0.0667,0.4048
lin,37.5,,eb154,4.8,0.37,6,0.0604,0.3667
lin,37.5,,eb154,4.8,0.37,7,0.0543,0.3308
lin,37.5,,eb154,4.8,0.37,8,0.0457,0.2928
lin,37.5,,eb154,4.8,0.37,9,0.0394,0.2558
lin,37.5,,eb154,4.8,0.37,10,0.0342,0.2176
lin,37.5,,eb154,4.8,0.37,11,0.0291,0.181
lin,37.5,,eb154,4.8,0.37,12,0.0228,0.146
lin,37.5,,eb154,4.8,0.37,13,0.0204,0.1111
lin,37.5,,eb154,4.8,0.37,14,0.0166,0.079
lin,37.5,,eb154,4.8,0.37,15,0.0129,0.0493
lin,37.5,,eb154,4.8,0.37,16,0.0094,0.0243
lin,37.5,,eb154,4.8,0.37,17,0.0021,0.0122
lin,40.0,,eb0482,4.8,0.38,0,0.1392,0.705
lin,40.0,,eb0482,4.8,0.38,1,0.1652,0.6001
lin,40.0,,eb0482,4.8,0.38,2,0.1195,0.5301
lin,40.0,,eb0482,4.8,0.38,3,0.0953,0.4792
lin,40.0,,eb0482,4.8,0.38,4,0.0681,0.4391
lin,40.0,,eb0482,4.8,0.38,5,0.0601,0.4056
lin,40.0,,eb0482,4.8,0.38,6,0.0558,0.371
lin,40.0,,eb0482,4.8,0.38,7,0.0504,0.338
lin,40.0,,eb0482,4.8,0.38,8,0.0423,0.3036
lin,40.0,,eb0482,4.8,0.38,9,0.0376,0.27
lin,40.0,,eb0482,4.8,0.38,10,0.0324,0.2353
lin,40.0,,eb0482,4.8,0.38,11,0.028,0.2031
lin,40.0,,eb0482,4.8,0.38,12,0.0224,0.172
lin,40.0,,eb0482,4.8,0.38,13,0.0202,0.1405
lin,40.0,,eb0482,4.8,0.38,14,0.0178,0.1116
lin,40.0,,eb0482,4.8,0.38,15,0.0139,0.0834
lin,40.0,,eb0482,4.8,0.38,16,0.0121,0.0598
lin,40.0,,eb0482,4.8,0.38,17,0.0099,0.0381
lin,40.0,,eb0482,4.8,0.38,18,0.007,0.0205
lin,40.0,,eb0482,4.8,0.38,19,0.0028,0.0116
lin,40.0,,eb0482,4.8,0.39,0,0.1789,0.6865
lin,40.0,,eb0482,4.8,0.39,1,0.1666,0.5748
lin,40.0,,eb0482,4.8,0.39,2,0.1148,0.5071
lin,40.0,,eb0482,4.8,0.39,3,0.0902,0.4575
lin,40.0,,eb0482,4.8,0.39,4,0.0632,0.4197
lin,40.0,,eb0482,4.8,0.39,5,0.0554,0.3874
lin,40.0,,eb0482,4.8,0.39,6,0.0536,0.3552
lin,40.0,,eb0482,4.8,0.39,7,0.0459,0.3227
lin,40.0,,eb0482,4.8,0.39,8,0.0409,0.2895
lin,40.0,,eb0482,4.8,0.39,9,0.0334,0.2572
lin,40.0,,eb0482,4.8,0.39,10,0.0308,0.2252
lin,40.0,,eb0482,4.8,0.39,11,0.0264,0.1935
lin,40.0,,eb0482,4.8,0.39,12,0.0214,0.1633
lin,40.0,,eb0482,4.8,0.39,13,0.0187,0.1336
lin,40.0,,eb0482,4.8,0.39,14,0.0162,0.1066
lin,40.0,,eb0482,4.8,0.39,15,0.0137,0.0801
lin,40.0,,eb0482,4.8,0.39,16,0.0113,0.0565
lin,40.0,,eb0482,4.8,0.39,17,0.0095,0.0365
lin,40.0,,eb0482,4.8,0.39,18,0.0065,0.0195
lin,40.0,,eb0482,4.8,0.39,19,0.0025,0.0114
lin,40.0,,eb1168,4.8,0.38,0,0.1374,0.6707
lin,40.0,,eb1168,4.8,0.38,1,0.1678,0.5663
lin,40.0,,eb1168,4.8,0.38,2,0.1225,0.4957
lin,40.0,,eb1168,4.8,0.38,3,0.0964,0.4444
lin,40.0,,eb1168,4.8,0.38,4,0.0705,0.4041
lin,40.0,,eb1168,4.8,0.38,5,0.0625,0.3695
lin,40.0,,eb1168,4.8,0.38,6,0.0569,0.334
lin,40.0,,eb1168,4.8,0.38,7,0.0512,0.3013
lin,40.0,,eb1168,4.8,0.38,8,0.044,0.2664
lin,40.0,,eb1168,4.8,0.38,9,0.0391,0.2321
lin,40.0,,eb1168,4.8,0.38,10,0.0331,0.1971
lin,40.0,,eb1168,4.8,0.38,11,0.0284,0.1652
lin,40.0,,eb1168,4.8,0.38,12,0.0243,0.1337
lin,40.0,,eb1168,4.8,0.38,13,0.0197,0.1022
lin,40.0,,eb1168,4.8,0.38,14,0.017,0.0754
lin,40.0,,eb1168,4.8,0.38,15,0.0141,0.0494
lin,40.0,,eb1168,4.8,0.38,16,0.0106,0.0281
lin,40.0,,eb1168,4.8,0.38,17,0.0043,0.0141
lin,40.0,,eb154,4.8,0.38,0,0.1368,0.652
lin,40.0,,eb154,4.8,0.38,1,0.1695,0.5479
lin,40.0,,eb154,4.8,0.38,2,0.1239,0.477
lin,40.0,,eb154,4.8,0.38,3,0.0975,0.4257
lin,40.0,,eb154,4.8,0.38,4,0.0716,0.385
lin,40.0,,eb154,4.8,0.38,5,0.0638,0.3501
lin,40.0,,eb154,4.8,0.38,6,0.0568,0.3146
lin,40.0,,eb154,4.8,0.38,7,0.0526,0.2818
lin,40.0,,eb154,4.8,0.38,8,0.0452,0.2463
lin,40.0,,eb154,4.8,0.38,9,0.0399,0.2116
lin,40.0,,eb154,4.8,0.38,10,0.0333,0.1765
lin,40.0,,eb154,4.8,0.38,11,0.0286,0.145
lin,40.0,,eb154,4.8,0.38,12,0.0251,0.114
lin,40.0,,eb154,4.8,0.38,13,0.019,0.0831
lin,40.0,,eb154,4.8,0.38,14,0.0171,0.0568
lin,40.0,,eb154,4.8,0.38,15,0.0132,0.0332
lin,40.0,,eb154,4.8,0.38,16,0.0059,0.0147
lin,42.5,,eb0482,4.8,0.39,0,0.1644,0.6518
lin,42.5,,eb0482,4.8,0.39,1,0.1613,0.5412
lin,42.5,,eb0482,4.8,0.39,2,0.1137,0.4737
lin,42.5,,eb0482,4.8,0.39,3,0.0905,0.4248
lin,42.5,,eb0482,4.8,0.39,4,0.0639,0.3869
lin,42.5,,eb0482,4.8,0.39,5,0.0579,0.3554
lin,42.5,,eb0482,4.8,0.39,6,0.0522,0.3227
lin,42.5,,eb0482,4.8,0.39,7,0.0484,0.2931
lin,42.5,,eb0482,4.8,0.39,8,0.0423,0.2609
lin,42.5,,eb0482,4.8,0.39,9,0.0374,0.2297
lin,42.5,,eb0482,4.8,0.39,10,0.0311,0.1986
lin,42.5,,eb0482,4.8,0.39,11,0.0275,0.1705
lin,42.5,,eb0482,4.8,0.39,12,0.025,0.1422
lin,42.5,,eb0482,4.8,0.39,13,0.0195,0.1154
lin,42.5,,eb0482,4.8,0.39,14,0.0169,0.0907
lin,42.5,,eb0482,4.8,0.39,15,0.0162,0.0683
lin,42.5,,eb0482,4.8,0.39,16,0.0118,0.0464
lin,42.5,,eb0482,4.8,0.39,17,0.0104,0.0302
lin,42.5,,eb0482,4.8,0.39,18,0.0075,0.0159
lin,42.5,,eb0482,4.8,0.39,19,0.0021,0.013
lin,42.5,,eb0482,4.8,0.4,0,0.203,0.6348
lin,42.5,,eb0482,4.8,0.4,1,0.1618,0.5174
lin,42.5,,eb0482,4.8,0.4,2,0.1081,0.4523
lin,42.5,,eb0482,4.8,0.4,3,0.0853,0.4052
lin,42.5,,eb0482,4.8,0.4,4,0.0604,0.3693
lin,42.5,,eb0482,4.8,0.4,5,0.0522,0.3391
lin,42.5,,eb0482,4.8,0.4,6,0.0514,0.3088
lin,42.5,,eb0482,4.8,0.4,7,0.0457,0.279
lin,42.5,,eb0482,4.8,0.4,8,0.0381,0.2488
lin,42.5,,eb0482,4.8,0.4,9,0.0347,0.2196
lin,42.5,,eb0482,4.8,0.4,10,0.0298,0.1897
lin,42.5,,eb0482,4.8,0.4,11,0.0263,0.1625
lin,42.5,,eb0482,4.8,0.4,12,0.0235,0.1356
lin,42.5,,eb0482,4.8,0.4,13,0.0179,0.1093
lin,42.5,,eb0482,4.8,0.4,14,0.0169,0.0863
lin,42.5,,eb0482,4.8,0.4,15,0.0148,0.0647
lin,42.5,,eb0482,4.8,0.4,16,0.0118,0.0439
lin,42.5,,eb0482,4.8,0.4,17,0.0096,0.0285
lin,42.5,,eb0482,4.8,0.4,18,0.0071,0.0152
lin,42.5,,eb0482,4.8,0.4,19,0.0017,0.0122
lin,42.5,,eb0482,6.4,0.31,0,0.0456,0.7294
lin,42.5,,eb0482,6.4,0.31,1,0.1876,0.6153
lin,42.5,,eb0482,6.4,0.31,2,0.1589,0.5155
lin,42.5,,eb0482,6.4,0.31,3,0.125,0.4435
lin,42.5,,eb0482,6.4,0.31,4,0.0865,0.3877
lin,42.5,,eb0482,6.4,0.31,5,0.072,0.3428
lin,42.5,,eb0482,6.4,0.31,6,0.066,0.2999
lin,42.5,,eb0482,6.4,0.31,7,0.053,0.259
lin,42.5,,eb0482,6.4,0.31,8,0.0442,0.2207
lin,42.5,,eb0482,6.4,0.31,9,0.0358,0.1839
lin,42.5,,eb0482,6.4,0.31,10,0.0302,0.1519
lin,42.5,,eb0482,6.4,0.31,11,0.0235,0.1222
lin,42.5,,eb0482,6.4,0.31,12,0.0199,0.094
lin,42.5,,eb0482,6.4,0.31,13,0.017,0.07
lin,42.5,,eb0482,6.4,0.31,14,0.0126,0.0485
lin,42.5,,eb0482,6.4,0.31,15,0.01,0.0327
lin,42.5,,eb0482,6.4,0.31,16,0.0076,0.019
lin,42.5,,eb0482,6.4,0.31,17,0.004,0.0117
lin,42.5,,eb1168,4.8,0.39,0,0.1643,0.6179
lin,42.5,,eb1168,4.8,0.39,1,0.1649,0.5082
lin,42.5,,eb1168,4.8,0.39,2,0.1168,0.4404
lin,42.5,,eb1168,4.8,0.39,3,0.0922,0.3914
lin,42.5,,eb1168,4.8,0.39,4,0.0671,0.3532
lin,42.5,,eb1168,4.8,0.39,5,0.0601,0.3206
lin,42.5,,eb1168,4.8,0.39,6,0.0534,0.2879
lin,42.5,,eb1168,4.8,0.39,7,0.0515,0.2571
lin,42.5,,eb1168,4.8,0.39,8,0.043,0.2246
lin,42.5,,eb1168,4.8,0.39,9,0.0383,0.1937
lin,42.5,,eb1168,4.8,0.39,10,0.032,0.1634
lin,42.5,,eb1168,4.8,0.39,11,0.0291,0.1341
lin,42.5,,eb1168,4.8,0.39,12,0.025,0.1071
lin,42.5,,eb1168,4.8,0.39,13,0.0202,0.0811
lin,42.5,,eb1168,4.8,0.39,14,0.0169,0.0558
lin,42.5,,eb1168,4.8,0.39,15,0.0138,0.0358
lin,42.5,,eb1168,4.8,0.39,16,0.0099,0.0204
lin,42.5,,eb1168,4.8,0.39,17,0.0014,0.0133
lin,45.0,,eb0482,4.8,0.4,0,0.1873,0.6022
lin,45.0,,eb0482,4.8,0.4,1,0.1575,0.487
lin,45.0,,eb0482,4.8,0.4,2,0.1074,0.4227
lin,45.0,,eb0482,4.8,0.4,3,0.0865,0.3766
lin,45.0,,eb0482,4.8,0.4,4,0.0614,0.3408
lin,45.0,,eb0482,4.8,0.4,5,0.0555,0.3111
lin,45.0,,eb0482,4.8,0.4,6,0.0488,0.2815
lin,45.0,,eb0482,4.8,0.4,7,0.0485,0.2538
lin,45.0,,eb0482,4.8,0.4,8,0.0411,0.2243
lin,45.0,,eb0482,4.8,0.4,9,0.0364,0.1963
lin,45.0,,eb0482,4.8,0.4,10,0.0318,0.1696
lin,45.0,,eb0482,4.8,0.4,11,0.0277,0.1425
lin,45.0,,eb0482,4.8,0.4,12,0.0241,0.1193
lin,45.0,,eb0482,4.8,0.4,13,0.0224,0.0958
lin,45.0,,eb0482,4.8,0.4,14,0.0169,0.0741
lin,45.0,,eb0482,4.8,0.4,15,0.0153,0.0551
lin,45.0,,eb0482,4.8,0.4,16,0.0136,0.0384
lin,45.0,,eb0482,4.8,0.4,17,0.0102,0.0239
lin,45.0,,eb0482,4.8,0.4,18,0.0065,0.0144
lin,45.0,,eb0482,4.8,0.4,19,0.001,0.0271
lin,45.0,,eb1168,4.8,0.39,0,0.1516,0.5859
lin,45.0,,eb1168,4.8,0.39,1,0.1615,0.4777
lin,45.0,,eb1168,4.8,0.39,2,0.116,0.4104
lin,45.0,,eb1168,4.8,0.39,3,0.0938,0.3628
lin,45.0,,eb1168,4.8,0.39,4,0.0679,0.3245
lin,45.0,,eb1168,4.8,0.39,5,0.0618,0.2933
lin,45.0,,eb1168,4.8,0.39,6,0.0548,0.2623
lin,45.0,,eb1168,4.8,0.39,7,0.0521,0.231
lin,45.0,,eb1168,4.8,0.39,8,0.0461,0.2026
lin,45.0,,eb1168,4.8,0.39,9,0.0405,0.1722
lin,45.0,,eb1168,4.8,0.39,10,0.036,0.1439
lin,45.0,,eb1168,4.8,0.39,11,0.0292,0.116
lin,45.0,,eb1168,4.8,0.39,12,0.0269,0.0911
lin,45.0,,eb1168,4.8,0.39,13,0.0223,0.0689
lin,45.0,,eb1168,4.8,0.39,14,0.0191,0.0481
lin,45.0,,eb1168,4.8,0.39,15,0.0126,0.0292
lin,45.0,,eb1168,4.8,0.39,16,0.0072,0.0179
lin,45.0,,eb154,4.8,0.39,0,0.1514,0.5682
lin,45.0,,eb154,4.8,0.39,1,0.1641,0.4606
lin,45.0,,eb154,4.8,0.39,2,0.1183,0.3931
lin,45.0,,eb154,4.8,0.39,3,0.0956,0.3455
lin,45.0,,eb154,4.8,0.39,4,0.0691,0.3067
lin,45.0,,eb154,4.8,0.39,5,0.0634,0.2756
lin,45.0,,eb154,4.8,0.39,6,0.0562,0.2443
lin,45.0,,eb154,4.8,0.39,7,0.0531,0.2126
lin,45.0,,eb154,4.8,0.39,8,0.0471,0.1843
lin,45.0,,eb154,4.8,0.39,9,0.0413,0.154
lin,45.0,,eb154,4.8,0.39,10,0.0362,0.1259
lin,45.0,,eb154,4.8,0.39,11,0.0302,0.0991
lin,45.0,,eb154,4.8,0.39,12,0.0259,0.0736
lin,45.0,,eb154,4.8,0.39,13,0.0218,0.0532
lin,45.0,,eb154,4.8,0.39,14,0.0168,0.0339
lin,45.0,,eb154,4.8,0.39,15,0.0091,0.0224
lin,47.5,,eb0482,4.8,0.41,0,0.2095,0.5555
lin,47.5,,eb0482,4.8,0.41,1,0.1519,0.4373
lin,47.5,,eb0482,4.8,0.41,2,0.1034,0.3765
lin,47.5,,eb0482,4.8,0.41,3,0.0821,0.3333
lin,47.5,,eb0482,4.8,0.41,4,0.0591,0.3
lin,47.5,,eb0482,4.8,0.41,5,0.0539,0.2726
lin,47.5,,eb0482,4.8,0.41,6,0.0467,0.2452
lin,47.5,,eb0482,4.8,0.41,7,0.0462,0.2194
lin,47.5,,eb0482,4.8,0.41,8,0.0413,0.1944
lin,47.5,,eb0482,4.8,0.41,9,0.0358,0.1688
lin,47.5,,eb0482,4.8,0.41,10,0.0325,0.1446
lin,47.5,,eb0482,4.8,0.41,11,0.0272,0.1212
lin,47.5,,eb0482,4.8,0.41,12,0.0245,0.0997
lin,47.5,,eb0482,4.8,0.41,13,0.0219,0.0811
lin,47.5,,eb0482,4.8,0.41,14,0.0197,0.0622
lin,47.5,,eb0482,4.8,0.41,15,0.0144,0.0472
lin,47.5,,eb0482,4.8,0.41,16,0.0136,0.0314
lin,47.5,,eb0482,4.8,0.41,17,0.0102,0.0214
lin,47.5,,eb0482,4.8,0.41,18,0.0054,0.0167
lin,47.5,,eb0482,4.8,0.41,19,0.0006,0.0353
lin,47.5,,eb0482,6.4,0.32,0,0.0734,0.6291
lin,47.5,,eb0482,6.4,0.32,1,0.1919,0.5128
lin,47.5,,eb0482,6.4,0.32,2,0.1472,0.4188
lin,47.5,,eb0482,6.4,0.32,3,0.1156,0.3544
lin,47.5,,eb0482,6.4,0.32,4,0.0801,0.3049
lin,47.5,,eb0482,6.4,0.32,5,0.069,0.2661
lin,47.5,,eb0482,6.4,0.32,6,0.0604,0.2286
lin,47.5,,eb0482,6.4,0.32,7,0.0525,0.1966
lin,47.5,,eb0482,6.4,0.32,8,0.0439,0.1645
lin,47.5,,eb0482,6.4,0.32,9,0.0379,0.1356
lin,47.5,,eb0482,6.4,0.32,10,0.0306,0.1082
lin,47.5,,eb0482,6.4,0.32,11,0.0256,0.0857
lin,47.5,,eb0482,6.4,0.32,12,0.0216,0.0669
lin,47.5,,eb0482,6.4,0.32,13,0.0173,0.049
lin,47.5,,eb0482,6.4,0.32,14,0.0133,0.0337
lin,47.5,,eb0482,6.4,0.32,15,0.0109,0.0233
lin,47.5,,eb0482,6.4,0.32,16,0.0071,0.0162
lin,47.5,,eb0482,6.4,0.32,17,0.0016,0.0214
lin,50.0,,eb0482,4.8,0.42,0,0.2299,0.512
lin,50.0,,eb0482,4.8,0.42,1,0.1469,0.3921
lin,50.0,,eb0482,4.8,0.42,2,0.0988,0.3353
lin,50.0,,eb0482,4.8,0.42,3,0.0783,0.2953
lin,50.0,,eb0482,4.8,0.42,4,0.0579,0.2645
lin,50.0,,eb0482,4.8,0.42,5,0.0522,0.2391
lin,50.0,,eb0482,4.8,0.42,6,0.0453,0.2144
lin,50.0,,eb0482,4.8,0.42,7,0.0442,0.1908
lin,50.0,,eb0482,4.8,0.42,8,0.0416,0.1689
lin,50.0,,eb0482,4.8,0.42,9,0.0359,0.1451
lin,50.0,,eb0482,4.8,0.42,10,0.031,0.125
lin,50.0,,eb0482,4.8,0.42,11,0.0296,0.1047
lin,50.0,,eb0482,4.8,0.42,12,0.0239,0.0847
lin,50.0,,eb0482,4.8,0.42,13,0.0221,0.0681
lin,50.0,,eb0482,4.8,0.42,14,0.0189,0.0543
lin,50.0,,eb0482,4.8,0.42,15,0.0172,0.0411
lin,50.0,,eb0482,4.8,0.42,16,0.0137,0.0289
lin,50.0,,eb0482,4.8,0.42,17,0.0085,0.0209
lin,50.0,,eb0482,4.8,0.42,18,0.0035,0.0184
lin,50.0,,eb0482,6.4,0.32,0,0.0656,0.6005
lin,50.0,,eb0482,6.4,0.32,1,0.1825,0.4855
lin,50.0,,eb0482,6.4,0.32,2,0.1457,0.3939
lin,50.0,,eb0482,6.4,0.32,3,0.1177,0.3306
lin,50.0,,eb0482,6.4,0.32,4,0.0802,0.2822
lin,50.0,,eb0482,6.4,0.32,5,0.0721,0.2454
lin,50.0,,eb0482,6.4,0.32,6,0.0596,0.2101
lin,50.0,,eb0482,6.4,0.32,7,0.056,0.1784
lin,50.0,,eb0482,6.4,0.32,8,0.0466,0.1491
lin,50.0,,eb0482,6.4,0.32,9,0.0385,0.1229
lin,50.0,,eb0482,6.4,0.32,10,0.0338,0.0989
lin,50.0,,eb0482,6.4,0.32,11,0.0272,0.0764
lin,50.0,,eb0482,6.4,0.32,12,0.0232,0.0589
lin,50.0,,eb0482,6.4,0.32,13,0.0187,0.0449
lin,50.0,,eb0482,6.4,0.32,14,0.016,0.0318
lin,50.0,,eb0482,6.4,0.32,15,0.0102,0.0227
lin,50.0,,eb0482,6.4,0.32,16,0.0052,0.0176
lin,50.0,,eb0482,6.4,0.32,17,0.0012,0.032
lin,55.0,,eb0482,6.4,0.33,0,0.0914,0.5156
lin,55.0,,eb0482,6.4,0.33,1,0.1835,0.4016
lin,55.0,,eb0482,6.4,0.33,2,0.1365,0.3195
lin,55.0,,eb0482,6.4,0.33,3,0.1112,0.2651
lin,55.0,,eb0482,6.4,0.33,4,0.0749,0.2242
lin,55.0,,eb0482,6.4,0.33,5,0.0691,0.1933
lin,55.0,,eb0482,6.4,0.33,6,0.0603,0.1646
lin,55.0,,eb0482,6.4,0.33,7,0.0502,0.1382
lin,55.0,,eb0482,6.4,0.33,8,0.0474,0.1157
lin,55.0,,eb0482,6.4,0.33,9,0.0403,0.0962
lin,55.0,,eb0482,6.4,0.33,10,0.0343,0.0765
lin,55.0,,eb0482,6.4,0.33,11,0.028,0.0617
lin,55.0,,eb0482,6.4,0.33,12,0.0249,0.0488
lin,55.0,,eb0482,6.4,0.33,13,0.0183,0.0367
lin,55.0,,eb0482,6.4,0.33,14,0.0148,0.0277
lin,55.0,,eb0482,6.4,0.33,15,0.0096,0.0235
lin,55.0,,eb0482,6.4,0.33,16,0.0035,0.0348
lin,55.0,,eb0482,6.4,0.33,17,0.0011,0.06
lin,57.5,,eb0482,6.4,0.33,0,0.0829,0.4913
lin,57.5,,eb0482,6.4,0.33,1,0.1766,0.3805
lin,57.5,,eb0482,6.4,0.33,2,0.1352,0.3013
lin,57.5,,eb0482,6.4,0.33,3,0.1126,0.2487
lin,57.5,,eb0482,6.4,0.33,4,0.0767,0.2104
lin,57.5,,eb0482,6.4,0.33,5,0.07,0.1802
lin,57.5,,eb0482,6.4,0.33,6,0.0623,0.1538
lin,57.5,,eb0482,6.4,0.33,7,0.0539,0.1295
lin,57.5,,eb0482,6.4,0.33,8,0.0455,0.1078
lin,57.5,,eb0482,6.4,0.33,9,0.0438,0.0895
lin,57.5,,eb0482,6.4,0.33,10,0.0356,0.0737
lin,57.5,,eb0482,6.4,0.33,11,0.0304,0.0574
lin,57.5,,eb0482,6.4,0.33,12,0.0243,0.0491
lin,57.5,,eb0482,6.4,0.33,13,0.021,0.038
lin,57.5,,eb0482,6.4,0.33,14,0.0158,0.0323
lin,57.5,,eb0482,6.4,0.33,15,0.0084,0.0284
lin,57.5,,eb0482,6.4,0.33,16,0.0033,0.0487
lin,57.5,,eb0482,6.4,0.33,17,0.0009,0.0653
lin,60.0,,eb0482,6.4,0.34,0,0.1165,0.4419
lin,60.0,,eb0482,6.4,0.34,1,0.1812,0.3311
lin,60.0,,eb0482,6.4,0.34,2,0.1286,0.2603
lin,60.0,,eb0482,6.4,0.34,3,0.1065,0.2145
lin,60.0,,eb0482,6.4,0.34,4,0.0718,0.1814
lin,60.0,,eb0482,6.4,0.34,5,0.0667,0.1551
lin,60.0,,eb0482,6.4,0.34,6,0.0585,0.1327
lin,60.0,,eb0482,6.4,0.34,7,0.0519,0.1125
lin,60.0,,eb0482,6.4,0.34,8,0.043,0.0932
lin,60.0,,eb0482,6.4,0.34,9,0.0393,0.0789
lin,60.0,,eb0482,6.4,0.34,10,0.0366,0.0661
lin,60.0,,eb0482,6.4,0.34,11,0.029,0.0543
lin,60.0,,eb0482,6.4,0.34,12,0.0245,0.0432
lin,60.0,,eb0482,6.4,0.34,13,0.0188,0.0386
lin,60.0,,eb0482,6.4,0.34,14,0.0137,0.0358
lin,60.0,,eb0482,6.4,0.34,15,0.0074,0.0403
lin,60.0,,eb0482,6.4,0.34,16,0.0032,0.0627
lin,60.0,,eb0482,6.4,0.34,17,0.0016,0.0708
lin,60.0,,eb0482,6.4,0.34,18,0.0008,0.0758
