a,j0,w_j,P0_twin,P_strip0,P_surv1,P_surv2,twin_ratio,nbar_det,nbar_det_repsd,n1_solv,n1_solv_repsd,bin0,bin0_repsd,w1_solv,w1_solv_repsd,midHot,midHot_repsd,deepKE,deepKE_repsd,KE1_mean,KE1_mean_repsd,KE1_sd,KE1_sd_repsd,KE2_mean,KE2_mean_repsd,KE1_conv,KE1_conv_repsd,conv_n0_frac,conv_n0_frac_repsd
1.0,1.0,0.5,1.0,0.4312407691214906,0.49873755776193923,0.06875610054951087,0.8646647167633872,3.3003377144943413,0.02216781659275515,0.32138868187747566,0.009142047069202682,0.18178395399780944,0.008160828260484244,0.8577378386381157,0.03460358662797795,0.7945972054639223,0.00831094747151225,0.4788594313135837,0.030058652874476757,0.6453489656204857,0.004044847988673435,0.12494735338962386,0.004063803435397246,0.5147515674427322,0.00783757619251063,0.7747683498701008,0.003394105617620848,0.4311377245508982,0.022574743846893033
1.0,1.0,1.0,1.0,0.2979864430906633,0.4714076115748238,0.2005646408261146,0.6321205593078669,3.4658976816356337,0.021862282153503675,0.3042989296986658,0.007231091447059434,0.12690534866739686,0.007444699788578896,0.9318475445392216,0.030391088554585704,0.8287193260485813,0.009213366958800226,0.4878438175785867,0.02821678210001026,0.6501432161262466,0.004979430584925804,0.11489614434675814,0.003335835644569745,0.5692682338302016,0.00818422628143932,0.7735428680448813,0.0035300255064488134,0.30719810379241513,0.032941309537220125
1.0,1.0,1.5,1.0,0.20027773329205628,0.4116001088184277,0.2869654787394849,0.4865832855753844,3.6185879883169036,0.023156749660825614,0.2819346682101356,0.007644271264358355,0.08643665571376413,0.006597261679264147,0.9843420001924873,0.019036121196558436,0.8631710515752595,0.008810154978124683,0.49564949061053626,0.040881442519830766,0.6524288964912578,0.004516380104094645,0.10678781510031898,0.0035323604635265834,0.5958522431891357,0.009089277654751744,0.7727547521470921,0.00433289982627156,0.20334331337325348,0.022531050298658446
1.0,1.0,2.0,1.0,0.13368473066555683,0.33974959615686784,0.32598084070932193,0.39348017533428487,3.766691767068273,0.021482382575583898,0.2602024766679783,0.00683074161348878,0.056692679810149686,0.004883922188871144,1.0009515112490017,0.02006851473752693,0.8981330682776791,0.0087486269484031,0.49893677476697945,0.03714806980456908,0.652264753892492,0.004035855160691738,0.09844036579692306,0.004564945491716316,0.6083683469702423,0.0067516591430795015,0.7735778571491524,0.005827562468261523,0.13566616766467066,0.018957500179949807
1.0,1.5,0.5,1.0,0.18583794296842582,0.5842263407025495,0.21893479029450555,0.31809237280357844,3.53733114275283,0.022588275166369364,0.3299081816083896,0.008237864730279753,0.0792259948886455,0.005823556767893781,1.0468234512869532,0.030964514668119412,0.8296198653085766,0.007786087615664753,0.4941010302630325,0.03690661435554991,0.65963942807142,0.003409799850558486,0.11238134376217908,0.0035682496635943057,0.5768865041152126,0.009401819412115263,0.773928865948084,0.0033628880187340894,0.18637724550898205,0.021057949644624277
1.0,1.5,1.0,1.0,0.1693630429501379,0.44173923355401395,0.3098639079424187,0.3834004998549193,3.6378810697334796,0.022146045667943776,0.2914326147733029,0.008629292415805973,0.07141064257028112,0.007084560124498245,1.0086160092531966,0.02084206934385429,0.8604122667900375,0.008876161911808898,0.49236895679777654,0.03460506640935902,0.6541225434813888,0.0042414018367340845,0.10607335260035033,0.003802826090512643,0.60175277334476,0.007962563248656896,0.7734422114138285,0.004231891592890302,0.17034680638722555,0.02256831845213133
1.0,1.5,1.5,1.0,0.12326137425309613,0.35353681587600777,0.3439962021480432,0.3486521593166305,3.7651515151515156,0.0183034394528061,0.26314194157483106,0.008349714962098903,0.05190078495801387,0.00505376260855562,1.0128250270578665,0.020197066400665552,0.8930196744829524,0.009993551335254971,0.4919002188416124,0.03266827325153827,0.6530991596415349,0.003448151283167708,0.09883327494006793,0.0034740188892265827,0.6123933892766593,0.006947333373336095,0.7748518002729045,0.005620974884234638,0.12655938123752494,0.020048701476659467
1.0,1.5,2.0,1.0,0.08540360549480723,0.278693583581288,0.34334736339485034,0.3064426686734147,3.8896951442132166,0.02299300218313869,0.2429086513419907,0.006758434957201583,0.03592780211756116,0.004917451211197422,1.0167137660510328,0.02156263643431113,0.9318090373134352,0.011785148446931607,0.496266815898785,0.035228510399497245,0.651311351768098,0.003615670770924826,0.09176183114211216,0.003326618515381337,0.6145633445010982,0.005313799671109166,0.775237156469066,0.005674136402173834,0.08501746506986028,0.015609231345826194
1.0,2.0,0.5,1.0,0.05140515977434706,0.4392865835545413,0.4474825116468895,0.11701964434787855,3.76085021905805,0.01638624542254913,0.2838105120211004,0.0051476947996163,0.021415206279664114,0.0029723059462652404,1.0984620475711795,0.01657096989172604,0.8681291912866578,0.007419823855043094,0.49123171896627776,0.029826401126264605,0.6603882262577198,0.002725294580946578,0.09673227301554994,0.00300838934062057,0.6269991981670099,0.005575109692677097,0.772785873134341,0.0036266373835045383,0.05170908183632735,0.011939995155753762
1.0,2.0,1.0,1.0,0.08014089771897488,0.34462657918358447,0.3985667181647728,0.23254415811115772,3.815146951442132,0.021791010985012425,0.26123910579794835,0.0066583627097924975,0.03316675794085433,0.0037381245122082,1.040723206853614,0.02030444708186546,0.8950133177838344,0.008997421158769916,0.49078143537712543,0.03217633043431793,0.6543219679695388,0.004285939643896521,0.09634104224887279,0.0031540913323329194,0.6229019658459605,0.006112644463793661,0.7747499173140175,0.005261081810625782,0.07647205588822355,0.014483865913795578
1.0,2.0,1.5,1.0,0.06794305553752494,0.2719678337639972,0.36931876200191394,0.24982018864952688,3.9075278386272356,0.020226460459315247,0.24203655665233756,0.005862188342565974,0.028614457831325307,0.004097422254184561,1.0249607768513795,0.019841477179938345,0.9291901998907441,0.010106421771817637,0.49258275674912105,0.02864394097299031,0.6516407526602664,0.004222585174738385,0.08991395507627187,0.0035753154784119393,0.6206735906145641,0.007046776168408799,0.7739921666226509,0.005903610591159201,0.0683632734530938,0.013365867047607297
1.0,2.0,2.0,1.0,0.050473714022616384,0.21148990759096084,0.3345569179966632,0.23865779032934642,4.0077126688572475,0.0184525695874028,0.2240782154227097,0.0055526373810392245,0.021187020810514785,0.0036800605450420134,1.0365742770625357,0.017682939675697493,0.9658547002139751,0.010000089457095558,0.49705216332135116,0.028230331562514185,0.6488154446699247,0.002980173061052083,0.08315342048717284,0.003180291036642634,0.6176456725117504,0.005846654971366126,0.774865451979963,0.007148932585905333,0.051334830339321354,0.012687336756975361
1.0,2.5,0.5,1.0,0.008813526714800441,0.20473186059477844,0.5669020699600608,0.04304912136877842,3.9596682183278573,0.01962454761688773,0.2235114685834112,0.005529050883149731,0.0036966046002190577,0.0015633264824659234,1.0884504012423553,0.017637265290074294,0.9121023673449414,0.007099608961532384,0.4970453070118334,0.026627911407921184,0.6503536526727386,0.0032828678520033685,0.07868839208693768,0.003801467893795052,0.6491420565276124,0.004429777997216756,0.7736747437830905,0.008194089283086124,0.008295908183632733,0.005427996553274589
1.0,2.5,1.0,1.0,0.030896141928610715,0.2190514128328321,0.41768180887718426,0.14104516163147934,3.9807069185834245,0.020639397222110143,0.22663146833951128,0.005244085134376718,0.012641474990872583,0.002882041230756704,1.0583195817852642,0.017157088139009277,0.9376075029553115,0.008254626355794237,0.501068959363722,0.03418905553631172,0.6501477200840909,0.0035057070369873644,0.08237618574426392,0.0038557444251001013,0.6295255493377594,0.0067264966646217545,0.7751660378093158,0.007240774426380766,0.030563872255489025,0.00958717328889829
1.0,2.5,1.5,1.0,0.033150164121768015,0.18519232249435014,0.350971324373573,0.17900398718083663,4.047588079591091,0.019697168440907648,0.21784103785586525,0.005949342295950424,0.013383077765607885,0.002857744987376104,1.0480460021131852,0.014959573923707892,0.9703573164182102,0.007013634336546372,0.501689528811405,0.021760197130396612,0.6484822765981157,0.002911721797364259,0.0790778238248307,0.004471373073620321,0.6212199007887218,0.0048126912461801934,0.7736413437909242,0.0072346530987417645,0.03068862275449102,0.008745341851644696
1.0,2.5,2.0,1.0,0.027400893042691322,0.14742214389149,0.2994447549147087,0.18586687399458615,4.124315443592552,0.018315521392397456,0.20851434713545058,0.004387045466733125,0.01183141657539248,0.0030265562143629706,1.0352908298569063,0.014528571390765686,1.0066785132091614,0.007862630581528623,0.49272617013623354,0.0221945143738615,0.6463327915524094,0.0033274933017581874,0.07343241690669722,0.003987236832780551,0.6145066414044109,0.006555598535636205,0.7732429598959513,0.009519699906314068,0.028068862275449104,0.009194518190681553
1.0,3.0,0.5,1.0,0.0009245839968362689,0.05838167650285265,0.43943399723804466,0.015836886712067816,4.12810332238043,0.016523401258676334,0.18495758778077287,0.0029614796695012634,0.0003194596568090544,0.00037183164572086804,1.1156391127853424,0.014214528686864519,0.9574518316150821,0.006242358945692402,0.5016674383265047,0.040019495167684056,0.6423881017605119,0.001992783068439522,0.05544411168746877,0.0040225513842074385,0.6366929087295726,0.004074476801196301,0.7754660803933037,0.015154131490273672,0.001122754491017964,0.0017054520996595177
1.0,3.0,1.0,1.0,0.009553029235101141,0.1116683643546988,0.3510564027056637,0.08554821493361621,4.12837714494341,0.018776521069640617,0.19926451674480386,0.004251213731301246,0.003913380795910916,0.0013973211305368656,1.0804217275158767,0.015553621298752781,0.9790131041991814,0.00788894282051388,0.5045333349456295,0.028325341733549877,0.6455323024485731,0.002996693027525334,0.06755462463112209,0.0049553766490331224,0.6228982480536124,0.0058585875397945885,0.7753909240394963,0.010991019842147122,0.008982035928143712,0.004863125158362165
1.0,3.0,1.5,1.0,0.014173545468643774,0.11050466794115937,0.2922766409433752,0.1282619615326186,4.176786692223439,0.018257824332491776,0.1984712065328208,0.003482774529454453,0.005795910916392844,0.002097828184060044,1.0523725540201816,0.012832290857932848,1.014656154846989,0.010500407305909563,0.5060736913073819,0.03789743054639632,0.6449249684080711,0.002534232062790246,0.06695533030221304,0.0038192507723669947,0.6142461195397392,0.005679654030743467,0.7741971756958078,0.009769282372440732,0.014283932135728544,0.006601276246870125
1.0,3.0,2.0,1.0,0.013575488465163333,0.09378364126212566,0.2445990122547958,0.1447532670140178,4.249338262139467,0.016244585039279398,0.19403960105024298,0.004242856882707878,0.00589859437751004,0.0016803382428039915,1.0505564806646708,0.012330640499939394,1.0585376961477573,0.011170696443828565,0.5043173280801682,0.034968534576644755,0.6437554253212573,0.0026966877438205604,0.06427999429557546,0.004105847472025904,0.605532374099433,0.004545387869310412,0.7750928979100581,0.011404875118626485,0.013348303393213573,0.00714832796702099
1.5,1.0,0.5,1.0,0.4312407691214906,0.49873755776193923,0.06875610054951087,0.8646647167633872,3.7274895034684192,0.01864484595222455,0.28777403143224173,0.007537228351772878,0.16957603139832056,0.0071005298280587435,0.5866100602129359,0.016655498318471375,0.9137613676778807,0.0058559439550406565,0.5245794909531424,0.015170181805467328,0.6641375850296672,0.004335075434040642,0.11048749362047648,0.003048899270902791,0.5480989780069087,0.007888080123318998,0.7734923311088221,0.0037309542951265056,0.4326971057884232,0.02991456154202674
1.5,1.0,1.0,1.0,0.2979864430906633,0.4714076115748238,0.2005646408261146,0.6321205593078669,3.8545545819642206,0.014593257973067724,0.27880664905545643,0.007867615353766287,0.11670545819642204,0.0062474249582428875,0.6216067920435707,0.011657207733854296,0.9357676255377632,0.004748088710460229,0.5239867322394577,0.018252376779666155,0.6664912105875852,0.0038422518593296084,0.10291274018565161,0.003094752246060923,0.5955066434637528,0.00803929264856005,0.7746209192172445,0.0038417547408126913,0.29871506986027946,0.025142719542457084
1.5,1.0,1.5,1.0,0.20027773329205628,0.4116001088184277,0.2869654787394849,0.4865832855753844,3.972960021905805,0.01439504993847974,0.2638677654539681,0.007754287349153594,0.07819916027747353,0.0046220816970164134,0.6950290911578932,0.014094816785854012,0.9611755857603136,0.006303393846219029,0.5270482284781043,0.016984151131333735,0.6651988789831011,0.0033716832944799824,0.09584051169339691,0.0031404115923366126,0.6169632765406216,0.007651670961681499,0.7732211844751259,0.003699015249431044,0.1967939121756487,0.020020141775824563
1.5,1.0,2.0,1.0,0.13368473066555683,0.33974959615686784,0.32598084070932193,0.39348017533428487,4.083162194231471,0.017406263660704867,0.2445862558940128,0.006057184379945321,0.0521631982475356,0.005330606756190021,0.7600349751316231,0.016926868007665765,0.9885403053724572,0.005641090061715407,0.5274892482484872,0.017587248367492744,0.6629019865161535,0.0034640028727343617,0.08889312828458523,0.0034243926282988145,0.6234637744074482,0.005505845041267258,0.7738766250182296,0.004681123994944233,0.13236027944111775,0.0181221895677734
1.5,1.5,0.5,1.0,0.18583794296842582,0.5842263407025495,0.21893479029450555,0.31809237280357844,3.9114526286966047,0.011459223154723468,0.30607357840084076,0.006606788559936299,0.072973713033954,0.005747637641444361,0.6798708158163173,0.019722681165757882,0.9353413977437399,0.004665519531249069,0.5262492956798169,0.01270592176305179,0.673858521655755,0.0031303946807142097,0.10023677130877535,0.002698219931583874,0.6008447420180079,0.005821738048700159,0.773862946429904,0.0030849263711075574,0.18575349301397207,0.01826893741350993
1.5,1.5,1.0,1.0,0.1693630429501379,0.44173923355401395,0.3098639079424187,0.3834004998549193,3.9799539065352314,0.015244639654327584,0.26970435674576515,0.00635344902493756,0.06827309236947791,0.0067218276486236276,0.7083737727462154,0.013266924977471723,0.956547701633936,0.004715691069353276,0.5247268763586689,0.014914897462492043,0.6670797632055043,0.0033615731236989756,0.09468920015146327,0.0025032320464388716,0.6212459133379934,0.006611970436070991,0.773060957499184,0.0037312129410383976,0.1743388223552894,0.02072693071398714
1.5,1.5,1.5,1.0,0.12326137425309613,0.35353681587600777,0.3439962021480432,0.3486521593166305,4.072939485213581,0.013105391858118404,0.25131076330717067,0.007083603956635785,0.04713170865279299,0.004394839884839148,0.7614697112395591,0.013935791730028839,0.980135854457043,0.005206863513690933,0.5265727059221205,0.014003418757673868,0.6636361775315343,0.003364788065414411,0.08853674027614024,0.0032461544514887537,0.6282114368523747,0.006181314982251754,0.7737318791881257,0.00503274882968506,0.12406437125748504,0.01531524877469493
1.5,1.5,2.0,1.0,0.08540360549480723,0.278693583581288,0.34334736339485034,0.3064426686734147,4.16201168309602,0.01393680136203069,0.23361834890998776,0.005464821420581689,0.03403386272362176,0.004273498263879329,0.7988688076488355,0.013907241368262296,1.0100794986756394,0.006652900200542591,0.5280260014641609,0.016291308940973005,0.6593010538950405,0.0037460974636471874,0.0835698796394716,0.0031758925182796736,0.6287469086998988,0.005386134207095533,0.7734521688056706,0.005671527539547865,0.08470558882235528,0.016305082840553202
1.5,2.0,0.5,1.0,0.05140515977434706,0.4392865835545413,0.4474825116468895,0.11701964434787855,4.076305220883533,0.01219681045901449,0.27034169064616353,0.005209492656287452,0.020125958378970427,0.0035500449154254447,0.808511146665697,0.014202636070899383,0.9615564171559331,0.0043980484183102145,0.5257314445586877,0.016861204810571327,0.668468648132233,0.003201108526506723,0.08915231469618505,0.002753293866935817,0.6444797409442553,0.005476724727800419,0.7734444259606583,0.0038121041277370334,0.05071107784431137,0.013466416592491514
1.5,2.0,1.0,1.0,0.08014089771897488,0.34462657918358447,0.3985667181647728,0.23254415811115772,4.1062431544359255,0.016161109399818047,0.2490632787993453,0.006831920838809935,0.03134127418765973,0.0036992289703393724,0.7893381161965745,0.0143887554292265,0.9811784741320526,0.0062950414708511275,0.5252800465657935,0.01642460689738946,0.6632028024222508,0.0030886203148256606,0.08644311935593237,0.002764436019836832,0.6365925683052188,0.004577374834653424,0.7734543522623519,0.004975586147672688,0.08171157684630738,0.012910397534907886
1.5,2.0,1.5,1.0,0.06794305553752494,0.2719678337639972,0.36931876200191394,0.24982018864952688,4.172496805403432,0.01448073306356009,0.2299905330064823,0.006651808360321096,0.02710843373493976,0.003982913365944524,0.8177383454920871,0.014582363168566367,1.0049356449572935,0.006063896796510607,0.5279300166140944,0.014496829770154663,0.6594078045646993,0.0027121911743811355,0.08104903583698443,0.003232003537725451,0.6332343503455545,0.005552043966367645,0.7734400258300415,0.005298026453603315,0.07085828343313373,0.013351589813287554
1.5,2.0,2.0,1.0,0.050473714022616384,0.21148990759096084,0.3345569179966632,0.23865779032934642,4.256263691128148,0.01513316760584885,0.216175372863605,0.004614147892274889,0.019555494706097114,0.0031509641663565713,0.8358673912523512,0.009823314299695319,1.0396280357148397,0.007273552084025016,0.5266336314244467,0.018039246011828318,0.6556076450138177,0.0031354679723118537,0.07672971286149378,0.0033891529271349334,0.6277622148610282,0.0047452461680308556,0.774850457577844,0.007478563213209302,0.047280439121756494,0.01128666784884748
1.5,2.5,0.5,1.0,0.008813526714800441,0.20473186059477844,0.5669020699600608,0.04304912136877842,4.215931909456006,0.010830429864259306,0.21620252197659587,0.004182748724740276,0.003308689302665206,0.0014465453153163946,0.8602540331364157,0.01108514307545642,0.9899644076790738,0.004709934282159368,0.5231806689931738,0.014231462703864998,0.6558087106845958,0.002575876595948343,0.07281184732386282,0.002884440571103975,0.6588164202261125,0.0035045667785171004,0.77330765918048,0.006772735018521618,0.008046407185628742,0.004750287771262717
1.5,2.5,1.0,1.0,0.030896141928610715,0.2190514128328321,0.41768180887718426,0.14104516163147934,4.227386820007301,0.01370485123962441,0.2194116958879917,0.0039056380441684817,0.01207101131799927,0.0023749581394366813,0.8506890254536495,0.011053310144242304,1.0104167238322106,0.005708293224126234,0.5330781373624799,0.01628781317508465,0.6564581287720884,0.002692833212700435,0.07585325358454119,0.0034552721291999937,0.6408096590272454,0.006115045878195838,0.7743675108223359,0.006481436278720302,0.03274700598802396,0.008655601508041087
1.5,2.5,1.5,1.0,0.033150164121768015,0.18519232249435014,0.350971324373573,0.17900398718083663,4.27463262139467,0.011948734534855504,0.2128489828557234,0.00545337960185355,0.012504563709382986,0.0025670266487750957,0.8550572922406369,0.01148324621397841,1.0350677694834096,0.006712139569917612,0.5242056266729875,0.015304658544104875,0.6537931002042067,0.0026909362777661214,0.07281569626902692,0.003651880822139975,0.6318001937947768,0.005000133713834272,0.7733062244187404,0.007836144712593172,0.03280938123752495,0.007932438835379819
1.5,2.5,2.0,1.0,0.027400893042691322,0.14742214389149,0.2994447549147087,0.18586687399458615,4.338786966046002,0.01708794142626447,0.20256944262750762,0.004420479422822477,0.010804581964220518,0.0028774016906096536,0.8676267042630849,0.011925046699047355,1.0699376363997197,0.009648851190595222,0.5265155172501991,0.014770804790956214,0.6510673951007303,0.002654912106103817,0.06819635543289788,0.00386258138366544,0.6224265902720334,0.004747560056966592,0.773653657022369,0.008232602996854169,0.027257984031936133,0.007048409065880099
1.5,3.0,0.5,1.0,0.0009245839968362689,0.05838167650285265,0.43943399723804466,0.015836886712067816,4.334999087258123,0.00912334936044797,0.1827218223763233,0.0030583360486613293,0.00038791529755385174,0.0003739706757104484,0.9282751499014007,0.00982440910211495,1.022865344900527,0.004717717203922569,0.5276709656455009,0.01421692817797044,0.6436444536394831,0.002264492092172302,0.053167464631973825,0.0036168905117802087,0.6445605329235781,0.004180346758213609,0.7757587872820655,0.014178686636876003,0.0006237524950099802,0.0012287846679223282
1.5,3.0,1.0,1.0,0.009553029235101141,0.1116683643546988,0.3510564027056637,0.08554821493361621,4.341650693683826,0.013829087303791343,0.19465831002705905,0.003987552882102489,0.0036053304125593286,0.001257141251229584,0.8953513785052204,0.01153691868953327,1.0457232164641035,0.007437204685380057,0.5288437928561952,0.015166458523109506,0.64759369427236,0.0028077182098054623,0.061603006026410966,0.0039036702111478385,0.6327186387399393,0.0042313074097466265,0.7713589794668089,0.010883561790706679,0.009792914171656687,0.004733528898168402
1.5,3.0,1.5,1.0,0.014173545468643774,0.11050466794115937,0.2922766409433752,0.1282619615326186,4.37733890105878,0.012733386056386931,0.1944463321835556,0.0030893438262489708,0.005453632712668857,0.001969574092265863,0.894019976598671,0.010783366396726033,1.0729729567622954,0.008604266919459022,0.5246834562537462,0.01408892481441347,0.6480052377042235,0.00223192279591088,0.06198015121139797,0.003023650896973662,0.6212923915300683,0.004637898274178514,0.7714072792042318,0.009829787397662987,0.014096806387225548,0.006266865210864753
1.5,3.0,2.0,1.0,0.013575488465163333,0.09378364126212566,0.2445990122547958,0.1447532670140178,4.428657813070465,0.015675959049336795,0.19055270251395384,0.0033664354941476625,0.005898594377510041,0.001725307157953699,0.9102470399342163,0.01423703168439655,1.1101329460801537,0.012260155645007351,0.5303921269926202,0.011226238397236138,0.6459185535499444,0.002889015599031984,0.06045137778792887,0.0044971601736655134,0.6121005400328974,0.0056946951994365875,0.7746601017917437,0.012387411834559325,0.01528193612774451,0.006630105540602072
2.0,1.0,0.5,1.0,0.4312407691214906,0.49873755776193923,0.06875610054951087,0.8646647167633872,3.8788106973347936,0.011535704290916812,0.26987897488240203,0.007662995251411662,0.1620230923694779,0.006773515264218293,0.5916739163735941,0.017720892130355898,0.9482622751508664,0.003585435556469976,0.5355099877349623,0.011212750956801128,0.6763272445197895,0.003493123881089966,0.10228168198724814,0.0028510108995096306,0.5630471793568363,0.007936103031484995,0.7739879840216686,0.003986781918290021,0.4262100798403194,0.024303775573094183
2.0,1.0,1.0,1.0,0.2979864430906633,0.4714076115748238,0.2005646408261146,0.6321205593078669,3.984586071558963,0.014845634343795034,0.2661109542856352,0.006746379068502748,0.11103504928806134,0.007608129238471963,0.5840735250711345,0.010302460369315352,0.9665514432910243,0.0036850744892933146,0.5387669831619624,0.010334499450919044,0.6749622556215572,0.004015755090319599,0.09670768796163463,0.0025345857238175205,0.6057254798186347,0.006920902832841625,0.7742178188409833,0.003382530134265388,0.2876746506986028,0.028294927047796938
2.0,1.0,1.5,1.0,0.20027773329205628,0.4116001088184277,0.2869654787394849,0.4865832855753844,4.080298466593647,0.014569973060663155,0.25516536001235735,0.006864302699398055,0.07530120481927711,0.005967156075608765,0.6382126862738233,0.011988303411673588,0.9852300896866554,0.004459898113305527,0.5349935639102931,0.010688714176260052,0.6710362013359816,0.003550046534918011,0.09098941939973067,0.003309628983685741,0.6233492982795594,0.00610502587954207,0.7737220915293807,0.005461243394591101,0.20240768463073855,0.021534752295049944
2.0,1.0,2.0,1.0,0.13368473066555683,0.33974959615686784,0.32598084070932193,0.39348017533428487,4.170454545454546,0.01557867759426079,0.23998834147124448,0.006557495377413685,0.04936792625045636,0.003981294210584941,0.7034167468579451,0.011783266855739912,1.0088205602194937,0.005198205280759659,0.5395697231930138,0.009607289463932014,0.66732541458435,0.003433433673833753,0.08493030843472765,0.003169465764293697,0.629110428059692,0.0047052739973704235,0.773555191202281,0.00453872140776159,0.13217315369261476,0.014693451413377983
2.0,1.5,0.5,1.0,0.18583794296842582,0.5842263407025495,0.21893479029450555,0.31809237280357844,4.031181544359256,0.010443153285314673,0.29321967752489586,0.0066859213032960645,0.07080595107703541,0.005383563979555107,0.5920847733288072,0.010865849236324514,0.9645134201233442,0.0027757710390888075,0.5381084623827835,0.008854528106554122,0.6806698424931374,0.0037533003044057166,0.09463067550464382,0.0016084932608766726,0.6097946825355952,0.007306438796078627,0.7738694749545395,0.003318677902258694,0.187936626746507,0.021618726711660177
2.0,1.5,1.0,1.0,0.1693630429501379,0.44173923355401395,0.3098639079424187,0.3834004998549193,4.086162833150785,0.011973991582159798,0.2630720537294483,0.00808241645304143,0.06419998174516246,0.005284607424139273,0.6428938809248639,0.009665255841783394,0.9805773839965454,0.0031101025927279965,0.5375919885447279,0.01185298604712893,0.6730811609010271,0.0028167617382318213,0.0908138253724899,0.0030867107087184913,0.6276213342354348,0.005038216510078559,0.773378816263835,0.004382503033389593,0.1725299401197605,0.020822276255653246
2.0,1.5,1.5,1.0,0.12326137425309613,0.35353681587600777,0.3439962021480432,0.3486521593166305,4.1703860898138005,0.013710747751725996,0.2422953729809627,0.00731700401474017,0.04500958378970427,0.005245115421033958,0.7070600518028978,0.012234186075525932,1.0037303239695172,0.004601473775932319,0.5363955191890551,0.011300475398462706,0.6681216592538849,0.002947220812020674,0.08517640064019551,0.0027410040962399834,0.6333784413500143,0.004351828868466294,0.7745130813652521,0.00430135773066291,0.12319111776447104,0.020117553367455722
2.0,1.5,2.0,1.0,0.08540360549480723,0.278693583581288,0.34334736339485034,0.3064426686734147,4.243211482292808,0.013436488978049055,0.2262177127140952,0.006053649602387041,0.032322471705001826,0.0037916556235788037,0.7519872842378822,0.009902527289644901,1.0276414580901623,0.006318291051219539,0.5335533495595468,0.008430199642440774,0.6635694750405762,0.0028551178871306067,0.0796566065078678,0.0030401803939226583,0.6328410082461684,0.0057743369099455925,0.7743641253370882,0.005852710595023702,0.08601546906187625,0.015498872238948483
2.0,2.0,0.5,1.0,0.05140515977434706,0.4392865835545413,0.4474825116468895,0.11701964434787855,4.165936473165389,0.009941409602494396,0.26376303316069877,0.0061223822118230235,0.01806087988316904,0.0030175822339443452,0.7391460022412032,0.010324828548289354,0.9822709797330583,0.0031638843546617965,0.5389387260599671,0.010591266907841776,0.6736071661950307,0.0025752545553584323,0.08683600796818114,0.0024377161258966793,0.6492254005632957,0.004267513895970574,0.7751804371986021,0.0036662852332820794,0.048590319361277445,0.012524692072884246
2.0,2.0,1.0,1.0,0.08014089771897488,0.34462657918358447,0.3985667181647728,0.23254415811115772,4.194904618473895,0.010851785336628091,0.24176466258878612,0.005989247517885527,0.03015470974808324,0.004297941673471305,0.7331321042316535,0.009893753293809218,1.0020608552270533,0.004512345938004475,0.5371568488893869,0.010842526464686935,0.6665580524354858,0.0029765672172030458,0.08342913182574484,0.0028991430851059955,0.6428575843245968,0.004729919257633871,0.7735301427999891,0.0047517157871794675,0.08077594810379242,0.012558908278693586
2.0,2.0,1.5,1.0,0.06794305553752494,0.2719678337639972,0.36931876200191394,0.24982018864952688,4.251323475721066,0.01375452374566117,0.22662160244193433,0.004997240614595348,0.02552254472435195,0.003950320036064643,0.7634253473581221,0.01084530148638395,1.0239008078053353,0.004790444934487874,0.5377904246745415,0.009031986331160122,0.6629390378200242,0.003213462745942043,0.07891107147803113,0.0029845381132891104,0.6377753844931572,0.0039949237781789085,0.7737136196819699,0.006002828608754788,0.06811377245508982,0.012559066470269142
2.0,2.0,2.0,1.0,0.050473714022616384,0.21148990759096084,0.3345569179966632,0.23865779032934642,4.3191173786053305,0.009409138009323512,0.2115515429935079,0.005006801685460746,0.020262869660460023,0.0033740205457602197,0.7893434945717285,0.0070200998398759476,1.0538092611332435,0.007131831865350293,0.5383437302786944,0.009154540106598913,0.6572559957208944,0.0026636363197817823,0.0731035111100203,0.0030476503627663446,0.6320429490698974,0.005252927812036719,0.7744758894640397,0.006776941883807393,0.055202095808383235,0.013656279494611385
2.0,2.5,0.5,1.0,0.008813526714800441,0.20473186059477844,0.5669020699600608,0.04304912136877842,4.284444596568091,0.00889153664502441,0.21361214398252582,0.0050356903674293,0.0035140562248995983,0.0013548620190401402,0.8080507684016952,0.009878531330234117,1.0081704169414256,0.002848755204687172,0.5400238864357195,0.009964466708206327,0.657500668663547,0.0030084464515488076,0.0708081218001124,0.003766860971879135,0.661960951536331,0.0034522859718119866,0.7724841223725846,0.006822063933067256,0.009605788423153693,0.00531145076248105
2.0,2.5,1.0,1.0,0.030896141928610715,0.2190514128328321,0.41768180887718426,0.14104516163147934,4.298660551296094,0.010354841182795645,0.2149007519433034,0.004898525416699764,0.011409273457466229,0.002340790788891796,0.804152370243974,0.009322400872042818,1.0267520183246497,0.004311746037747241,0.5404821161908275,0.009822424455238695,0.6592191551806388,0.0027581162239155932,0.07421344252655186,0.0028382840588809985,0.6442212738095711,0.0038036061368881442,0.7778772810934308,0.0069336936252352675,0.03056387225548902,0.006792622809172984
2.0,2.5,1.5,1.0,0.033150164121768015,0.18519232249435014,0.350971324373573,0.17900398718083663,4.343225173420957,0.011760197468930228,0.20797251855685836,0.004123391990749787,0.012264968966776195,0.0020638073526581496,0.8105007907668415,0.00881443917760779,1.0522334647229226,0.006765862841119386,0.536244055979557,0.010224345668720098,0.6559640242066035,0.0026982438488061945,0.07018805401274313,0.00244999055220166,0.6335275724181915,0.005518709337950691,0.7733095295592577,0.006165000557039256,0.03280938123752495,0.008262197369070159
2.0,2.5,2.0,1.0,0.027400893042691322,0.14742214389149,0.2994447549147087,0.18586687399458615,4.397704454180357,0.012482586994585347,0.19965290753925716,0.004058855810388983,0.010131434830230011,0.0023642987407618923,0.8335891619861059,0.010430802910117264,1.0833351576090953,0.00916160603225313,0.5400250130845279,0.008386653080197086,0.6520141356063598,0.0025235020567551184,0.06571982706560105,0.0034908111320052664,0.6259005079623006,0.004693423157627784,0.7719857166389524,0.008771181440531056,0.026571856287425154,0.009540641405235476
2.0,3.0,0.5,1.0,0.0009245839968362689,0.05838167650285265,0.43943399723804466,0.015836886712067816,4.38765288426433,0.007871535290878705,0.18209760059948685,0.002406018672739141,0.00034227820372398685,0.0005004608720958321,0.882562258499855,0.009753985751633455,1.0372152027029606,0.003599906195093712,0.53905424070523,0.008079675071435064,0.6442085427594468,0.0019465607687203933,0.052242282625017344,0.00353102508578357,0.6466920375590347,0.004357632447086195,0.7747529831266418,0.01648222502897482,0.0008732534930139721,0.001848558552027447
2.0,3.0,1.0,1.0,0.009553029235101141,0.1116683643546988,0.3510564027056637,0.08554821493361621,4.39711117196057,0.011532200366012702,0.19346883628890685,0.0033432257310559753,0.0033657356699525374,0.0014422655179931485,0.8504791704167545,0.008600959662083506,1.0588842558221387,0.005126275575403571,0.539486593147496,0.010144163012456473,0.6492177178245233,0.002850819048397352,0.06068246959508997,0.0028647939662097984,0.6344785464819408,0.005458070160461205,0.7722781397105423,0.00774006487900667,0.010790918163672655,0.005785186790301741
2.0,3.0,1.5,1.0,0.014173545468643774,0.11050466794115937,0.2922766409433752,0.1282619615326186,4.428338353413655,0.010634838846556083,0.19253645751773285,0.0037292821760452196,0.005419404892296458,0.0014739935037980255,0.859602756771988,0.009987268220432012,1.0866738152813102,0.00709464619819095,0.5350211720395294,0.008377977537918085,0.6495192721136726,0.002038101338510321,0.061820130161243624,0.0036646432242426015,0.6234129405896358,0.005270945069144746,0.776522250420658,0.01104824096128143,0.013597804391217563,0.005954753198146944
2.0,3.0,2.0,1.0,0.013575488465163333,0.09378364126212566,0.2445990122547958,0.1447532670140178,4.477580777656079,0.011719249731661288,0.18954517638628973,0.0031468370195677038,0.005134173055859803,0.001535007669859686,0.8754764962572041,0.008920167995921265,1.123094857246903,0.010728007640597174,0.5382392320766555,0.008374191327935336,0.647549480168257,0.002485655589042495,0.05897647682831697,0.0036382366063725247,0.6141080566490387,0.0048766765743125376,0.7753020786305022,0.009197916546224162,0.014034431137724554,0.005896751517130951
2.5,1.0,0.5,1.0,0.4312407691214906,0.49873755776193923,0.06875610054951087,0.8646647167633872,3.93169267981015,0.008698542364905514,0.25716820684445146,0.007638686997741772,0.15975264695144212,0.00712606847714983,0.6140002296260646,0.018941779642714276,0.9578177829517182,0.0021000518692038746,0.5398653384959803,0.004959871776418204,0.6818681713584125,0.003511277535500909,0.09772285968996947,0.0028534039768350248,0.5683590048019549,0.00700997908308746,0.7738026763203082,0.003691083036712453,0.4393712574850299,0.02138152224114626
2.5,1.0,1.0,1.0,0.2979864430906633,0.4714076115748238,0.2005646408261146,0.6321205593078669,4.027336619204089,0.011859129424582367,0.2576633847905256,0.00684459684826631,0.10949479737130341,0.006972586980899906,0.5910325005421341,0.008693917370171457,0.973148695757852,0.00252838849560049,0.5405325107926685,0.007173894722971988,0.6791870382511194,0.0028874906163859973,0.09216857474638873,0.0026599369689910865,0.6077041125144603,0.005740597196917631,0.7731726935499966,0.0039212966463088705,0.30276946107784436,0.028049798171948477
2.5,1.0,1.5,1.0,0.20027773329205628,0.4116001088184277,0.2869654787394849,0.4865832855753844,4.1169450529390295,0.011905917448928015,0.24959978545772513,0.004135791751488655,0.07257438846294269,0.005382415591264898,0.631165839706488,0.008500245874882005,0.9909123523678108,0.003464373047891072,0.5399659920498804,0.004870137018037683,0.6757075751343975,0.003329249502485389,0.08835676316443204,0.002505768115040968,0.6247571923370424,0.005436194962127622,0.7737643319074067,0.0038314661933788186,0.19592065868263472,0.02161578576340539
2.5,1.0,2.0,1.0,0.13368473066555683,0.33974959615686784,0.32598084070932193,0.39348017533428487,4.200449525374224,0.014062675223438662,0.23464613946377166,0.005865398216115796,0.04904846659364731,0.00489034192661416,0.6937028408402225,0.011782363200932738,1.0135574029638972,0.005492610141265258,0.5412273275546373,0.006010034335215097,0.670505430294526,0.0028022158939785707,0.08289601273659736,0.002530777629120619,0.6322385910793014,0.004686108595266985,0.7736737243760873,0.0048754165301980335,0.13173652694610777,0.019994025578858102
2.5,1.5,0.5,1.0,0.18583794296842582,0.5842263407025495,0.21893479029450555,0.31809237280357844,4.0700871668492145,0.007930895310888277,0.2857458792877679,0.006736341861833154,0.06887778386272363,0.005590889779073665,0.5840860982218595,0.008508716341188067,0.9710025123332798,0.0021987112329848587,0.5411957380367042,0.007443172484654819,0.6847116339272726,0.0030541560371514756,0.09188892231878894,0.0020172225614195145,0.6118781887653505,0.006179166225713851,0.773809903996757,0.0030580442412277077,0.18594061876247506,0.0220208108085705
2.5,1.5,1.0,1.0,0.1693630429501379,0.44173923355401395,0.3098639079424187,0.3834004998549193,4.126140927345746,0.009953170412950749,0.2552180261630927,0.0064107946517908045,0.0615188024826579,0.005702869231283211,0.6400634123163066,0.010263925849308022,0.9876841986848616,0.0024897525538912853,0.5398591943996496,0.00732507157322,0.6767858301339963,0.0028411732698352863,0.08807788546000579,0.0027149880027679423,0.630059508218544,0.004908961543785289,0.7738950000087179,0.004032129187859376,0.16679141716566867,0.022591283025293066
2.5,1.5,1.5,1.0,0.12326137425309613,0.35353681587600777,0.3439962021480432,0.3486521593166305,4.1971978824388465,0.010812665966516576,0.23791833428010642,0.006160012025376122,0.04479280759401242,0.004878652245297471,0.6968673336617538,0.009091264367937273,1.0073565997254394,0.003561980996637255,0.5406005202869818,0.005316494310993344,0.6707056818317789,0.0032175968370223677,0.08317389221872895,0.002833800693208455,0.635598558846408,0.004727208681804044,0.773844395987806,0.00592958845582968,0.12063373253493014,0.019917167316257256
2.5,1.5,2.0,1.0,0.08540360549480723,0.278693583581288,0.34334736339485034,0.3064426686734147,4.268277656078861,0.013759065670675136,0.22566607099167957,0.005757820044963154,0.030953358890105878,0.0036797715359968295,0.7405960262260387,0.010260987042132382,1.0320785993252402,0.005424279462707617,0.5398214866000772,0.006510752384377593,0.6649097729043821,0.0035309246628834373,0.0777990876212558,0.0034566188515687654,0.6336213060096182,0.005584401875439296,0.7722239753919383,0.005403218327159757,0.08582834331337325,0.01477556586752241
2.5,2.0,0.5,1.0,0.05140515977434706,0.4392865835545413,0.4474825116468895,0.11701964434787855,4.196570372398686,0.008425518719743194,0.25784513451062013,0.00520793773081695,0.01879107338444688,0.0028064858791874083,0.7166251320772705,0.008838216782379659,0.9887343554041562,0.0025032503343581695,0.5412846793539429,0.007235223217207893,0.6755626133425011,0.00244706101115307,0.08433776196775873,0.0026227363326027397,0.6507440715527338,0.003924254726424676,0.7734613592077632,0.003893524544931668,0.052894211576846296,0.008697961030383042
2.5,2.0,1.0,1.0,0.08014089771897488,0.34462657918358447,0.3985667181647728,0.23254415811115772,4.224876779846659,0.011992784453583928,0.23696299662123255,0.004625766929232941,0.029310423512230743,0.004497575907375755,0.7227482503658264,0.009799512508468743,1.0070960350020999,0.0032878105019970767,0.5376779915915,0.006389232704284241,0.6701060378013439,0.003040636913062571,0.08181457828833107,0.0029345187931203976,0.6428343900192673,0.004995819593273023,0.7748131450312773,0.005300396054259282,0.08065119760479042,0.0175604011739114
2.5,2.0,1.5,1.0,0.06794305553752494,0.2719678337639972,0.36931876200191394,0.24982018864952688,4.279184921504199,0.01059333736077832,0.22325122446215004,0.004458991763648947,0.02478094194961665,0.0036771875089364205,0.7535985869776729,0.007739774659189999,1.0292984647148415,0.004609573675488179,0.5405930428495225,0.006512414029168382,0.6652155035874826,0.0028160810543021698,0.07720909548028787,0.002530184459963009,0.6384944048862028,0.004578909349123117,0.7746969249114161,0.005248607281901526,0.06649201596806387,0.014847996861047123
2.5,2.0,2.0,1.0,0.050473714022616384,0.21148990759096084,0.3345569179966632,0.23865779032934642,4.343088262139467,0.014530223475113556,0.21023312840008201,0.004933743048612382,0.018540069368382622,0.0030418036661733856,0.7827838804751898,0.010757155702111113,1.0578822571577102,0.006988037204986551,0.5408946583055959,0.006215036399217562,0.659717766096397,0.0034455370551018465,0.07234520668430576,0.003499835376001319,0.6323269081110839,0.0054034373030336065,0.7741128102016054,0.006822225124776639,0.049089321357285436,0.011665282279263701
2.5,2.5,0.5,1.0,0.008813526714800441,0.20473186059477844,0.5669020699600608,0.04304912136877842,4.301387367652428,0.007974900342284236,0.21212135059506068,0.004518157602082066,0.0032858707557502733,0.0015530884778860708,0.7943513528315037,0.00727139319272146,1.011122892302146,0.0029578876849048145,0.5395584739018572,0.005857801311538766,0.6592012191442137,0.0028949276741116244,0.07056259474365027,0.002971429503659199,0.6637984247704886,0.0043855498220218905,0.7741089351435771,0.006794258729794362,0.009543413173652695,0.005815328879324864
2.5,2.5,1.0,1.0,0.030896141928610715,0.2190514128328321,0.41768180887718426,0.14104516163147934,4.318558324205914,0.010041778113335955,0.21409556465546412,0.00553144656237593,0.010838809784592918,0.002287363333606062,0.791678023818644,0.008506441504702962,1.030760154065712,0.004155565533631729,0.5402051712053345,0.004534415060337239,0.6607049222977813,0.00243482712501559,0.07226587203984079,0.002411285003290202,0.644995870298778,0.0038693586185137158,0.7741238010185455,0.005650413848810172,0.02975299401197605,0.007396114769822275
2.5,2.5,1.5,1.0,0.033150164121768015,0.18519232249435014,0.350971324373573,0.17900398718083663,4.360989412194232,0.013199842138811766,0.20687262087313787,0.00527488533693322,0.01197973713033954,0.002512484130396032,0.7989663638179735,0.009994758791826663,1.055266719644384,0.005786558273247279,0.5406252772550907,0.006160922634595426,0.6582817733386246,0.00253745000131437,0.07082169745314898,0.002979785560381536,0.6338480366148693,0.00499415586251136,0.7761933325811919,0.008122455430560315,0.031998502994011975,0.008867840128142882
2.5,2.5,2.0,1.0,0.027400893042691322,0.14742214389149,0.2994447549147087,0.18586687399458615,4.413506297918949,0.013823741357604075,0.19853906107904584,0.004515325939799202,0.010154253377144942,0.0022365841704126495,0.8253790402036185,0.011182561784968185,1.0868770670194101,0.007880824039282197,0.5389874818620544,0.005821635913782049,0.6537390502201593,0.0024625021799445073,0.0646243128602003,0.0038211759588534107,0.625893943891695,0.005037859266744729,0.7715826547016468,0.008317445551698265,0.028443113772455092,0.008712567188497453
2.5,3.0,0.5,1.0,0.0009245839968362689,0.05838167650285265,0.43943399723804466,0.015836886712067816,4.400408451989777,0.007702728353971419,0.18240633481102142,0.0025736001667533677,0.0002852318364366557,0.0004071579376405839,0.871284323139584,0.006996730829144928,1.0390637093623318,0.0033911937725931702,0.5388328159617878,0.005882055351237342,0.6447166919193438,0.0018210944554815118,0.05249812339413137,0.003483315861267133,0.6468387942522935,0.004580240643285836,0.772836090381054,0.011544442892287277,0.0011851297405189622,0.0020240130958885257
2.5,3.0,1.0,1.0,0.009553029235101141,0.1116683643546988,0.3510564027056637,0.08554821493361621,4.41233114275283,0.009797767935299163,0.1924541552779794,0.002994664956027208,0.0034570098576122677,0.0014822678626776598,0.8414982040202825,0.006812166896572252,1.061773356687745,0.004647564082630118,0.540671188281086,0.006082340074161594,0.6505324191254105,0.002220093706560566,0.06085165131757688,0.003110369911830524,0.6339326464608758,0.003391591901500249,0.7735914272034883,0.008719464496092469,0.00873253493013972,0.0045315339497399125
2.5,3.0,1.5,1.0,0.014173545468643774,0.11050466794115937,0.2922766409433752,0.1282619615326186,4.442702628696605,0.010546045664575256,0.19178145359204143,0.003835752780762957,0.005259675063891932,0.001902940717980919,0.8507950524552568,0.009381485091291148,1.087175258915084,0.006492806272999484,0.541366862681382,0.006421676012101563,0.6500600330629803,0.0021031532465199954,0.061178749602252835,0.0033753126780944605,0.6240846341455561,0.004422344840968623,0.7763962971406558,0.010015656432862527,0.014658183632734531,0.0071824318528012215
2.5,3.0,2.0,1.0,0.013575488465163333,0.09378364126212566,0.2445990122547958,0.1447532670140178,4.491374589266155,0.011718211725629582,0.18821300830543497,0.0031580636974018524,0.004461025921869296,0.0016487107803153796,0.8697485198771536,0.0069812073345826425,1.1239688854392993,0.010849758561380247,0.5400844367410051,0.00594826388060512,0.6479855930207568,0.002449096955349268,0.05757209447730435,0.003569183522113642,0.616104345809063,0.004015595615878969,0.7732527045825378,0.00956726703540638,0.012911676646706588,0.006482226076230828
3.0,1.0,0.5,1.0,0.4312407691214906,0.49873755776193923,0.06875610054951087,0.8646647167633872,3.9535870755750273,0.009317503635778563,0.24886049049484638,0.007557163549497401,0.15797280029207741,0.007203553028831631,0.6251072574489549,0.017888304337637564,0.960637866139448,0.0014022809364147705,0.5404260628113166,0.0039547188500232006,0.6866086636182526,0.0035750563839967546,0.095437681815576,0.002257690580887819,0.5712989718329337,0.004884562739405056,0.7741435231760935,0.003648694789349498,0.4351297405189621,0.023890969694462704
3.0,1.0,1.0,1.0,0.2979864430906633,0.4714076115748238,0.2005646408261146,0.6321205593078669,4.045055220883534,0.01070883457191969,0.25033568230604025,0.008030650629759797,0.10894715224534501,0.00791955579737164,0.5989954263319323,0.009671305564040547,0.9750906383712,0.002149983157603998,0.5407128581780388,0.003753335369984582,0.6827134960310617,0.0033751499942146473,0.09113543319714353,0.002537620428333818,0.6088524936969413,0.0061801094107653476,0.7744276078999556,0.0033622611048385867,0.30295658682634735,0.029254842330810417
3.0,1.0,1.5,1.0,0.20027773329205628,0.4116001088184277,0.2869654787394849,0.4865832855753844,4.134001916757941,0.010750118955780152,0.2432995679307206,0.005438692534828398,0.07198110624315444,0.005559605291995825,0.6363254615413491,0.008072433598923767,0.9930781475184703,0.0032658924052952802,0.5409729635378496,0.003810122122390366,0.6775237600081309,0.0028118034501625937,0.08615211768695001,0.0026925858129575857,0.6260719577943502,0.004883779150473718,0.7736751070747205,0.0043751633416270795,0.2000998003992016,0.021584237307195494
3.0,1.0,2.0,1.0,0.13368473066555683,0.33974959615686784,0.32598084070932193,0.39348017533428487,4.211733296823659,0.011010791185889638,0.2328097564438354,0.0052291037466525095,0.0479417670682731,0.005014109521868452,0.692559490646338,0.008677080860151997,1.0150673934095964,0.004585568101853315,0.5390474214539244,0.004680807543875426,0.672005428751762,0.002888424179771021,0.08221162524137672,0.0024796266025486164,0.6319570311766554,0.004765956643498551,0.7744332357727165,0.004329004367383788,0.13260978043912175,0.019907589068286387
3.0,1.5,0.5,1.0,0.18583794296842582,0.5842263407025495,0.21893479029450555,0.31809237280357844,4.086550748448339,0.008484802575215165,0.2805207544672169,0.006974251099149533,0.06769121942314714,0.00597329073392645,0.5869405900359215,0.007746681456134778,0.9728363955309093,0.001662574620343218,0.5414002273061262,0.0031005899765958324,0.6873118061972147,0.002446557413997938,0.0898904010235559,0.0017848745145020361,0.6131175579530177,0.005092410536909174,0.7730829293620541,0.0031996018112230473,0.1843188622754491,0.02142079045097932
3.0,1.5,1.0,1.0,0.1693630429501379,0.44173923355401395,0.3098639079424187,0.3834004998549193,4.138383077765608,0.010697158901724837,0.2522589144271792,0.006344696576976139,0.06103961299744432,0.0046027129324267045,0.6386789651371358,0.010137080995329678,0.9888933689722931,0.0030947514620755885,0.5410494455317306,0.005434024084755724,0.6789970060283533,0.002537643945385382,0.08629772125776851,0.0022560909180184907,0.6298674385820066,0.005052183302265796,0.7737212823755847,0.0034265068264934103,0.1702844311377246,0.018800595632594258
3.0,1.5,1.5,1.0,0.12326137425309613,0.35353681587600777,0.3439962021480432,0.3486521593166305,4.209748083242059,0.010229295837958053,0.23393174464957522,0.00644624139519348,0.04393711208470245,0.004490831536408031,0.6966696064014529,0.008548958474311108,1.00880642457607,0.004151127675699932,0.5410920404932393,0.00429726918839676,0.6720752696205743,0.0026197353140441646,0.08161625225633774,0.002794820749627491,0.6378943340531411,0.003900346645564814,0.7731602918735465,0.005110780021971233,0.12075848303393212,0.01718634713648213
3.0,1.5,2.0,1.0,0.08540360549480723,0.278693583581288,0.34334736339485034,0.3064426686734147,4.279915115005476,0.01329679611185807,0.22148250033154673,0.005714508640211708,0.030747991967871483,0.004192090243020139,0.7400959683021178,0.008882332233681497,1.0330941120298442,0.005691907762262218,0.5420000644817481,0.004599245518630252,0.6669212434178374,0.0030714091641548215,0.07719821317835047,0.0031239327244531228,0.6342676649459947,0.005249299912335005,0.7731981710057901,0.005688847569718408,0.08077594810379242,0.01502080307220885
3.0,2.0,0.5,1.0,0.05140515977434706,0.4392865835545413,0.4474825116468895,0.11701964434787855,4.205412559328222,0.007552851755500356,0.2555322831216706,0.004933874617986455,0.01884811975173421,0.0029585205499872546,0.711970084448887,0.008291814963917284,0.9890271356664123,0.0019445661461530075,0.541619090642458,0.001992402777470806,0.6782746265876645,0.0026986105629939142,0.08382018167750953,0.002211621390651506,0.6504308738552192,0.004089302578456173,0.7746720473267806,0.0042351878828605595,0.051584331337325345,0.011257586399852984
3.0,2.0,1.0,1.0,0.08014089771897488,0.34462657918358447,0.3985667181647728,0.23254415811115772,4.234380704636728,0.01005024737610323,0.2336537720317707,0.005371137721521285,0.029390288426433004,0.0038614345621284705,0.7221207583416812,0.008583810515646174,1.0079783542721337,0.003573201024002072,0.5413043483105001,0.004487639605533364,0.6713363813724967,0.003208178315544985,0.08013248292613412,0.003389758752552395,0.6439902216061086,0.004624357366403248,0.7729700768354095,0.006093706256163179,0.07840568862275449,0.015161928158331978
3.0,2.0,1.5,1.0,0.06794305553752494,0.2719678337639972,0.36931876200191394,0.24982018864952688,4.290046549835707,0.01006429193819085,0.22154315792840726,0.004888316416560451,0.022829956188389927,0.003309394041129938,0.7551184922307027,0.008445713145429086,1.0300298788348725,0.00458216447153402,0.5406515288730126,0.004340829511400827,0.6654167862377772,0.0030039465054866616,0.07634657472859195,0.0031195145035965394,0.6390210120108492,0.004415617336961755,0.7736021110469607,0.006406558124613017,0.06474550898203592,0.01259129599416611
3.0,2.0,2.0,1.0,0.050473714022616384,0.21148990759096084,0.3345569179966632,0.23865779032934642,4.351348576122672,0.014173149440374077,0.20873123298379084,0.004732217406116507,0.01794678714859438,0.00312510064810694,0.7818012653405594,0.010139907214019485,1.0586160154826458,0.007972345424760009,0.5408770706804957,0.003827185594977277,0.6602572721473845,0.0031732007362538415,0.07109979641040422,0.003655243080238528,0.6329405439898194,0.0047900079443808094,0.7735048120903327,0.007410327298513185,0.05058632734530938,0.01346405587520067
3.0,2.5,0.5,1.0,0.008813526714800441,0.20473186059477844,0.5669020699600608,0.04304912136877842,4.311621485943776,0.007271908762650528,0.20973474389882737,0.004429657943919198,0.0029321832785688205,0.00150080695821641,0.7951411313694736,0.0060820734744415055,1.0128752412433337,0.002675462174152413,0.5405670287557011,0.00424125091483073,0.6594817719154701,0.0021753081405384046,0.069550770060161,0.0031839193752497786,0.6639362717868943,0.0028997884489872757,0.7736436340672106,0.007572219892944814,0.008545409181636725,0.0060510627316971285
3.0,2.5,1.0,1.0,0.030896141928610715,0.2190514128328321,0.41768180887718426,0.14104516163147934,4.325472343921139,0.009287084775230856,0.21173364700683028,0.004324416621568738,0.01115826944140197,0.0019942584523771653,0.7900221336834793,0.006749280039969103,1.0316583246506157,0.0033482803628928706,0.5407575258682065,0.00444263025687129,0.6615343842910274,0.003077191416081804,0.07140613919162606,0.0032023975461199974,0.6459464436238546,0.0043952717922627685,0.7729376095862127,0.006051829179878163,0.029565868263473054,0.008067536412388552
3.0,2.5,1.5,1.0,0.033150164121768015,0.18519232249435014,0.350971324373573,0.17900398718083663,4.368211482292807,0.010074345713471971,0.20502128450011456,0.004249234764942782,0.011683096020445418,0.002031377021224799,0.7995852043781803,0.008183281510043765,1.0559788162594597,0.004458265454173324,0.5410984161856015,0.004229020518357306,0.6581118473787239,0.0028445840435802287,0.06946377896194994,0.0032021472694806663,0.6344402507522856,0.0043928970635214604,0.7761247397164315,0.006731604967637752,0.0341816367265469,0.009703345742554187
3.0,2.5,2.0,1.0,0.027400893042691322,0.14742214389149,0.2994447549147087,0.18586687399458615,4.417556589996349,0.013128403612606896,0.19852936337898908,0.004167658667359878,0.009994523548740418,0.0023439690534769976,0.8230354399533776,0.010280993897086919,1.0859094567550882,0.008463025138053807,0.5414810413119296,0.004510709175947466,0.6549001528901828,0.0025979373321699632,0.06555382547808694,0.0036347504504655277,0.6260752579918125,0.004568224747650016,0.7743631095666862,0.00821414108250754,0.027320359281437126,0.009358994384816056
3.0,3.0,0.5,1.0,0.0009245839968362689,0.05838167650285265,0.43943399723804466,0.015836886712067816,4.40530303030303,0.007847050609687142,0.18199764073538907,0.002416725376961915,0.00042214311792625046,0.0005082367667047207,0.8689160337443038,0.006139822158081336,1.0395464877494904,0.0030338503288300255,0.5412105742490209,0.002734229617684676,0.6453560303743261,0.001956700499798695,0.05235887807218342,0.003141118048488606,0.6464704976292722,0.004371376952209305,0.7741384997614965,0.010539653760886477,0.001372255489021956,0.002467251196065728
3.0,3.0,1.0,1.0,0.009553029235101141,0.1116683643546988,0.3510564027056637,0.08554821493361621,4.416233114275283,0.00994330831086024,0.19102936592614864,0.003397259409443058,0.003787878787878788,0.0015149573023050913,0.8392337736074156,0.006681616545281381,1.0618198378113317,0.005113337558261927,0.5413276824914957,0.0043351374971862455,0.6500081450779128,0.0023765480207228783,0.060124805355749905,0.0030730764485033205,0.6354671225223839,0.004540529603739716,0.7746126031050006,0.009534958656152136,0.010541417165668664,0.006019460838887761
3.0,3.0,1.5,1.0,0.014173545468643774,0.11050466794115937,0.2922766409433752,0.1282619615326186,4.444174424972618,0.0100101139280131,0.19185155527638753,0.002767584281406081,0.0050200803212851405,0.0016461688692494423,0.8481419948735681,0.009566023125277804,1.0841031723424417,0.0061628051624658476,0.540446111212485,0.003308084995927839,0.651148829618966,0.0022491555990828307,0.06113585393712861,0.0030717528683384923,0.6246500958898339,0.005133084313889504,0.7763196816983591,0.008201465350627294,0.014408682634730538,0.006318328279473836
3.0,3.0,2.0,1.0,0.013575488465163333,0.09378364126212566,0.2445990122547958,0.1447532670140178,4.492321558963124,0.012705793611852024,0.1878379903281344,0.002920553939359779,0.004963033953997809,0.0016151482123761224,0.867119661979945,0.01075593428746715,1.1226478108581224,0.008940355365678549,0.5402695291785408,0.004705720877235044,0.648726016655098,0.0025043863071557565,0.057178381121554205,0.00349994576176547,0.6158063769088687,0.0048502973415050134,0.7706916197092296,0.012460148582352022,0.01378493013972056,0.006137128930617147
