group,label,v_c,well,tau,E0,R_A,depth_mean_A,num_scored,nbar_det,n1_solv,w1_solv,midHot,deepKE,supp,trap,KE1_mean,KE1_med,KE1_mode,KE2_mean,KE2_med,KE2_mode,KE1_n,KE2_n,KE1_r100,KE1_rmed,KE2_r,md_gate
incumbent,s1,7.25,eb1168,3.2,0.27,-,-,1862,4.189044038668099,0.22923588039867115,0.7284060172629905,1.0327557718430003,0.6016887389331966,0.19172932330827067,0.069,1.0381398397804071,1.0366467065765947,1.0062499999999999,0.7621862824340373,0.772444858602589,0.7437499999999999,345,206,1.0381398397804071,0.920336737393978,1.0795839694533107,1
incumbent,s2,7.25,eb1168,3.2,0.27,-,-,1873,4.187399893219434,0.24623444662737395,0.6061742945835119,1.020521865541245,0.6414901720144117,0.1847303790710091,0.0635,1.0453516192836183,1.0549412718760431,1.09375,0.7614782355302674,0.7671543487286596,0.83125,376,216,1.0453516192836183,0.926730158939378,1.0785810701561862,1
incumbent,s3,7.25,eb1168,3.2,0.27,-,-,1858,4.053821313240043,0.24850894632206763,0.5191587324227492,1.018892194220141,0.6213660625465254,0.18783638320775026,0.071,1.019669464204038,1.025254417378582,1.0062499999999999,0.7498035860406089,0.7607677073221122,0.7437499999999999,375,223,1.019669464204038,0.9039622909610268,1.0620447394342902,1
incumbent,s4,7.25,eb1168,3.2,0.27,-,-,1869,3.9165329052969504,0.24619457313037726,0.5595132762242976,1.00724929360983,0.6469192851056362,0.19154628143392188,0.0655,1.0285866024204322,1.0305325888771488,1.0062499999999999,0.7510422802045756,0.7546903366844571,0.7437499999999999,372,218,1.0285866024204322,0.9118675553372627,1.063799263745858,1
incumbent,s5,7.25,eb1168,3.2,0.27,-,-,1868,3.9914346895074946,0.24624428478118876,0.4821879969564085,0.9744958590828633,0.6521986611962516,0.180406852248394,0.066,1.03911420173646,1.0486754123284912,1.09375,0.7461072424735138,0.7538575409295833,0.83125,377,235,1.03911420173646,0.9212005334543086,1.0568091253165919,1
incumbent,pooled,7.25,eb1168,3.2,0.27,-,-,9330,4.067631296891747,0.24330739812739022,0.5713217661312104,1.0109642104787544,0.6312710047460899,0.1872454448017149,0.067,1.0341283321444128,1.0376410671155416,1.0062499999999999,0.7538782256911463,0.7621748311098042,0.7437499999999999,1845,1098,1.0341283321444128,0.9167804362982384,1.0678161836985076,1
geogrid,r1l1,7.25,eb1168,3.2,0.27,26.602341919582035,26.602341919582038,1000,8.394,0.0,4.9763356128937035,1.0406895666341378,1.8270103322172866,0.0,0.0,nan,nan,nan,nan,nan,nan,0,0,nan,nan,nan,0
geogrid,r1l2,7.25,eb1168,3.2,0.27,26.602341919582035,24.86688531001195,1000,8.35,0.0,4.760335612893703,1.2514638938587563,1.577855855938497,0.0,0.0,nan,nan,nan,nan,nan,nan,0,0,nan,nan,nan,0
geogrid,r1l3,7.25,eb1168,3.2,0.27,26.602341919582035,8.977366207672178,941,4.461211477151966,0.23469387755102042,0.813135826651111,1.0200187163558765,0.5082558566565054,0.16684378320935175,0.059,1.042390487304767,1.044210466056632,1.0062499999999999,0.7817118611463547,0.8038798626641754,0.83125,184,100,1.042390487304767,0.9241050419368502,1.1072405965245817,0
geogrid,r2l1,7.25,eb1168,3.2,0.27,33.99832451821369,33.998324518213686,1000,12.577,0.0,7.956247901473314,nan,1.488153292299413,0.0,0.0,nan,nan,nan,nan,nan,nan,0,0,nan,nan,nan,0
geogrid,r2l2,7.25,eb1168,3.2,0.27,33.99832451821369,29.294477960306747,1000,12.3,0.0,7.533403021578767,1.420684748674136,1.3765307587991016,0.0,0.0,nan,nan,nan,nan,nan,nan,0,0,nan,nan,nan,0
geogrid,r2l3,7.25,eb1168,3.2,0.27,33.99832451821369,10.85042171242758,804,5.325870646766169,0.18379160636758324,1.398233701752429,1.1077439326008909,0.7524836622616216,0.14054726368159204,0.196,1.061829641755059,1.0635326288207256,1.09375,0.7934872162264696,0.8055843276702608,0.7437499999999999,127,94,1.061829641755059,0.9413383348892368,1.1239195697258777,0
geogrid,r3l1,7.25,eb1168,3.2,0.27,49.40008671934283,49.400086719342845,462,18.348484848484848,0.0,13.459847826135505,nan,1.9398073666755522,0.0,0.538,nan,nan,nan,nan,nan,nan,0,0,nan,nan,nan,0
geogrid,r3l2,7.25,eb1168,3.2,0.27,49.40008671934283,34.80092529648283,524,15.124045801526718,0.0,10.235408779177373,nan,2.1944232829332884,0.0,0.476,nan,nan,nan,nan,nan,nan,0,0,nan,nan,nan,0
geogrid,r3l3,7.25,eb1168,3.2,0.27,49.40008671934283,14.750965702227651,596,6.303691275167785,0.15105162523900573,2.306182354232458,1.3085232150132842,1.5936668216427359,0.12248322147651007,0.404,1.0641381821422853,1.0679455942995952,1.09375,0.8269692576588809,0.8349836743167746,0.91875,79,49,1.0641381821422853,0.9433849132467069,1.1713445575904828,0
geogrid,r4l2,7.25,eb1168,3.2,0.27,68.29944455675343,40.473672685654115,200,15.275,0.0,10.386362977650657,nan,1.9302009641965332,0.0,0.8,nan,nan,nan,nan,nan,nan,0,0,nan,nan,nan,0
geogrid,r4l3,7.25,eb1168,3.2,0.27,68.29944455675343,19.53728662194607,430,6.7046511627906975,0.1276595744680851,2.834052863904145,1.32673618102743,1.9712685382727049,0.12558139534883722,0.57,1.0906699385608938,1.0768199209300326,1.0062499999999999,0.8083652523906086,0.8138274054077824,0.91875,48,33,1.0906699385608938,0.9669059739015017,1.1449932753408054,0
g3ring,a031,5.5,eb1168,4.8,0.31,-,-,914,6.072210065645514,0.030701754385964914,1.7152829813147568,1.492731592539635,0.5618899557561425,0.002188183807439825,0.086,0.8880132393340708,0.8780454686333379,0.91875,0.8001018411560997,0.7950645052339048,0.83125,28,115,0.8880132393340708,0.7872457795514813,1.1332887268499996,0
g3ring,a033,5.5,eb1168,4.8,0.33,-,-,913,5.36144578313253,0.10165745856353592,1.2315873115673233,1.275638540297603,0.5026129800693606,0.008762322015334063,0.087,0.8203108435834131,0.8150148324326085,0.83125,0.7305569091376983,0.7317855686441455,0.7437499999999999,92,146,0.8203108435834131,0.7272259251626003,1.0347831574188362,0
g3ring,a035,5.5,eb1168,4.8,0.35,-,-,913,4.692223439211391,0.1813953488372093,0.9472881981149271,1.1008522429813683,0.45342726829940017,0.05805038335158817,0.087,0.7467693102710464,0.7439108090001469,0.7437499999999999,0.6566462492018353,0.6598553781263801,0.65625,156,108,0.7467693102710464,0.6620295303821334,0.9300938373963674,0
g3ring,a037,5.5,eb1168,4.8,0.37,-,-,915,4.0972677595628415,0.21139240506329116,0.826327552936255,0.9390146757595911,0.4291162084136605,0.1366120218579235,0.085,0.6875338714499014,0.6929964461755846,0.65625,0.5724342800344011,0.5753251708165705,0.5687499999999999,167,106,0.6875338714499014,0.6095158434839553,0.8108134278107665,1
g3ring,b029,6.0,eb1168,6.4,0.29,-,-,793,5.060529634300126,0.082382762991128,1.3881844138882684,0.622272990363925,0.6065134037035171,0.005044136191677175,0.207,0.6226304974760335,0.6207293713519734,0.5687499999999999,0.4899951519949432,0.4923021929114,0.48124999999999996,65,142,0.6226304974760335,0.5519773913794623,0.6940441246387298,0
g3ring,b031,6.0,eb1168,6.4,0.31,-,-,796,4.314070351758794,0.20261437908496732,1.0605913595447607,0.4988047441814162,0.7153848466185473,0.038944723618090454,0.204,0.5190677562170484,0.5140738307071439,0.48124999999999996,0.3853580318279208,0.3889566112165237,0.39375,155,117,0.5190677562170484,0.46016645054702876,0.5458329062718424,1
g3ring,b033,6.0,eb1168,6.4,0.33,-,-,803,3.676214196762142,0.24421965317919075,0.9725565705874379,0.40657769764967017,0.6265733935900505,0.1382316313823163,0.197,0.43097535493048145,0.4366013506512531,0.48124999999999996,0.2829495639835773,0.285432225066402,0.30624999999999997,169,97,0.43097535493048145,0.3820703501156751,0.4007784192401945,0
g3ring,c50,5.0,eb1168,4.8,0.34,-,-,977,4.345957011258956,0.18494623655913978,0.9950377689217064,1.923417273149901,1.0642278862013812,0.048106448311156604,0.023,0.9564261922924456,0.9541884743621472,0.91875,0.8814636832609172,0.8817166324948409,0.91875,172,138,0.9564261922924456,0.8478955605429483,1.2485321292647553,0
g3ring,c65,6.5,eb1168,6.4,0.33,-,-,678,4.6946902654867255,0.16535433070866143,1.3150779802061185,0.41504548560542515,0.8060794929942413,0.06342182890855458,0.322,0.27886138214453254,0.27855596680327527,0.30624999999999997,0.22192826989463654,0.22285762417079863,0.21874999999999997,105,90,0.27886138214453254,0.24721753736217428,0.31434599135217645,0
g3ring,d030,5.5,eb1168,6.4,0.3,-,-,911,3.942919868276619,0.21153846153846154,1.1677320138676048,0.8135073212976063,0.2692416158657311,0.029637760702524697,0.089,0.756091095726287,0.752424446575685,0.7437499999999999,0.6280223743752797,0.6282269815204411,0.65625,187,149,0.756091095726287,0.6702935245800417,0.8895501053474217,1
g3ring,d036,6.0,eb1168,4.8,0.36,-,-,806,5.326302729528536,0.16099476439790578,1.2807055076180007,0.644390935550732,0.6758908412134285,0.052109181141439205,0.194,0.5222043933960908,0.5184647031063077,0.48124999999999996,0.42112504850203564,0.4242278701705694,0.39375,123,101,0.5222043933960908,0.462947157266038,0.5964944029773876,0
g3ring,e0482,5.5,eb0482,4.8,0.36,-,-,974,4.919917864476386,0.19662921348314602,0.6673959011705621,1.1247527744665755,0.6756690247365364,0.08624229979466119,0.026,0.7572614347067198,0.7587997167535542,0.7437499999999999,0.648381406686046,0.6451429311754935,0.65625,175,107,0.7572614347067198,0.6713310591371631,0.9183872615949661,0
g3ring,e154,5.5,eb154,4.8,0.36,-,-,885,4.140112994350282,0.20771144278606965,0.9855450226020214,0.9561768242692843,0.42692883378548496,0.09152542372881356,0.115,0.6995682243566737,0.6987517222458132,0.65625,0.5946545203123533,0.5977311526565161,0.5687499999999999,167,106,0.6995682243566737,0.6201845960608809,0.8422868559665062,1
g3ring,f725,7.25,eb1168,3.2,0.27,-,-,563,14.339253996447603,0.0,9.4528802094733,1.3977543143547422,1.7545094798096792,0.0,0.437,nan,nan,nan,nan,nan,nan,0,0,nan,nan,nan,0
g4finals,f1,5.5,eb1168,4.8,0.365,-,-,1818,4.168866886688669,0.187807881773399,0.8208114245822699,0.9897630216584811,0.5226332841552175,0.10671067106710672,0.091,0.6942820821824659,0.6919381487535309,0.65625,0.5939279253584958,0.596730185414328,0.5687499999999999,305,282,0.6942820821824659,0.6154982998071507,0.8412576846437618,0
g4finals,f2,5.5,eb1168,5.2,0.34,-,-,1815,4.194490358126722,0.1875739644970414,0.9155124142102463,0.980267708692917,0.4382564502384099,0.06887052341597796,0.0925,0.7233049969926696,0.7219851650183141,0.7437499999999999,0.6114541876142977,0.6098132044126865,0.5687499999999999,317,298,0.7233049969926696,0.6412278342133596,0.8660824187171356,0
g4finals,f3,5.5,eb1168,4.4,0.395,-,-,1823,4.2046077893582,0.18665811417575368,0.7688588737277392,1.0234447645417875,0.6137879081765385,0.14481623697202414,0.0885,0.6675205949496996,0.666009494364444,0.65625,0.5796600812199124,0.577231670042431,0.5687499999999999,291,257,0.6675205949496996,0.5917735770830671,0.8210482736825956,0
g4finals,a037,5.5,eb1168,4.8,0.37,-,-,1818,4.024202420242024,0.19836272040302264,0.7918661321838067,0.9595019238212504,0.5256738365135258,0.1265126512651265,0.091,0.6773965858642053,0.6762269237565257,0.65625,0.5774898781842179,0.576605913838594,0.5687499999999999,315,281,0.6773965858642053,0.600528888177487,0.8179743317056911,1
g4finals,b031,6.0,eb1168,6.4,0.31,-,-,1594,4.262860727728984,0.17708333333333334,1.1133921152637147,0.5198246903448046,0.7315895404986594,0.03638644918444166,0.203,0.5226165281286119,0.5175198084658292,0.48124999999999996,0.3643938419234359,0.36402296105177134,0.39375,272,270,0.5226165281286119,0.46331252493671277,0.5161385862938186,0
g4finals,x345,5.5,eb1168,4.8,0.345,-,-,1815,4.781818181818182,0.14914285714285713,0.9664071189398721,1.1549495455544356,0.49847122108174013,0.03581267217630854,0.0925,0.7673763034713461,0.7636728116465626,0.7437499999999999,0.660649912457657,0.661552448602161,0.65625,261,272,0.7673763034713461,0.6802981413753069,0.9357647485235936,0
g4finals,h345,5.5,eb1168,5.2,0.345,-,-,1816,4.04295154185022,0.1941747572815534,0.8916527600481265,0.9451619775146588,0.4320720897147486,0.09251101321585903,0.092,0.7030660118871855,0.6989728844384864,0.65625,0.5938524227476737,0.5968138068538198,0.5687499999999999,320,300,0.7030660118871855,0.623285471531193,0.8411507404357985,1
g4finals,h350,5.5,eb1168,5.2,0.35,-,-,1817,3.8772702256466705,0.20951792336217553,0.884337900861434,0.8967742582901765,0.44063175390545145,0.10952118877270225,0.0915,0.684778463018176,0.684938621540604,0.65625,0.5756977114343667,0.5739349918571884,0.5687499999999999,339,303,0.684778463018176,0.6070731055125674,0.8154358518900378,1
g4finals,h355,5.5,eb1168,5.2,0.355,-,-,1820,3.7324175824175825,0.22243346007604564,0.872457925739977,0.858550969117295,0.5002443150191347,0.13296703296703297,0.09,0.6650797935149027,0.6624261847441402,0.65625,0.5591026364258431,0.5581853523662045,0.5687499999999999,351,284,0.6650797935149027,0.58960974602385,0.7919300799232906,0
g4finals,h375,5.5,eb1168,4.8,0.375,-,-,1821,3.889071938495332,0.21414790996784566,0.7468200874917003,0.9256744493649027,0.5848635236639474,0.14607358594179023,0.0895,0.6592538641197361,0.6554954297449714,0.65625,0.5606728324385398,0.5607451237055929,0.5687499999999999,333,265,0.6592538641197361,0.584444914999766,0.7941541535956655,1
g4finals,h380,5.5,eb1168,4.8,0.38,-,-,1822,3.7689352360043906,0.2202380952380953,0.7333335531852335,0.895363431658865,0.5768654109732931,0.17014270032930845,0.089,0.6417527139138115,0.6417320638043444,0.65625,0.5470272047722973,0.5488282241323821,0.5687499999999999,333,244,0.6417527139138115,0.5689297109164996,0.7748260690825741,0
g4finals,h405,5.5,eb1168,4.4,0.405,-,-,1826,3.955093099671413,0.2077747989276139,0.7089318221187305,0.9566615105432767,0.6026417353201636,0.1829134720700986,0.087,0.6370439100162096,0.638585022515015,0.65625,0.5508574484962794,0.5503173238722011,0.5687499999999999,310,230,0.6370439100162096,0.5647552393760724,0.7802513434791493,1
g4finals,h410,5.5,eb1168,4.4,0.41,-,-,1829,3.8616730453799892,0.21189336978810663,0.6743743096439038,0.930561961886892,0.5695461593106583,0.2001093493712411,0.0855,0.6251214868547046,0.6269087884401761,0.65625,0.5397162568112287,0.5423382852397374,0.5687499999999999,310,222,0.6251214868547046,0.554185715296724,0.7644706187127885,1
g4finals,h415,5.5,eb1168,4.4,0.415,-,-,1829,3.7528704209950794,0.21473684210526317,0.6693344372356105,0.9061148259976484,0.5483595448043107,0.22088572990705305,0.0855,0.6116582313671048,0.6105406011687282,0.5687499999999999,0.5278157705505652,0.5288093135566901,0.5687499999999999,306,211,0.6116582313671048,0.5422502051126816,0.7476144058789875,0
g4finals,v525,5.25,eb1168,4.4,0.39,-,-,1904,3.9936974789915967,0.20838471023427865,0.7273998667536425,1.3935630846983975,0.6556746822206081,0.148109243697479,0.048,0.7744192849915259,0.7735450660333759,0.7437499999999999,0.6964138958877666,0.6975361896271919,0.65625,338,257,0.7744192849915259,0.6865419193187287,0.9864219488495278,1
h405bat,s1,5.5,eb1168,4.4,0.405,-,-,1827,3.8264915161466884,0.21345229924502404,0.8012917154689432,0.9343883681741149,0.5758557380345111,0.2025177887246853,0.0865,0.6435239722333034,0.6413444934139823,0.65625,0.5457367035721171,0.5472494117493771,0.5687499999999999,311,198,0.6435239722333034,0.5704999753841342,0.7729981636998826,1
h405bat,s2,5.5,eb1168,4.4,0.405,-,-,1864,3.819206008583691,0.2211155378486056,0.7290995871622195,0.9432762864192353,0.5386903167948198,0.19206008583690987,0.068,0.637146644671953,0.6377928620255571,0.65625,0.5494455201809991,0.5532711439113266,0.5687499999999999,333,226,0.637146644671953,0.56484631619854,0.7782514450155795,1
h405bat,s3,5.5,eb1168,4.4,0.405,-,-,1855,3.891644204851752,0.19933333333333336,0.7979309284636817,0.947622185915397,0.5241597672583238,0.19137466307277629,0.0725,0.6409106625220005,0.6420528015162554,0.65625,0.5510106116725352,0.5510796005943533,0.5687499999999999,299,229,0.6409106625220005,0.5681832114556742,0.7804682884880102,1
h405bat,s4,5.5,eb1168,4.4,0.405,-,-,1848,3.9063852813852815,0.1954022988505747,0.7633197046638158,0.956972557683335,0.50612689220119,0.19967532467532467,0.076,0.6386479336856017,0.63781596190642,0.65625,0.5515011573930998,0.5537000212485977,0.5687499999999999,289,240,0.6386479336856017,0.5661772461751788,0.7811631124548156,1
h405bat,s5,5.5,eb1168,4.4,0.405,-,-,1826,3.9403066812705365,0.21774193548387097,0.735645982227121,0.949028575986429,0.49797426237439396,0.1851040525739321,0.087,0.6428966300748156,0.6403606018879764,0.65625,0.5480762807330413,0.5436422319579461,0.5687499999999999,324,239,0.6428966300748156,0.5699438209883118,0.7763120123697469,1
h405bat,pooled,5.5,eb1168,4.4,0.405,-,-,9220,3.8766811279826463,0.20942126514131898,0.7652750289571781,0.9464441434091144,0.5034665347090981,0.19414316702819956,0.078,0.6406207179394441,0.6395096236561473,0.65625,0.5492601535430535,0.5497780374348888,0.5687499999999999,1556,1132,0.6406207179394441,0.567926168386032,0.7779888860383194,1
