dist,n,f_sim,f_ref,gap,abs_gap,share,in_top70
h405pooled,1,0.209421,0.310310,-0.100889,0.100889,0.1318,1
h405pooled,2,0.152355,0.142230,-0.090764,0.090764,0.1186,1
h405pooled,3,0.120996,0.091792,-0.061560,0.061560,0.0804,1
h405pooled,4,0.084388,0.070502,-0.047674,0.047674,0.0623,1
h405pooled,5,0.075236,0.057622,-0.030061,0.030061,0.0393,0
h405pooled,6,0.066756,0.049383,-0.012688,0.012688,0.0166,0
h405pooled,7,0.058816,0.038847,+0.007281,0.007281,0.0095,0
h405pooled,8,0.050202,0.036163,+0.021320,0.021320,0.0279,0
h405pooled,9,0.044818,0.029917,+0.036222,0.036222,0.0473,0
h405pooled,10,0.039838,0.029461,+0.046599,0.046599,0.0609,1
h405pooled,11,0.032032,0.026221,+0.052411,0.052411,0.0685,1
h405pooled,12,0.025707,0.022213,+0.055904,0.055904,0.0731,1
h405pooled,13,0.019112,0.019693,+0.055323,0.055323,0.0723,1
h405pooled,14,0.011844,0.018723,+0.048443,0.048443,0.0633,1
h405pooled,15,0.006864,0.016164,+0.039144,0.039144,0.0511,0
h405pooled,16,0.001346,0.014385,+0.026105,0.026105,0.0341,0
h405pooled,17,0.000269,0.008678,+0.017696,0.017696,0.0231,0
h405pooled,18,0.000000,0.007188,+0.010508,0.010508,0.0137,0
h405pooled,19,0.000000,0.005824,+0.004684,0.004684,0.0061,0
h405pooled,20,0.000000,0.004684,+0.000000,0.000000,0.0000,0
h405pooled,21,0.000000,0.000000,+0.000000,0.000000,0.0000,0
finc1v725pooled,1,0.243307,0.310310,-0.067003,0.067003,0.1173,1
finc1v725pooled,2,0.144798,0.142230,-0.064435,0.064435,0.1128,1
finc1v725pooled,3,0.114203,0.091792,-0.042024,0.042024,0.0736,1
finc1v725pooled,4,0.068443,0.070502,-0.044084,0.044084,0.0772,1
finc1v725pooled,5,0.056442,0.057622,-0.045264,0.045264,0.0792,1
finc1v725pooled,6,0.056574,0.049383,-0.038073,0.038073,0.0666,1
finc1v725pooled,7,0.049189,0.038847,-0.027731,0.027731,0.0485,0
finc1v725pooled,8,0.048793,0.036163,-0.015101,0.015101,0.0264,0
finc1v725pooled,9,0.046156,0.029917,+0.001138,0.001138,0.0020,0
finc1v725pooled,10,0.039694,0.029461,+0.011371,0.011371,0.0199,0
finc1v725pooled,11,0.039035,0.026221,+0.024186,0.024186,0.0423,0
finc1v725pooled,12,0.031254,0.022213,+0.033226,0.033226,0.0582,1
finc1v725pooled,13,0.024133,0.019693,+0.037666,0.037666,0.0659,1
finc1v725pooled,14,0.018462,0.018723,+0.037405,0.037405,0.0655,1
finc1v725pooled,15,0.008440,0.016164,+0.029681,0.029681,0.0520,0
finc1v725pooled,16,0.006989,0.014385,+0.022286,0.022286,0.0390,0
finc1v725pooled,17,0.002242,0.008678,+0.015850,0.015850,0.0277,0
finc1v725pooled,18,0.001451,0.007188,+0.010112,0.010112,0.0177,0
finc1v725pooled,19,0.000396,0.005824,+0.004684,0.004684,0.0082,0
finc1v725pooled,20,0.000000,0.004684,+0.000000,0.000000,0.0000,0
finc1v725pooled,21,0.000000,0.000000,+0.000000,0.000000,0.0000,0
h405,1,0.207775,0.310310,-0.102536,0.102536,0.1446,1
h405,2,0.154155,0.142230,-0.090610,0.090610,0.1278,1
h405,3,0.121314,0.091792,-0.061088,0.061088,0.0862,1
h405,4,0.087131,0.070502,-0.044459,0.044459,0.0627,1
h405,5,0.082440,0.057622,-0.019641,0.019641,0.0277,0
h405,6,0.056971,0.049383,-0.012054,0.012054,0.0170,0
h405,7,0.061662,0.038847,+0.010761,0.010761,0.0152,0
h405,8,0.045576,0.036163,+0.020175,0.020175,0.0285,0
h405,9,0.042895,0.029917,+0.033153,0.033153,0.0468,0
h405,10,0.028150,0.029461,+0.031843,0.031843,0.0449,0
h405,11,0.034853,0.026221,+0.040475,0.040475,0.0571,1
h405,12,0.030161,0.022213,+0.048422,0.048422,0.0683,1
h405,13,0.021448,0.019693,+0.050177,0.050177,0.0708,1
h405,14,0.016086,0.018723,+0.047539,0.047539,0.0671,1
h405,15,0.006702,0.016164,+0.038078,0.038078,0.0537,1
h405,16,0.001340,0.014385,+0.025033,0.025033,0.0353,0
h405,17,0.001340,0.008678,+0.017696,0.017696,0.0250,0
h405,18,0.000000,0.007188,+0.010508,0.010508,0.0148,0
h405,19,0.000000,0.005824,+0.004684,0.004684,0.0066,0
h405,20,0.000000,0.004684,-0.000000,0.000000,0.0000,0
h405,21,0.000000,0.000000,-0.000000,0.000000,0.0000,0
h410,1,0.211893,0.310310,-0.098417,0.098417,0.1459,1
h410,2,0.151743,0.142230,-0.088904,0.088904,0.1318,1
h410,3,0.124402,0.091792,-0.056294,0.056294,0.0835,1
h410,4,0.094327,0.070502,-0.032470,0.032470,0.0481,1
h410,5,0.069720,0.057622,-0.020372,0.020372,0.0302,0
h410,6,0.059467,0.049383,-0.010288,0.010288,0.0153,0
h410,7,0.055366,0.038847,+0.006231,0.006231,0.0092,0
h410,8,0.049214,0.036163,+0.019282,0.019282,0.0286,0
h410,9,0.042379,0.029917,+0.031744,0.031744,0.0471,0
h410,10,0.029392,0.029461,+0.031674,0.031674,0.0470,0
h410,11,0.032809,0.026221,+0.038263,0.038263,0.0567,1
h410,12,0.030759,0.022213,+0.046808,0.046808,0.0694,1
h410,13,0.022556,0.019693,+0.049672,0.049672,0.0737,1
h410,14,0.016405,0.018723,+0.047353,0.047353,0.0702,1
h410,15,0.006835,0.016164,+0.038025,0.038025,0.0564,1
h410,16,0.002051,0.014385,+0.025690,0.025690,0.0381,0
h410,17,0.000684,0.008678,+0.017696,0.017696,0.0262,0
h410,18,0.000000,0.007188,+0.010508,0.010508,0.0156,0
h410,19,0.000000,0.005824,+0.004684,0.004684,0.0069,0
h410,20,0.000000,0.004684,-0.000000,0.000000,0.0000,0
h410,21,0.000000,0.000000,-0.000000,0.000000,0.0000,0
h415,1,0.214737,0.310310,-0.095574,0.095574,0.1428,1
h415,2,0.148070,0.142230,-0.089733,0.089733,0.1341,1
h415,3,0.131228,0.091792,-0.050297,0.050297,0.0751,1
h415,4,0.090526,0.070502,-0.030273,0.030273,0.0452,0
h415,5,0.068070,0.057622,-0.019825,0.019825,0.0296,0
h415,6,0.056140,0.049383,-0.013068,0.013068,0.0195,0
h415,7,0.060351,0.038847,+0.008436,0.008436,0.0126,0
h415,8,0.047719,0.036163,+0.019993,0.019993,0.0299,0
h415,9,0.041404,0.029917,+0.031480,0.031480,0.0470,1
h415,10,0.028772,0.029461,+0.030790,0.030790,0.0460,0
h415,11,0.033684,0.026221,+0.038254,0.038254,0.0572,1
h415,12,0.030175,0.022213,+0.046216,0.046216,0.0690,1
h415,13,0.023860,0.019693,+0.050383,0.050383,0.0753,1
h415,14,0.016842,0.018723,+0.048501,0.048501,0.0725,1
h415,15,0.005614,0.016164,+0.037952,0.037952,0.0567,1
h415,16,0.002105,0.014385,+0.025672,0.025672,0.0384,0
h415,17,0.000702,0.008678,+0.017696,0.017696,0.0264,0
h415,18,0.000000,0.007188,+0.010508,0.010508,0.0157,0
h415,19,0.000000,0.005824,+0.004684,0.004684,0.0070,0
h415,20,0.000000,0.004684,-0.000000,0.000000,0.0000,0
h415,21,0.000000,0.000000,-0.000000,0.000000,0.0000,0
