label,member,pipeline,seed,num_scored,trap,trap_bound,trap_marg,supp,nbar_det,n1_solv,w1_solv,midHot,midHot_bins,deepKE,deepKE_bins,chi2_med,ke_npts,KE1_mean,KE1_med,KE1_mode,KE2_mean,KE2_med,KE2_mode,md_gate,S
s1_new,s1,skip+closure:partner_aware,20260730,1827,0.0865,0.086,0.0005,0.2025177887246853,3.8264915161466884,0.2127659574468085,0.7985463482760816,0.9345435663666539,7,0.5784501782272857,8,235.83811556274142,17,0.6438095251802353,0.6418206447498369,0.65625,0.5458145039822103,0.5472078368616402,0.5687499999999999,1,1.8828788603079016
s1_E2raw,s1,E2+closure:none,20260730,1827,0.0865,0.0855,0.001,0.2025177887246853,3.8264915161466884,0.21345229924502404,0.8012917154689432,0.9343883681741149,7,0.5758557380345111,8,237.29824636754097,17,0.6435239722333034,0.6413444934139823,0.65625,0.5457367035721171,0.5472494117493771,0.5687499999999999,1,1.8888751811833329
s1_E2closed,s1,E2+closure:partner_aware(post-hoc),20260730,1827,0.0865,0.0855,0.001,0.2025177887246853,3.8264915161466884,0.21345229924502404,0.8012917154689432,0.9346382428811632,7,0.5770218491329162,8,236.7406035095207,17,0.6436015955133347,0.6413861115225882,0.65625,0.5458135455439695,0.5473309352266864,0.5687499999999999,1,1.886962036198595
s2_new,s2,skip+closure:partner_aware,20260731,1864,0.068,0.067,0.001,0.19206008583690987,3.8170600858369097,0.22443559096945553,0.7251155234171983,0.9427047662118774,7,0.5380321216832619,7,302.0568881151485,16,0.63637263035139,0.6365578395962997,0.65625,0.5485443147307061,0.5528689673477158,0.5687499999999999,1,1.6920661905962104
s2_E2raw,s2,E2+closure:none,20260731,1864,0.068,0.068,0.0,0.19206008583690987,3.819206008583691,0.2211155378486056,0.7290995871622195,0.9432762864192353,7,0.5386903167948198,7,305.00764525334046,16,0.637146644671953,0.6377928620255571,0.65625,0.5494455201809991,0.5532711439113266,0.5687499999999999,1,1.694707075142517
s2_E2closed,s2,E2+closure:partner_aware(post-hoc),20260731,1864,0.068,0.068,0.0,0.19206008583690987,3.819206008583691,0.2211155378486056,0.7290995871622195,0.9435298995902675,7,0.5395388438485161,7,304.39351213498134,16,0.6372197932699872,0.6378539974547478,0.65625,0.5495242355056934,0.5533366028273431,0.5687499999999999,1,1.6927836044060849
s3_new,s3,skip+closure:partner_aware,20260732,1855,0.0725,0.0695,0.003,0.19137466307277629,3.8884097035040432,0.19933333333333333,0.7979309284636815,0.9476353348106177,7,0.5241767306809797,7,272.50765747706424,15,0.6410384576345606,0.642078631761593,0.65625,0.5503922829136368,0.5510906935347685,0.5687499999999999,1,1.7822638520118388
s3_E2raw,s3,E2+closure:none,20260732,1855,0.0725,0.0695,0.003,0.19137466307277629,3.891644204851752,0.19933333333333336,0.7979309284636817,0.947622185915397,7,0.5241597672583238,7,270.7084818590556,15,0.6409106625220005,0.6420528015162554,0.65625,0.5510106116725352,0.5510796005943533,0.5687499999999999,1,1.782363132088514
s3_E2closed,s3,E2+closure:partner_aware(post-hoc),20260732,1855,0.0725,0.0695,0.003,0.19137466307277629,3.891644204851752,0.19933333333333336,0.7979309284636817,0.9478671525853883,7,0.5249152119925342,7,270.0771406763746,15,0.640985724882224,0.6421195551888873,0.65625,0.551086740880649,0.55112519674037,0.5687499999999999,1,1.7805137496772965
s4_new,s4,skip+closure:partner_aware,20260733,1848,0.076,0.075,0.001,0.19967532467532467,3.908008658008658,0.19675456389452334,0.7639958371857901,0.9576551538100833,7,0.510354018266469,7,328.8599821137427,15,0.6384120808739393,0.6377039519568205,0.65625,0.5511766079360242,0.5535850253583638,0.5687499999999999,1,1.6475764154459906
s4_E2raw,s4,E2+closure:none,20260733,1848,0.076,0.075,0.001,0.19967532467532467,3.9063852813852815,0.1954022988505747,0.7633197046638158,0.956972557683335,7,0.50612689220119,7,327.7959272042717,15,0.6386479336856017,0.63781596190642,0.65625,0.5515011573930998,0.5537000212485977,0.5687499999999999,1,1.6514940617994318
s4_E2closed,s4,E2+closure:partner_aware(post-hoc),20260733,1848,0.076,0.075,0.001,0.19967532467532467,3.9063852813852815,0.1954022988505747,0.7633197046638158,0.9572271282612875,7,0.5068042740130219,7,326.85183690367575,15,0.638726209352339,0.6378661903168592,0.65625,0.5515776484835879,0.5537545696996925,0.5687499999999999,1,1.6495909599189162
s5_new,s5,skip+closure:partner_aware,20260734,1826,0.087,0.086,0.001,0.1851040525739321,3.94249726177437,0.21639784946236557,0.7383341542701303,0.9469659331932988,7,0.589475015406997,7,311.55494755007834,16,0.6432684001893194,0.6420054162816944,0.65625,0.5492232112187914,0.5452901342074256,0.5687499999999999,1,1.6829472520923594
s5_E2raw,s5,E2+closure:none,20260734,1826,0.087,0.086,0.001,0.1851040525739321,3.9403066812705365,0.21774193548387097,0.735645982227121,0.949028575986429,7,0.49797426237439396,7,437.7467039137519,16,0.6428966300748156,0.6403606018879764,0.65625,0.5480762807330413,0.5436422319579461,0.5687499999999999,1,1.6626715862998531
s5_E2closed,s5,E2+closure:partner_aware(post-hoc),20260734,1826,0.087,0.086,0.001,0.1851040525739321,3.9403066812705365,0.21774193548387097,0.735645982227121,0.9492872336029947,7,0.49875075619617604,7,435.64888992444986,16,0.6429770010262668,0.6404479909428266,0.65625,0.548157568015753,0.5437024560062571,0.5687499999999999,1,1.660721751230036
r6_new,r6,skip+closure:partner_aware,20260729,1826,0.087,0.085,0.002,0.1829134720700986,3.9583789704271632,0.20576407506702413,0.7075913395450031,0.9571542507211449,7,0.6056998445849858,8,346.56429775896714,17,0.6377716504059887,0.6391854963259673,0.65625,0.5516387113003536,0.5522710284821168,0.5687499999999999,1,1.552537883964035
r6_E2raw,r6,E2+closure:none,20260729,1826,0.087,0.085,0.002,0.1829134720700986,3.955093099671413,0.2077747989276139,0.7089318221187305,0.9566615105432767,7,0.6026417353201636,8,349.62811229694233,17,0.6370439100162096,0.638585022515015,0.65625,0.5508574484962794,0.5503173238722011,0.5687499999999999,1,1.5585698226009252
r6_E2closed,r6,E2+closure:partner_aware(post-hoc),20260729,1826,0.087,0.085,0.002,0.1829134720700986,3.955093099671413,0.2077747989276139,0.7089318221187305,0.9569289719993636,7,0.6039107833619906,8,348.81158530773234,17,0.6371197312059576,0.6386325014276799,0.65625,0.5509360229181736,0.5503737507845129,0.5687499999999999,1,1.556569715401584
r6_th503closed,r6,skip(502.84ps)+closure:partner_aware(post-hoc),20260729,1826,0.087,0.085,0.002,0.1829134720700986,3.9583789704271632,0.20576407506702413,0.7075913395450031,0.957154353035848,7,0.6057039536362416,8,346.56523490785537,17,0.6377716618696079,0.6391854963258852,0.65625,0.5516386993029269,0.5522710284820457,0.5687499999999999,1,1.552537119130072
pooled_new,pooled,skip+closure:partner_aware,-,9220,0.078,0.0767,0.0013,0.19414316702819956,3.876355748373102,0.20995962314939434,0.7646020814470809,0.9460099458625483,7,0.5196804594067725,8,460.04948523979004,17,0.6405485519824702,0.6393821419600051,0.65625,0.5491389768914205,0.5497283613739512,0.5687499999999999,1,1.7361774625559938
pooled_e2raw,pooled,E2+closure:none,-,9220,0.078,0.0768,0.0012,0.19414316702819956,3.8766811279826463,0.20942126514131898,0.7652750289571781,0.9464441434091144,7,0.5034665347090981,8,460.97494313677583,17,0.6406207179394441,0.6395096236561473,0.65625,0.5492601535430535,0.5497780374348888,0.5687499999999999,1,1.7340727611415332
pooled_e2closed,pooled,E2+closure:partner_aware(post-hoc),-,9220,0.078,0.0768,0.0012,0.19414316702819956,3.8766811279826463,0.20942126514131898,0.7652750289571781,0.9466964941730115,7,0.5043080192834348,8,459.8562593081774,17,0.6406975847934925,0.6396033202237918,0.65625,0.549338089483646,0.5498461612064621,0.5687499999999999,1,1.7321652687417646
pooled_new6000,pooled6000,skip+closure:partner_aware,-,11046,0.0795,0.07808333333333334,0.0014166666666666668,0.19228680065181966,3.8899149013217453,0.2092580138982291,0.7550683415997504,0.9478781893526826,7,0.5706267867988706,8,456.3208669948069,17,0.6400919323874087,0.639365851471306,0.65625,0.5495666600646303,0.5499565235163435,0.5687499999999999,1,1.7053646121788657
