leg,ladder,v_c,p_tail,E_bind_tag,E_bind_eV,ebind_exception,tau_ps,tau_flag,E0_eV,m,det_yield,trapped_frac,suppressed_frac,nbar_det,pred_md_nbar,n1_solv,w1_solv,midhot_geo,deepke,n1_ke_eV,S_measured,S_provisional,gate_n1,gate_nbar,gate,pareto
g4scan,rq4graded,5.5,-1.0,eb1168,0.11675778353879479,0,4.8,0,0.38,20000,0.9465,0.0535,0.1789,4.269,3.833,0.223,0.4402,0.994,0.7149,0.6274,1.0352,3.2148,1,1,1,1
g4scan,rq4graded,5.5,-1.0,eb1168,0.11675778353879479,0,5.6,0,0.33,20000,0.9465,0.0535,0.08,4.389,3.925,0.2199,0.5214,1.004,0.5736,0.6932,1.0836,4.9188,1,1,1,1
g4scan,rq4graded,5.5,-1.0,eb154,0.154,1,5.2,0,0.345,20000,0.9239,0.0761,0.0924,4.347,3.893,0.2136,0.6134,1.0012,0.5766,0.6674,1.1161,5.0229,1,1,1,1
g4scan,rq4graded,5.5,-1.0,eb154,0.154,1,4.4,0,0.405,20000,0.9239,0.0761,0.1933,4.247,3.816,0.2127,0.5999,0.9979,0.683,0.6034,1.1314,3.7937,1,1,1,1
g4scan,rq4graded,5.5,-1.0,eb0482,0.0482,1,6.0,0,0.325,20000,0.9889,0.0111,0.1072,4.426,3.952,0.2437,0.2258,0.9835,0.8045,0.7017,1.1549,2.0712,1,1,1,1
g4scan,rq4graded,5.5,-1.0,eb0482,0.0482,1,6.8,1,0.295,20000,0.9889,0.0111,0.035,4.531,4.032,0.2225,0.4576,0.9916,0.7052,0.7624,1.1766,3.3604,1,1,1,0
g4scan,rq4graded,5.5,-1.0,eb0482,0.0482,1,5.2,0,0.365,20000,0.9889,0.0111,0.1886,4.429,3.955,0.2352,0.5703,1.0061,0.9373,0.6508,1.2632,1.5056,1,1,1,0
g4scan,rq4graded,5.5,-1.0,eb154,0.154,1,4.8,0,0.37,20000,0.9239,0.0761,0.134,4.334,3.883,0.2142,0.5642,1.0097,0.6295,0.6399,1.418,4.3689,1,1,1,0
g4scan,rq4graded,5.5,-1.0,eb1168,0.11675778353879479,0,4.4,0,0.415,20000,0.9465,0.0535,0.2318,4.238,3.809,0.2168,0.6751,0.9941,0.8083,0.5961,1.4388,2.7477,1,1,1,0
g4scan,rq4graded,5.5,-1.0,eb0482,0.0482,1,5.6,0,0.34,20000,0.9889,0.0111,0.1303,4.521,4.025,0.2348,0.31,1.0211,0.8777,0.6891,1.4979,1.6259,1,1,1,0
g4scan,rq4graded,5.5,-1.0,eb154,0.154,1,5.6,0,0.325,20000,0.9239,0.0761,0.0576,4.363,3.905,0.208,0.7068,0.9937,0.5274,0.6937,1.5124,5.8614,1,1,1,0
g4scan,rq4graded,5.5,-1.0,eb0482,0.0482,1,4.8,0,0.395,20000,0.9889,0.0111,0.2439,4.38,3.917,0.2261,0.9037,1.0002,1.0073,0.6176,1.5689,1.6357,1,1,1,1
g4scan,rq4graded,5.5,-1.0,eb0482,0.0482,1,5.6,0,0.345,20000,0.9889,0.0111,0.1583,4.359,3.902,0.2447,0.2904,0.977,0.8596,0.6675,1.5734,1.7578,1,1,1,0
g4scan,rq4graded,5.5,-1.0,eb1168,0.11675778353879479,0,5.2,0,0.35,20000,0.9465,0.0535,0.1153,4.4,3.933,0.2206,0.4504,1.0176,0.6475,0.6689,1.5823,4.0237,1,1,1,0
g4scan,rq4graded,5.5,-1.0,eb0482,0.0482,1,6.4,0,0.31,20000,0.9889,0.0111,0.0735,4.428,3.955,0.2411,0.3225,0.9735,0.7472,0.7261,1.7914,2.8416,1,1,1,0
g4scan,rq4graded,5.5,-1.0,eb0482,0.0482,1,6.4,0,0.305,20000,0.9889,0.0111,0.0482,4.624,4.103,0.2224,0.3412,1.0276,0.7672,0.7518,1.8399,2.6884,1,1,1,0
g4scan,rq4graded,5.5,-1.0,eb1168,0.11675778353879479,0,5.2,0,0.355,20000,0.9465,0.0535,0.1403,4.238,3.81,0.2286,0.4199,0.9761,0.6285,0.6502,1.8402,4.2319,1,1,1,0
g4scan,rq4graded,5.5,-1.0,eb0482,0.0482,1,6.0,0,0.32,20000,0.9889,0.0111,0.0806,4.605,4.089,0.2297,0.2568,1.033,0.8228,0.7249,1.9369,2.0777,1,1,1,0
g4scan,rq4graded,5.5,-1.0,eb1168,0.11675778353879479,0,6.0,0,0.315,20000,0.9465,0.0535,0.0564,4.329,3.879,0.2195,0.6256,0.9763,0.5109,0.7102,2.1863,6.0725,1,1,1,0
g4scan,rq4graded,5.5,-1.0,eb1168,0.11675778353879479,0,4.8,0,0.375,20000,0.9465,0.0535,0.1562,4.413,3.943,0.2165,0.4685,1.0314,0.7341,0.6437,2.2314,3.2532,1,1,1,0
g4scan,rq4graded,5.5,-1.0,eb154,0.154,1,4.8,0,0.375,20000,0.9239,0.0761,0.1569,4.184,3.768,0.2213,0.5346,0.9718,0.615,0.6235,2.2394,4.6194,1,1,1,0
g4scan,rq4graded,5.5,-1.0,eb1168,0.11675778353879479,0,4.4,0,0.41,20000,0.9465,0.0535,0.2116,4.359,3.902,0.2138,0.6851,1.0253,0.8254,0.6095,2.333,2.7513,1,1,1,0
g4scan,rq4graded,5.5,-1.0,eb1168,0.11675778353879479,0,6.4,0,0.3,20000,0.9465,0.0535,0.0284,4.374,3.913,0.2029,0.7529,0.9762,0.4964,0.7386,2.4072,6.5013,1,1,1,0
g4scan,rq4graded,5.5,-1.0,eb154,0.154,1,4.4,0,0.4,20000,0.9239,0.0761,0.174,4.379,3.917,0.2064,0.6289,1.0305,0.7017,0.6171,2.4697,3.8518,1,1,1,0
g4scan,rq4graded,5.5,-1.0,eb1168,0.11675778353879479,0,6.0,0,0.31,20000,0.9465,0.0535,0.0365,4.528,4.03,0.1986,0.6529,1.0299,0.53,0.7334,2.4819,5.8965,1,1,1,0
g4scan,rq4graded,5.5,-1.0,eb0482,0.0482,1,5.2,0,0.37,20000,0.9889,0.0111,0.2142,4.287,3.847,0.2405,0.5669,0.9671,0.9206,0.6327,2.516,1.8235,1,1,1,0
g4scan,rq4graded,5.5,-1.0,eb154,0.154,1,4.4,0,0.41,20000,0.9239,0.0761,0.2138,4.117,3.717,0.2178,0.5762,0.9652,0.6651,0.5895,2.6254,4.1809,1,1,1,0
g4scan,rq4graded,5.5,-1.0,eb1168,0.11675778353879479,0,4.8,0,0.385,20000,0.9465,0.0535,0.2017,4.13,3.727,0.2298,0.417,0.9591,0.6962,0.6112,2.6405,3.6198,1,1,1,0
g4scan,rq4graded,5.5,-1.0,eb154,0.154,1,6.0,0,0.31,20000,0.9239,0.0761,0.0361,4.322,3.874,0.2011,0.8113,0.9705,0.4839,0.7128,2.7781,6.8293,1,1,1,0
g4scan,rq4graded,5.5,-1.0,eb1168,0.11675778353879479,0,5.6,0,0.335,20000,0.9465,0.0535,0.1043,4.212,3.79,0.2331,0.4958,0.9578,0.5548,0.6722,2.8391,5.3925,1,1,1,0
g4scan,rq4graded,5.5,-1.0,eb1168,0.11675778353879479,0,4.4,0,0.42,20000,0.9465,0.0535,0.2524,4.12,3.72,0.2184,0.6693,0.9637,0.7909,0.5828,2.8562,3.1149,1,1,1,0
g4scan,rq4graded,5.5,-1.0,eb154,0.154,1,5.2,0,0.35,20000,0.9239,0.0761,0.1152,4.179,3.765,0.225,0.5873,0.959,0.557,0.6487,2.9426,5.5161,1,1,1,0
g4scan,rq4graded,5.5,-1.0,eb0482,0.0482,1,5.2,0,0.36,20000,0.9889,0.0111,0.1638,4.574,4.065,0.2281,0.5812,1.0459,0.9544,0.669,3.0679,1.6728,1,1,1,0
g4scan,rq4graded,5.5,-1.0,eb0482,0.0482,1,4.8,0,0.39,20000,0.9889,0.0111,0.2208,4.505,4.013,0.2235,0.8934,1.0342,1.0245,0.6333,3.0917,1.9786,1,1,1,0
g4scan,rq4graded,5.5,-1.0,eb0482,0.0482,1,4.8,0,0.4,20000,0.9889,0.0111,0.2645,4.26,3.827,0.2295,0.9043,0.967,0.9897,0.6032,3.1074,1.8981,1,1,1,0
g4scan,rq4graded,5.5,-1.0,eb0482,0.0482,1,6.8,1,0.29,20000,0.9889,0.0111,0.0185,4.738,4.19,0.1927,0.4776,1.0514,0.7254,0.7891,3.1311,3.4921,1,1,1,0
g4scan,rq4graded,5.5,-1.0,eb154,0.154,1,5.2,0,0.34,20000,0.9239,0.0761,0.0714,4.522,4.026,0.2014,0.6514,1.0465,0.5989,0.686,3.2172,5.1343,1,1,1,0
g4scan,rq4graded,5.5,-1.0,eb154,0.154,1,4.8,0,0.365,20000,0.9239,0.0761,0.1118,4.491,4.002,0.2067,0.5969,1.0491,0.6456,0.6567,3.2379,4.5199,1,1,1,0
g4scan,rq4graded,5.5,-1.0,eb0482,0.0482,1,6.0,0,0.33,20000,0.9889,0.0111,0.1381,4.252,3.82,0.2539,0.1964,0.9379,0.787,0.6778,3.2874,2.5164,1,1,1,1
g4scan,rq4graded,5.5,-1.0,eb1168,0.11675778353879479,0,5.6,0,0.325,20000,0.9465,0.0535,0.0581,4.573,4.065,0.2053,0.5612,1.0529,0.5942,0.714,3.3392,5.0764,1,1,1,0
g4scan,rq4graded,5.5,-1.0,eb0482,0.0482,1,5.6,0,0.335,20000,0.9889,0.0111,0.1037,4.686,4.151,0.2257,0.3398,1.0662,0.8973,0.7101,3.5357,1.8293,1,1,1,0
g4scan,rq4graded,5.5,-1.0,eb0482,0.0482,1,5.6,0,0.35,20000,0.9889,0.0111,0.1858,4.205,3.784,0.2518,0.2755,0.9354,0.8421,0.6476,3.5508,2.1901,1,1,1,0
g4scan,rq4graded,5.5,-1.0,eb1168,0.11675778353879479,0,5.2,0,0.345,20000,0.9465,0.0535,0.0924,4.567,4.06,0.2101,0.4881,1.0616,0.6677,0.6877,3.5953,4.1733,1,1,1,0
g4scan,rq4graded,5.5,-1.0,eb1168,0.11675778353879479,0,5.2,0,0.36,20000,0.9465,0.0535,0.166,4.082,3.691,0.2371,0.3924,0.9369,0.6097,0.6314,3.6761,4.6938,1,1,1,0
g4scan,rq4graded,5.5,-1.0,eb154,0.154,1,5.6,0,0.33,20000,0.9239,0.0761,0.08,4.177,3.763,0.2236,0.682,0.946,0.5139,0.6726,3.7312,6.3552,1,1,1,0
g4scan,rq4graded,5.5,-1.0,eb1168,0.11675778353879479,0,4.4,0,0.405,20000,0.9465,0.0535,0.1916,4.484,3.997,0.2083,0.7025,1.0574,0.844,0.6236,3.7793,2.8429,1,1,1,0
g4scan,rq4graded,5.5,-1.0,eb0482,0.0482,1,6.8,1,0.3,20000,0.9889,0.0111,0.0591,4.33,3.879,0.2456,0.4627,0.9363,0.6875,0.735,3.8259,3.9615,1,1,1,0
g4scan,rq4graded,5.5,-1.0,eb154,0.154,1,4.8,0,0.38,20000,0.9239,0.0761,0.1803,4.038,3.657,0.2275,0.5135,0.9361,0.6054,0.6072,3.9252,4.9624,1,1,1,0
g4scan,rq4graded,5.5,-1.0,eb154,0.154,1,4.4,0,0.395,20000,0.9239,0.0761,0.1535,4.516,4.021,0.2016,0.6551,1.0641,0.7214,0.6313,3.992,3.9291,1,1,1,0
g4scan,rq4graded,5.5,-1.0,eb1168,0.11675778353879479,0,4.8,0,0.37,20000,0.9465,0.0535,0.1339,4.564,4.058,0.2097,0.5026,1.0703,0.7552,0.6601,3.9954,3.3756,1,1,1,0
g4scan,rq4graded,5.5,-1.0,eb154,0.154,1,4.4,0,0.415,20000,0.9239,0.0761,0.2342,3.993,3.623,0.2219,0.5617,0.9353,0.6469,0.576,4.0475,4.5783,1,1,1,0
g4scan,rq4graded,5.5,-1.0,eb1168,0.11675778353879479,0,6.8,1,0.29,20000,0.9465,0.0535,0.0181,4.299,3.856,0.1964,0.8626,0.944,0.4393,0.7504,4.1405,7.808,1,1,1,0
g4scan,rq4graded,5.5,-1.0,eb0482,0.0482,1,6.4,0,0.315,20000,0.9889,0.0111,0.1017,4.244,3.814,0.2569,0.3192,0.9243,0.7305,0.701,4.1711,3.3688,1,1,1,0
g4scan,rq4graded,5.5,-1.0,eb1168,0.11675778353879479,0,4.8,0,0.39,20000,0.9465,0.0535,0.2247,3.999,3.628,0.234,0.4023,0.926,0.6791,0.5959,4.2307,4.0229,1,1,1,0
g4scan,rq4graded,5.5,-1.0,eb0482,0.0482,1,6.0,0,0.315,20000,0.9889,0.0111,0.0571,4.788,4.228,0.2136,0.3036,1.0847,0.8424,0.7482,4.2647,2.3401,1,1,1,0
g4scan,rq4graded,5.5,-1.0,eb0482,0.0482,1,5.2,0,0.375,20000,0.9889,0.0111,0.2403,4.154,3.745,0.2421,0.5786,0.9311,0.9037,0.6155,4.2827,2.2485,1,1,1,0
g4scan,rq4graded,5.5,-1.0,eb0482,0.0482,1,6.4,0,0.3,20000,0.9889,0.0111,0.0289,4.823,4.255,0.1986,0.3826,1.0856,0.7866,0.777,4.4397,2.975,1,1,1,0
g4scan,rq4graded,5.5,-1.0,eb1168,0.11675778353879479,0,6.0,0,0.32,20000,0.9465,0.0535,0.081,4.137,3.732,0.2372,0.6159,0.9257,0.4947,0.6867,4.6156,6.666,1,1,1,0
g4scan,rq4graded,5.5,-1.0,eb0482,0.0482,1,4.8,0,0.385,20000,0.9889,0.0111,0.1984,4.633,4.111,0.2204,0.8916,1.0694,1.0427,0.6487,4.6267,2.3405,1,1,1,0
g4scan,rq4graded,5.5,-1.0,eb0482,0.0482,1,4.8,0,0.405,20000,0.9889,0.0111,0.2859,4.147,3.74,0.2319,0.9187,0.9354,0.9748,0.5886,4.6576,2.2688,1,1,1,0
g4scan,rq4graded,5.5,-1.0,eb0482,0.0482,1,5.2,0,0.355,20000,0.9889,0.0111,0.1394,4.723,4.179,0.2206,0.5993,1.087,0.9735,0.6875,4.8751,1.8389,1,1,1,0
g4scan,rq4graded,5.5,-1.0,eb154,0.154,1,5.2,0,0.355,20000,0.9239,0.0761,0.1408,4.012,3.638,0.2339,0.5632,0.9178,0.537,0.6298,4.9179,6.0491,1,1,1,0
g4scan,rq4graded,5.5,-1.0,eb1168,0.11675778353879479,0,5.6,0,0.34,20000,0.9465,0.0535,0.1314,4.041,3.659,0.2441,0.4785,0.9143,0.5364,0.6512,4.9504,5.9362,1,1,1,0
g4scan,rq4graded,5.5,-1.0,eb154,0.154,1,4.8,0,0.36,20000,0.9239,0.0761,0.0919,4.651,4.124,0.1959,0.6407,1.0898,0.659,0.6734,5.0644,4.7219,1,1,1,0
g4scan,rq4graded,5.5,-1.0,eb1168,0.11675778353879479,0,6.4,0,0.305,20000,0.9465,0.0535,0.0481,4.169,3.757,0.2283,0.7527,0.9207,0.4751,0.7133,5.0999,7.2338,1,1,1,0
g4scan,rq4graded,5.5,-1.0,eb154,0.154,1,6.0,0,0.315,20000,0.9239,0.0761,0.0563,4.122,3.721,0.2234,0.8031,0.9191,0.4636,0.6893,5.2678,7.5107,1,1,1,0
g4scan,rq4graded,5.5,-1.0,eb1168,0.11675778353879479,0,4.4,0,0.4,20000,0.9465,0.0535,0.1723,4.616,4.098,0.203,0.7309,1.0918,0.8649,0.6373,5.3019,2.9464,1,1,1,0
g4scan,rq4graded,5.5,-1.0,eb154,0.154,1,6.4,0,0.3,20000,0.9239,0.0761,0.028,4.175,3.761,0.2061,0.921,0.9194,0.426,0.7176,5.4571,8.3202,1,1,1,0
g4scan,rq4graded,5.5,-1.0,eb0482,0.0482,1,6.0,0,0.335,20000,0.9889,0.0111,0.1681,4.085,3.693,0.2636,0.177,0.8939,0.7697,0.6554,5.4691,2.9853,1,1,1,1
g4scan,rq4graded,5.5,-1.0,eb0482,0.0482,1,5.6,0,0.355,20000,0.9889,0.0111,0.2145,4.057,3.672,0.2568,0.2766,0.8966,0.8255,0.6278,5.5012,2.6376,1,1,1,0
g4scan,rq4graded,5.5,-1.0,eb154,0.154,1,4.4,0,0.42,20000,0.9239,0.0761,0.2549,3.874,3.532,0.2247,0.5498,0.9058,0.6309,0.5628,5.5014,4.9662,1,1,1,0
g4scan,rq4graded,5.5,-1.0,eb1168,0.11675778353879479,0,5.2,0,0.365,20000,0.9465,0.0535,0.191,3.934,3.578,0.2462,0.3664,0.8995,0.5913,0.6133,5.5048,5.1582,1,1,1,0
g4scan,rq4graded,5.5,-1.0,eb0482,0.0482,1,4.4,0,0.42,20000,0.9889,0.0111,0.2471,4.634,4.111,0.2101,1.2664,1.075,1.1297,0.6199,5.5145,3.6079,1,1,1,0
g4scan,rq4graded,5.5,-1.0,eb154,0.154,1,4.4,0,0.39,20000,0.9239,0.0761,0.1332,4.658,4.13,0.1964,0.6868,1.0993,0.7429,0.6459,5.542,4.0068,1,1,1,0
g4scan,rq4graded,5.5,-1.0,eb154,0.154,1,4.8,0,0.385,20000,0.9239,0.0761,0.2037,3.895,3.548,0.2348,0.496,0.9013,0.6067,0.591,5.637,5.1878,1,1,1,0
g4scan,rq4graded,5.5,-1.0,eb1168,0.11675778353879479,0,5.2,0,0.34,20000,0.9465,0.0535,0.0716,4.742,4.194,0.1981,0.5378,1.1085,0.6905,0.7067,5.6668,4.3289,1,1,1,0
g4scan,rq4graded,5.5,-1.0,eb0482,0.0482,1,5.6,0,0.33,20000,0.9889,0.0111,0.0798,4.86,4.284,0.2136,0.3931,1.116,0.9165,0.7312,5.7293,2.0973,1,1,1,0
g4scan,rq4graded,5.5,-1.0,eb1168,0.11675778353879479,0,4.8,0,0.365,20000,0.9465,0.0535,0.1118,4.717,4.174,0.2025,0.5388,1.1103,0.7757,0.677,5.7434,3.5093,1,1,1,0
g4scan,rq4graded,5.5,-1.0,eb1168,0.11675778353879479,0,4.8,0,0.395,20000,0.9465,0.0535,0.2482,3.867,3.527,0.2375,0.3888,0.8927,0.6614,0.5805,5.8931,4.4512,1,1,1,0
g4scan,rq4graded,5.5,-1.0,eb154,0.154,1,5.6,0,0.335,20000,0.9239,0.0761,0.1046,3.996,3.625,0.2377,0.6749,0.9009,0.4989,0.6516,5.966,6.9041,1,1,1,0
g4scan,rq4graded,5.5,-1.0,eb0482,0.0482,1,5.2,0,0.38,20000,0.9889,0.0111,0.264,4.028,3.649,0.2464,0.5837,0.8968,0.8882,0.5989,6.022,2.6502,1,1,1,0
g4scan,rq4graded,5.5,-1.0,eb0482,0.0482,1,4.8,0,0.41,20000,0.9889,0.0111,0.3066,4.04,3.658,0.2327,0.937,0.9059,0.96,0.5748,6.1654,2.6404,1,1,1,0
g4scan,rq4graded,5.5,-1.0,eb0482,0.0482,1,4.8,0,0.38,20000,0.9889,0.0111,0.1761,4.768,4.214,0.2149,0.8986,1.1061,1.0618,0.6649,6.194,2.7245,1,1,1,0
g4scan,rq4graded,5.5,-1.0,eb0482,0.0482,1,6.8,1,0.305,20000,0.9889,0.0111,0.0875,4.132,3.729,0.2656,0.4639,0.883,0.6707,0.7077,6.526,4.5604,1,1,1,0
g4scan,rq4graded,5.5,-1.0,eb0482,0.0482,1,6.4,0,0.32,20000,0.9889,0.0111,0.1346,4.059,3.673,0.2703,0.3065,0.8765,0.713,0.6749,6.5974,3.9011,1,1,1,0
g4scan,rq4graded,5.5,-1.0,eb0482,0.0482,1,5.2,0,0.35,20000,0.9889,0.0111,0.1146,4.881,4.299,0.2132,0.624,1.13,0.9934,0.7067,6.7022,2.0146,1,1,1,0
g4scan,rq4graded,5.5,-1.0,eb0482,0.0482,1,6.0,0,0.31,20000,0.9889,0.0111,0.0371,4.982,4.376,0.1937,0.3689,1.1419,0.8624,0.7718,6.7429,2.6547,1,1,1,0
g4scan,rq4graded,5.5,-1.0,eb1168,0.11675778353879479,0,4.4,0,0.395,20000,0.9465,0.0535,0.1521,4.751,4.201,0.1981,0.7567,1.1262,0.8867,0.6519,6.7771,3.0364,1,1,1,0
g4scan,rq4graded,5.5,-1.0,eb0482,0.0482,1,4.4,0,0.415,20000,0.9889,0.0111,0.2276,4.748,4.198,0.2073,1.259,1.1065,1.1472,0.6335,6.8318,3.9116,1,1,1,0
g4scan,rq4graded,5.5,-1.0,eb154,0.154,1,5.2,0,0.36,20000,0.9239,0.0761,0.1671,3.854,3.517,0.2419,0.5527,0.8798,0.5176,0.6113,6.8488,6.5968,1,1,1,0
g4scan,rq4graded,5.5,-1.0,eb1168,0.11675778353879479,0,6.0,0,0.325,20000,0.9465,0.0535,0.1079,3.955,3.594,0.2522,0.6261,0.8788,0.4832,0.6638,7.0255,7.2252,1,1,1,0
g4scan,rq4graded,5.5,-1.0,eb1168,0.11675778353879479,0,5.6,0,0.345,20000,0.9465,0.0535,0.1603,3.875,3.533,0.2533,0.4671,0.8728,0.5195,0.6302,7.0661,6.4771,1,1,1,0
g4scan,rq4graded,5.5,-1.0,eb1168,0.11675778353879479,0,6.8,1,0.295,20000,0.9465,0.0535,0.0344,4.084,3.692,0.2289,0.8829,0.8853,0.4206,0.7237,7.1288,8.6149,1,1,1,0
g4scan,rq4graded,5.5,-1.0,eb154,0.154,1,6.8,1,0.29,20000,0.9239,0.0761,0.0179,4.106,3.709,0.1987,1.0391,0.8872,0.4299,0.7294,7.2992,8.7163,1,1,1,0
g4scan,rq4graded,5.5,-1.0,eb0482,0.0482,1,5.6,0,0.36,20000,0.9889,0.0111,0.2439,3.917,3.565,0.26,0.2917,0.86,0.81,0.6081,7.4423,3.0971,1,1,1,0
g4scan,rq4graded,5.5,-1.0,eb1168,0.11675778353879479,0,4.8,0,0.36,20000,0.9465,0.0535,0.092,4.876,4.296,0.1932,0.5916,1.1523,0.7995,0.6937,7.5456,3.6514,1,1,1,0
g4scan,rq4graded,5.5,-1.0,eb0482,0.0482,1,6.0,0,0.34,20000,0.9889,0.0111,0.1994,3.927,3.572,0.2707,0.1658,0.8524,0.7541,0.6335,7.6325,3.452,1,1,1,1
g4scan,rq4graded,5.5,-1.0,eb0482,0.0482,1,4.8,0,0.415,20000,0.9889,0.0111,0.3274,3.935,3.579,0.2336,0.962,0.8779,0.9449,0.5606,7.651,3.0215,1,1,1,0
g4scan,rq4graded,5.5,-1.0,eb0482,0.0482,1,5.2,0,0.385,20000,0.9889,0.0111,0.2882,3.907,3.558,0.2485,0.601,0.8646,0.8739,0.5826,7.73,3.0577,1,1,1,0
g4scan,rq4graded,5.5,-1.0,eb0482,0.0482,1,4.8,0,0.375,20000,0.9889,0.0111,0.1544,4.906,4.318,0.2084,0.9128,1.1446,1.0789,0.6813,7.7902,3.1079,1,1,1,0
g4scan,rq4graded,5.5,-1.0,eb1168,0.11675778353879479,0,6.4,0,0.31,20000,0.9465,0.0535,0.0735,3.97,3.605,0.2483,0.7689,0.8689,0.4561,0.688,7.7931,7.9696,1,1,1,0
g4scan,rq4graded,5.5,-1.0,eb154,0.154,1,6.0,0,0.32,20000,0.9239,0.0761,0.0807,3.927,3.572,0.2415,0.8191,0.869,0.4427,0.6662,7.8747,8.2701,1,1,1,0
g4scan,rq4graded,5.5,-1.0,eb0482,0.0482,1,5.6,0,0.325,20000,0.9889,0.0111,0.0587,5.038,4.419,0.1992,0.4631,1.1666,0.9375,0.7523,7.8902,2.3755,1,1,1,0
g4scan,rq4graded,5.5,-1.0,eb0482,0.0482,1,4.4,0,0.41,20000,0.9889,0.0111,0.2084,4.866,4.288,0.2047,1.2579,1.1392,1.1654,0.6468,8.1676,4.2301,1,1,1,0
g4scan,rq4graded,5.5,-1.0,eb154,0.154,1,5.6,0,0.34,20000,0.9239,0.0761,0.1318,3.822,3.493,0.249,0.6768,0.858,0.5009,0.6309,8.2152,7.2274,1,1,1,0
g4scan,rq4graded,5.5,-1.0,eb1168,0.11675778353879479,0,4.4,0,0.39,20000,0.9465,0.0535,0.133,4.891,4.307,0.1923,0.7939,1.162,0.9086,0.6661,8.2809,3.1505,1,1,1,0
g4scan,rq4graded,5.5,-1.0,eb154,0.154,1,6.4,0,0.305,20000,0.9239,0.0761,0.048,3.966,3.602,0.2314,0.9456,0.8646,0.413,0.6926,8.3294,9.025,1,1,1,0
g4scan,rq4graded,5.5,-1.0,eb0482,0.0482,1,5.2,0,0.345,20000,0.9889,0.0111,0.0918,5.044,4.424,0.2038,0.6655,1.1759,1.0138,0.7259,8.6047,2.4229,1,1,1,0
g4scan,rq4graded,5.5,-1.0,eb0482,0.0482,1,6.4,0,0.325,20000,0.9889,0.0111,0.1681,3.887,3.543,0.2803,0.2893,0.8322,0.6966,0.6503,8.9507,4.4072,1,1,1,0
g4scan,rq4graded,5.5,-1.0,eb0482,0.0482,1,6.8,1,0.31,20000,0.9889,0.0111,0.1209,3.941,3.583,0.2821,0.4617,0.8339,0.6545,0.68,9.1532,5.1408,1,1,1,0
g4scan,rq4graded,5.5,-1.0,eb0482,0.0482,1,4.8,0,0.42,20000,0.9889,0.0111,0.3471,3.836,3.503,0.2335,0.9864,0.8504,0.932,0.5472,9.1574,3.3902,1,1,1,0
g4scan,rq4graded,5.5,-1.0,eb0482,0.0482,1,4.8,0,0.37,20000,0.9889,0.0111,0.1327,5.051,4.429,0.2023,0.9352,1.1848,1.0992,0.6979,9.4176,3.5277,1,1,1,0
g4scan,rq4graded,5.5,-1.0,eb0482,0.0482,1,4.4,0,0.405,20000,0.9889,0.0111,0.189,4.989,4.381,0.2003,1.2625,1.1729,1.1855,0.6608,9.5183,4.5698,1,1,1,0
g4scan,rq4graded,5.5,-1.0,eb1168,0.11675778353879479,0,6.8,1,0.3,20000,0.9465,0.0535,0.0583,3.878,3.536,0.2536,0.8986,0.833,0.4046,0.6969,9.9619,9.355,1,1,1,0
g4scan,rq4graded,5.5,-1.0,eb154,0.154,1,6.8,1,0.295,20000,0.9239,0.0761,0.034,3.887,3.542,0.2322,1.0668,0.8297,0.3717,0.7029,10.4326,10.2857,1,1,1,0
g4scan,rq4graded,5.5,-1.0,eb0482,0.0482,1,5.2,0,0.34,20000,0.9889,0.0111,0.0713,5.213,4.553,0.1922,0.7249,1.2244,1.0342,0.7452,10.5687,2.9591,1,1,1,0
g4scan,rq4graded,5.5,-1.0,eb0482,0.0482,1,4.4,0,0.4,20000,0.9889,0.0111,0.1699,5.116,4.479,0.1949,1.2753,1.2082,1.2054,0.6751,10.9058,4.9236,1,1,1,0
g4scan,rq4graded,5.5,-1.0,eb0482,0.0482,1,4.8,0,0.365,20000,0.9889,0.0111,0.1112,5.202,4.544,0.1956,0.9642,1.2272,1.1198,0.7149,11.0845,3.9629,1,1,1,0
g4scan,rq4graded,5.25,-1.0,eb154,0.154,1,6.4,0,0.3,20000,0.9614,0.0386,0.0371,3.834,3.502,0.2324,1.1064,1.2415,0.5272,0.8093,11.8633,8.0661,1,1,1,0
g4scan,rq4graded,5.5,-1.0,eb0482,0.0482,1,4.4,0,0.395,20000,0.9889,0.0111,0.1507,5.247,4.578,0.1903,1.2889,1.2446,1.2258,0.6895,12.2963,5.2798,1,1,1,0
g4scan,rq4graded,5.25,-1.0,eb1168,0.11675778353879479,0,6.8,1,0.29,20000,0.9732,0.0268,0.0242,3.879,3.536,0.2273,1.1182,1.269,0.5307,0.8419,12.8917,8.1952,1,1,1,0
g4scan,rq4graded,5.75,-1.0,eb1168,0.11675778353879479,0,5.2,0,0.35,20000,0.9113,0.0887,0.0911,5.044,4.424,0.1934,0.7845,0.768,0.603,0.572,13.5013,6.8815,1,1,1,0
g4scan,rq4graded,5.75,-1.0,eb1168,0.11675778353879479,0,4.8,0,0.375,20000,0.9113,0.0887,0.1257,5.092,4.46,0.1906,1.0014,0.7742,0.6675,0.5467,13.5041,6.477,1,1,1,0
g4scan,rq4graded,5.75,-1.0,eb1168,0.11675778353879479,0,5.6,0,0.33,20000,0.9113,0.0887,0.0611,5.005,4.394,0.1905,0.6631,0.7619,0.5486,0.5975,13.6581,7.4026,1,1,1,0
g4scan,rq4graded,5.25,-1.0,eb154,0.154,1,6.0,0,0.31,20000,0.9614,0.0386,0.0469,3.962,3.599,0.2275,0.9711,1.306,0.5615,0.8043,13.9604,7.7406,1,1,1,0
g4scan,rq4graded,5.25,-1.0,eb1168,0.11675778353879479,0,6.0,0,0.315,20000,0.9732,0.0268,0.0721,3.871,3.53,0.2469,0.8847,1.3142,0.6161,0.8036,14.0997,6.9703,1,1,1,0
g4scan,rq4graded,5.25,-1.0,eb1168,0.11675778353879479,0,6.4,0,0.3,20000,0.9732,0.0268,0.0378,3.937,3.58,0.232,1.0026,1.311,0.5505,0.8306,14.1933,7.9644,1,1,1,0
g4scan,rq4graded,5.25,-1.0,eb154,0.154,1,6.4,0,0.295,20000,0.9614,0.0386,0.0201,4.046,3.663,0.2021,1.0771,1.3091,0.5584,0.8321,14.252,7.9828,1,1,1,0
g4scan,rq4graded,5.75,-1.0,eb154,0.154,1,4.8,0,0.37,20000,0.8749,0.1251,0.1078,4.879,4.298,0.1912,0.8391,0.7565,0.6197,0.5439,14.2915,6.8904,1,1,1,0
g4scan,rq4graded,5.75,-1.0,eb0482,0.0482,1,6.4,0,0.31,20000,0.9818,0.0182,0.0544,5.273,4.598,0.2054,0.6891,0.7498,0.7266,0.6283,14.4422,5.5528,1,1,1,0
g4scan,rq4graded,5.75,-1.0,eb0482,0.0482,1,6.0,0,0.325,20000,0.9818,0.0182,0.0829,5.3,4.618,0.2077,0.89,0.7524,0.7743,0.6029,14.6265,5.4243,1,1,1,0
g4scan,rq4graded,5.25,-1.0,eb0482,0.0482,1,6.8,1,0.295,20000,0.9945,0.0055,0.046,3.893,3.546,0.2558,0.9171,1.3284,0.7898,0.8569,14.6496,5.3261,1,1,1,0
g4scan,rq4graded,5.25,-1.0,eb154,0.154,1,5.6,0,0.325,20000,0.9614,0.0386,0.0729,3.985,3.617,0.2315,0.8326,1.336,0.6571,0.7864,14.7686,6.5356,1,1,1,0
g4scan,rq4graded,5.25,-1.0,eb154,0.154,1,5.2,0,0.345,20000,0.9614,0.0386,0.1126,3.951,3.591,0.2359,0.6961,1.3479,0.6861,0.7615,14.9401,6.0512,1,1,1,0
g4scan,rq4graded,5.25,-1.0,eb154,0.154,1,4.8,0,0.37,20000,0.9614,0.0386,0.1603,3.915,3.563,0.2347,0.5762,1.3583,0.7942,0.735,15.0849,4.8486,1,1,1,0
g4scan,rq4graded,5.25,-1.0,eb1168,0.11675778353879479,0,5.6,0,0.33,20000,0.9732,0.0268,0.0988,3.911,3.56,0.2461,0.7391,1.351,0.7117,0.7878,15.1188,5.8801,1,1,1,0
g4scan,rq4graded,5.75,-1.0,eb1168,0.11675778353879479,0,4.8,0,0.38,20000,0.9113,0.0887,0.1463,4.945,4.348,0.1962,0.9727,0.7453,0.652,0.5297,15.2078,6.8677,1,1,1,0
g4scan,rq4graded,5.75,-1.0,eb1168,0.11675778353879479,0,5.2,0,0.355,20000,0.9113,0.0887,0.1114,4.881,4.3,0.2022,0.7347,0.7353,0.5874,0.5533,15.4198,7.2933,1,1,1,0
g4scan,rq4graded,5.75,-1.0,eb154,0.154,1,4.4,0,0.405,20000,0.8749,0.1251,0.161,4.819,4.252,0.19,1.0116,0.742,0.6395,0.5065,15.4771,7.1056,1,1,1,0
g4scan,rq4graded,5.25,-1.0,eb1168,0.11675778353879479,0,5.2,0,0.35,20000,0.9732,0.0268,0.1407,3.897,3.55,0.2445,0.5791,1.37,0.8187,0.7642,15.4865,4.6981,1,1,1,0
g4scan,rq4graded,5.75,-1.0,eb0482,0.0482,1,5.6,0,0.345,20000,0.9818,0.0182,0.1244,5.272,4.597,0.2097,1.1322,0.7429,0.8229,0.5689,15.6322,5.5043,1,1,1,0
g4scan,rq4graded,5.75,-1.0,eb0482,0.0482,1,6.8,1,0.3,20000,0.9818,0.0182,0.043,5.14,4.496,0.2089,0.4875,0.7234,0.6737,0.6371,15.7403,5.996,1,1,1,0
g4scan,rq4graded,5.25,-1.0,eb154,0.154,1,4.4,0,0.4,20000,0.9614,0.0386,0.2023,3.937,3.58,0.2288,0.5108,1.3825,0.9398,0.7134,15.7857,3.6565,1,1,1,0
g4scan,rq4graded,5.75,-1.0,eb1168,0.11675778353879479,0,5.6,0,0.335,20000,0.9113,0.0887,0.0817,4.825,4.256,0.2043,0.6005,0.7253,0.5365,0.5755,15.8151,7.8047,1,1,1,0
g4scan,rq4graded,5.25,-1.0,eb1168,0.11675778353879479,0,4.8,0,0.375,20000,0.9732,0.0268,0.1846,3.887,3.542,0.2415,0.452,1.3871,0.9403,0.7406,15.8363,3.573,1,1,1,0
g4scan,rq4graded,5.25,-1.0,eb0482,0.0482,1,6.4,0,0.305,20000,0.9945,0.0055,0.0638,3.956,3.595,0.2539,0.792,1.3741,0.8653,0.846,15.9916,4.6963,1,1,1,0
g4scan,rq4graded,5.75,-1.0,eb154,0.154,1,4.8,0,0.375,20000,0.8749,0.1251,0.1282,4.726,4.181,0.1972,0.8003,0.7277,0.6158,0.5272,16.0116,7.145,1,1,1,0
g4scan,rq4graded,5.75,-1.0,eb1168,0.11675778353879479,0,4.4,0,0.415,20000,0.9113,0.0887,0.1931,4.947,4.35,0.1908,1.2854,0.7404,0.7266,0.4979,16.0496,6.6871,1,1,1,0
g4scan,rq4graded,5.25,-1.0,eb154,0.154,1,6.0,0,0.305,20000,0.9614,0.0386,0.028,4.167,3.755,0.2015,0.9536,1.3678,0.5932,0.8262,16.0598,7.6482,1,1,1,0
g4scan,rq4graded,5.25,-1.0,eb0482,0.0482,1,6.0,0,0.32,20000,0.9945,0.0055,0.1012,3.913,3.562,0.2615,0.6561,1.3836,0.9408,0.8211,16.0722,3.9088,1,1,1,0
g4scan,rq4graded,5.25,-1.0,eb0482,0.0482,1,5.2,0,0.36,20000,0.9945,0.0055,0.1957,3.823,3.493,0.259,0.3311,1.4027,1.1169,0.7681,16.1425,3.7921,1,1,1,0
g4scan,rq4graded,5.25,-1.0,eb1168,0.11675778353879479,0,6.0,0,0.31,20000,0.9732,0.0268,0.0473,4.069,3.681,0.2267,0.8642,1.3758,0.6421,0.8258,16.173,6.9659,1,1,1,0
g4scan,rq4graded,5.75,-1.0,eb154,0.154,1,5.2,0,0.35,20000,0.8749,0.1251,0.0921,4.692,4.155,0.2002,0.7044,0.722,0.5386,0.5525,16.2056,7.9917,1,1,1,0
g4scan,rq4graded,5.25,-1.0,eb1168,0.11675778353879479,0,6.4,0,0.295,20000,0.9732,0.0268,0.0206,4.15,3.743,0.2015,0.9753,1.3788,0.5786,0.8538,16.4641,7.921,1,1,1,0
g4scan,rq4graded,5.25,-1.0,eb154,0.154,1,4.8,0,0.365,20000,0.9614,0.0386,0.1358,4.069,3.681,0.226,0.5914,1.4011,0.8229,0.751,16.5393,4.8435,1,1,1,0
g4scan,rq4graded,5.25,-1.0,eb154,0.154,1,5.2,0,0.34,20000,0.9614,0.0386,0.0882,4.123,3.722,0.2235,0.7038,1.3958,0.7136,0.7794,16.5613,6.0332,1,1,1,0
g4scan,rq4graded,5.75,-1.0,eb154,0.154,1,5.6,0,0.33,20000,0.8749,0.1251,0.0613,4.666,4.136,0.1962,0.6975,0.7157,0.5264,0.578,16.5978,8.2065,1,1,1,0
g4scan,rq4graded,5.25,-1.0,eb154,0.154,1,5.6,0,0.32,20000,0.9614,0.0386,0.0499,4.175,3.762,0.214,0.8321,1.3911,0.6908,0.8065,16.6254,6.4659,1,1,1,0
g4scan,rq4graded,5.25,-1.0,eb1168,0.11675778353879479,0,4.4,0,0.405,20000,0.9732,0.0268,0.2243,3.928,3.574,0.2301,0.4099,1.4152,1.0939,0.7216,16.6881,3.8448,1,1,1,0
g4scan,rq4graded,5.75,-1.0,eb0482,0.0482,1,6.0,0,0.33,20000,0.9818,0.0182,0.1064,5.132,4.49,0.2186,0.854,0.7178,0.7596,0.5796,16.7327,5.8353,1,1,1,0
g4scan,rq4graded,5.75,-1.0,eb0482,0.0482,1,6.4,0,0.315,20000,0.9818,0.0182,0.0782,5.087,4.457,0.2197,0.6315,0.7106,0.7117,0.6021,16.8084,5.9839,1,1,1,0
g4scan,rq4graded,5.75,-1.0,eb1168,0.11675778353879479,0,4.8,0,0.385,20000,0.9113,0.0887,0.1669,4.805,4.241,0.2009,0.9508,0.7182,0.6369,0.5134,16.8736,7.2619,1,1,1,0
g4scan,rq4graded,5.75,-1.0,eb0482,0.0482,1,5.2,0,0.37,20000,0.9818,0.0182,0.1738,5.236,4.57,0.2054,1.4492,0.7313,0.8745,0.5326,16.9044,5.7368,1,1,1,0
g4scan,rq4graded,5.25,-1.0,eb1168,0.11675778353879479,0,5.6,0,0.325,20000,0.9732,0.0268,0.0736,4.095,3.7,0.2304,0.7228,1.4056,0.7433,0.8077,16.9152,5.8247,1,1,1,0
g4scan,rq4graded,5.75,-1.0,eb154,0.154,1,4.4,0,0.41,20000,0.8749,0.1251,0.1798,4.69,4.154,0.1936,0.9911,0.7184,0.63,0.4923,16.9289,7.4082,1,1,1,0
g4scan,rq4graded,5.25,-1.0,eb0482,0.0482,1,6.8,1,0.29,20000,0.9945,0.0055,0.025,4.1,3.705,0.2262,0.9006,1.3979,0.8143,0.8817,16.969,5.4435,1,1,1,0
g4scan,rq4graded,5.25,-1.0,eb0482,0.0482,1,4.8,0,0.385,20000,0.9945,0.0055,0.2353,3.855,3.518,0.2461,0.2725,1.4322,1.2404,0.7493,16.9994,4.5885,1,1,1,0
g4scan,rq4graded,5.25,-1.0,eb154,0.154,1,4.4,0,0.395,20000,0.9614,0.0386,0.1806,4.072,3.683,0.2222,0.5308,1.4191,0.9693,0.727,17.0237,3.6574,1,1,1,0
g4scan,rq4graded,5.25,-1.0,eb1168,0.11675778353879479,0,5.2,0,0.345,20000,0.9732,0.0268,0.1134,4.063,3.676,0.2347,0.5873,1.417,0.8476,0.7825,17.0528,4.7055,1,1,1,0
g4scan,rq4graded,5.75,-1.0,eb1168,0.11675778353879479,0,6.0,0,0.32,20000,0.9113,0.0887,0.0622,4.722,4.178,0.206,0.547,0.7039,0.5079,0.5905,17.1001,8.3176,1,1,1,0
g4scan,rq4graded,5.25,-1.0,eb0482,0.0482,1,5.6,0,0.335,20000,0.9945,0.0055,0.129,3.967,3.603,0.2557,0.4954,1.424,1.0389,0.8066,17.1207,3.6697,1,1,1,0
g4scan,rq4graded,5.75,-1.0,eb1168,0.11675778353879479,0,6.4,0,0.305,20000,0.9113,0.0887,0.0354,4.728,4.183,0.1957,0.6006,0.7044,0.4632,0.618,17.1598,9.0655,1,1,1,0
g4scan,rq4graded,5.25,-1.0,eb1168,0.11675778353879479,0,4.8,0,0.37,20000,0.9732,0.0268,0.1608,4.031,3.652,0.2333,0.4756,1.427,0.9694,0.7559,17.184,3.5994,1,1,1,0
g4scan,rq4graded,5.75,-1.0,eb1168,0.11675778353879479,0,5.2,0,0.36,20000,0.9113,0.0887,0.1337,4.725,4.181,0.2092,0.7036,0.7053,0.5719,0.5344,17.2784,7.7283,1,1,1,0
g4scan,rq4graded,5.75,-1.0,eb1168,0.11675778353879479,0,4.4,0,0.42,20000,0.9113,0.0887,0.2109,4.828,4.259,0.1932,1.2733,0.7179,0.7116,0.4847,17.451,7.0364,1,1,1,0
g4scan,rq4graded,5.75,-1.0,eb0482,0.0482,1,5.6,0,0.35,20000,0.9818,0.0182,0.1492,5.118,4.48,0.2154,1.127,0.7122,0.8083,0.5477,17.5658,5.9251,1,1,1,0
g4scan,rq4graded,5.25,-1.0,eb0482,0.0482,1,4.4,0,0.42,20000,0.9945,0.0055,0.2872,3.828,3.497,0.2357,0.482,1.44,1.3703,0.7224,17.6105,5.7071,1,1,1,0
g4scan,rq4graded,5.25,-1.0,eb0482,0.0482,1,5.2,0,0.355,20000,0.9945,0.0055,0.1684,3.974,3.608,0.251,0.3429,1.4486,1.1446,0.7855,17.6466,4.2188,1,1,1,0
g4scan,rq4graded,5.75,-1.0,eb154,0.154,1,4.8,0,0.38,20000,0.8749,0.1251,0.1488,4.577,4.068,0.2036,0.7678,0.7001,0.5701,0.5106,17.7313,7.9163,1,1,1,0
g4scan,rq4graded,5.75,-1.0,eb154,0.154,1,6.0,0,0.315,20000,0.8749,0.1251,0.0425,4.589,4.077,0.1934,0.7291,0.6985,0.4566,0.595,17.7703,9.4542,1,1,1,0
g4scan,rq4graded,5.75,-1.0,eb0482,0.0482,1,4.8,0,0.4,20000,0.9818,0.0182,0.2185,5.246,4.578,0.1989,1.8246,0.7266,0.9337,0.5013,17.8483,5.9713,1,1,1,0
g4scan,rq4graded,5.25,-1.0,eb1168,0.11675778353879479,0,4.4,0,0.4,20000,0.9732,0.0268,0.2025,4.059,3.673,0.2261,0.4328,1.4514,1.124,0.7346,17.8907,4.2597,1,1,1,0
g4scan,rq4graded,5.75,-1.0,eb1168,0.11675778353879479,0,5.6,0,0.34,20000,0.9113,0.0887,0.1042,4.652,4.125,0.215,0.5526,0.6912,0.5247,0.5541,17.9521,8.2255,1,1,1,0
g4scan,rq4graded,5.25,-1.0,eb154,0.154,1,4.8,0,0.36,20000,0.9614,0.0386,0.112,4.228,3.802,0.2176,0.6126,1.444,0.8551,0.767,17.9641,4.822,1,1,1,0
g4scan,rq4graded,5.25,-1.0,eb0482,0.0482,1,6.0,0,0.315,20000,0.9945,0.0055,0.0733,4.1,3.704,0.2445,0.6493,1.4425,0.9691,0.843,17.9811,3.983,1,1,1,0
g4scan,rq4graded,5.25,-1.0,eb0482,0.0482,1,6.4,0,0.3,20000,0.9945,0.0055,0.039,4.16,3.75,0.2301,0.7797,1.4388,0.8945,0.8702,18.087,4.766,1,1,1,0
g4scan,rq4graded,5.75,-1.0,eb154,0.154,1,5.2,0,0.355,20000,0.8749,0.1251,0.1133,4.528,4.031,0.2091,0.6658,0.6908,0.5304,0.5338,18.1689,8.3497,1,1,1,0
g4scan,rq4graded,5.75,-1.0,eb0482,0.0482,1,6.8,1,0.305,20000,0.9818,0.0182,0.0666,4.947,4.35,0.2265,0.418,0.6838,0.6589,0.609,18.2144,6.437,1,1,1,0
g4scan,rq4graded,5.25,-1.0,eb1168,0.11675778353879479,0,6.0,0,0.305,20000,0.9732,0.0268,0.0284,4.272,3.836,0.2014,0.8557,1.439,0.6732,0.8476,18.2245,6.9337,1,1,1,0
g4scan,rq4graded,5.25,-1.0,eb154,0.154,1,5.2,0,0.335,20000,0.9614,0.0386,0.0666,4.302,3.858,0.2083,0.7247,1.4467,0.7443,0.7975,18.2455,6.0246,1,1,1,0
g4scan,rq4graded,5.25,-1.0,eb154,0.154,1,4.4,0,0.39,20000,0.9614,0.0386,0.1593,4.212,3.79,0.2149,0.5532,1.4565,1.0012,0.7407,18.2572,3.6681,1,1,1,0
g4scan,rq4graded,5.25,-1.0,eb0482,0.0482,1,4.8,0,0.38,20000,0.9945,0.0055,0.2107,3.987,3.618,0.2428,0.2918,1.4717,1.2687,0.7639,18.286,4.9788,1,1,1,0
g4scan,rq4graded,5.75,-1.0,eb154,0.154,1,4.4,0,0.415,20000,0.8749,0.1251,0.1976,4.563,4.057,0.1981,0.9665,0.6953,0.6194,0.4788,18.3939,7.7209,1,1,1,0
g4scan,rq4graded,5.75,-1.0,eb1168,0.11675778353879479,0,4.8,0,0.39,20000,0.9113,0.0887,0.1873,4.669,4.138,0.2057,0.9322,0.6926,0.6227,0.4974,18.5141,7.6506,1,1,1,0
g4scan,rq4graded,5.25,-1.0,eb154,0.154,1,5.6,0,0.315,20000,0.9614,0.0386,0.0323,4.373,3.912,0.1911,0.8474,1.4487,0.7267,0.8266,18.5207,6.4208,1,1,1,0
g4scan,rq4graded,5.25,-1.0,eb1168,0.11675778353879479,0,4.8,0,0.365,20000,0.9732,0.0268,0.1367,4.184,3.768,0.2245,0.5,1.469,1.0021,0.772,18.5593,3.6423,1,1,1,0
g4scan,rq4graded,5.75,-1.0,eb0482,0.0482,1,5.2,0,0.375,20000,0.9818,0.0182,0.1955,5.104,4.469,0.2106,1.4553,0.7044,0.8616,0.5146,18.6373,6.1216,1,1,1,0
g4scan,rq4graded,5.25,-1.0,eb1168,0.11675778353879479,0,5.2,0,0.34,20000,0.9732,0.0268,0.0889,4.235,3.807,0.2223,0.6062,1.4657,0.8793,0.8006,18.6389,4.7177,1,1,1,0
g4scan,rq4graded,5.25,-1.0,eb0482,0.0482,1,4.4,0,0.415,20000,0.9945,0.0055,0.2665,3.939,3.582,0.2333,0.4812,1.4729,1.3971,0.7347,18.6481,6.0058,1,1,1,0
g4scan,rq4graded,5.25,-1.0,eb1168,0.11675778353879479,0,5.6,0,0.32,20000,0.9732,0.0268,0.0506,4.283,3.844,0.2131,0.7296,1.4611,0.7744,0.8279,18.7076,5.8199,1,1,1,0
g4scan,rq4graded,5.75,-1.0,eb1168,0.11675778353879479,0,6.8,1,0.295,20000,0.9113,0.0887,0.025,4.62,4.1,0.1941,0.6474,0.6817,0.4351,0.6288,18.7496,9.8298,1,1,1,0
g4scan,rq4graded,5.75,-1.0,eb154,0.154,1,5.6,0,0.335,20000,0.8749,0.1251,0.083,4.482,3.996,0.2109,0.6483,0.6806,0.5232,0.5557,18.8234,8.5238,1,1,1,0
g4scan,rq4graded,5.25,-1.0,eb0482,0.0482,1,5.6,0,0.33,20000,0.9945,0.0055,0.1001,4.142,3.737,0.2433,0.4928,1.478,1.0652,0.827,18.8282,4.1105,1,1,1,0
g4scan,rq4graded,5.75,-1.0,eb0482,0.0482,1,6.0,0,0.335,20000,0.9818,0.0182,0.1338,4.964,4.363,0.2263,0.8419,0.6842,0.7458,0.5556,18.9184,6.2887,1,1,1,0
g4scan,rq4graded,5.25,-1.0,eb1168,0.11675778353879479,0,4.4,0,0.395,20000,0.9732,0.0268,0.1806,4.193,3.775,0.2202,0.4572,1.4881,1.1549,0.7482,19.0795,4.6754,1,1,1,0
g4scan,rq4graded,5.75,-1.0,eb0482,0.0482,1,6.4,0,0.32,20000,0.9818,0.0182,0.1042,4.91,4.321,0.2315,0.5942,0.675,0.6974,0.5765,19.1128,6.432,1,1,1,0
g4scan,rq4graded,5.75,-1.0,eb1168,0.11675778353879479,0,5.2,0,0.365,20000,0.9113,0.0887,0.1573,4.573,4.064,0.2148,0.6806,0.676,0.5582,0.5157,19.1955,8.1657,1,1,1,0
g4scan,rq4graded,5.25,-1.0,eb0482,0.0482,1,5.2,0,0.35,20000,0.9945,0.0055,0.1414,4.135,3.731,0.2419,0.3631,1.4975,1.1741,0.8033,19.2075,4.6734,1,1,1,0
g4scan,rq4graded,5.75,-1.0,eb1168,0.11675778353879479,0,6.0,0,0.325,20000,0.9113,0.0887,0.0851,4.538,4.038,0.2206,0.5009,0.6683,0.4961,0.5667,19.4091,8.7762,1,1,1,0
g4scan,rq4graded,5.75,-1.0,eb0482,0.0482,1,4.8,0,0.405,20000,0.9818,0.0182,0.2383,5.129,4.488,0.1994,1.8446,0.7028,0.9205,0.4863,19.4121,6.3461,1,1,1,0
g4scan,rq4graded,5.75,-1.0,eb154,0.154,1,4.8,0,0.385,20000,0.8749,0.1251,0.17,4.436,3.96,0.2089,0.7443,0.6742,0.5575,0.4943,19.4288,8.3047,1,1,1,0
g4scan,rq4graded,5.25,-1.0,eb154,0.154,1,4.8,0,0.355,20000,0.9614,0.0386,0.0907,4.396,3.93,0.2064,0.6416,1.4907,0.8888,0.7829,19.4807,4.8236,1,1,1,0
g4scan,rq4graded,5.75,-1.0,eb0482,0.0482,1,5.6,0,0.355,20000,0.9818,0.0182,0.1742,4.969,4.367,0.2208,1.1286,0.6829,0.7942,0.5271,19.5009,6.3545,1,1,1,0
g4scan,rq4graded,5.25,-1.0,eb154,0.154,1,4.4,0,0.385,20000,0.9614,0.0386,0.1384,4.359,3.902,0.2079,0.5852,1.495,1.0362,0.7544,19.5134,4.1563,1,1,1,0
g4scan,rq4graded,5.25,-1.0,eb0482,0.0482,1,4.8,0,0.375,20000,0.9945,0.0055,0.1854,4.129,3.726,0.2374,0.3145,1.5132,1.2984,0.7794,19.603,5.383,1,1,1,0
g4scan,rq4graded,5.75,-1.0,eb1168,0.11675778353879479,0,6.4,0,0.31,20000,0.9113,0.0887,0.0553,4.528,4.03,0.2177,0.5401,0.6649,0.4492,0.5915,19.7096,9.5922,1,1,1,0
g4scan,rq4graded,5.25,-1.0,eb0482,0.0482,1,4.4,0,0.41,20000,0.9945,0.0055,0.2461,4.057,3.672,0.2293,0.4932,1.5079,1.4248,0.7472,19.752,6.3356,1,1,1,0
g4scan,rq4graded,5.75,-1.0,eb154,0.154,1,4.4,0,0.42,20000,0.8749,0.1251,0.2165,4.441,3.964,0.2009,0.9545,0.6737,0.6081,0.4653,19.8207,8.0567,1,1,1,0
g4scan,rq4graded,5.25,-1.0,eb0482,0.0482,1,6.0,0,0.31,20000,0.9945,0.0055,0.0485,4.297,3.855,0.225,0.6321,1.5044,1.0004,0.8653,19.8849,4.0324,1,1,1,0
g4scan,rq4graded,5.25,-1.0,eb1168,0.11675778353879479,0,4.8,0,0.36,20000,0.9732,0.0268,0.1128,4.343,3.89,0.2159,0.5221,1.5135,1.0349,0.7881,19.9724,4.1249,1,1,1,0
g4scan,rq4graded,5.25,-1.0,eb154,0.154,1,5.2,0,0.33,20000,0.9614,0.0386,0.0467,4.493,4.004,0.1918,0.7548,1.5012,0.7784,0.8158,19.9979,6.0208,1,1,1,0
g4scan,rq4graded,5.75,-1.0,eb1168,0.11675778353879479,0,5.6,0,0.345,20000,0.9113,0.0887,0.1288,4.486,3.998,0.2236,0.5183,0.6595,0.5127,0.533,20.0469,8.6655,1,1,1,0
g4scan,rq4graded,5.75,-1.0,eb1168,0.11675778353879479,0,4.8,0,0.395,20000,0.9113,0.0887,0.208,4.54,4.04,0.2097,0.9216,0.6687,0.6105,0.4818,20.11,8.0244,1,1,1,0
g4scan,rq4graded,5.75,-1.0,eb154,0.154,1,5.2,0,0.36,20000,0.8749,0.1251,0.1364,4.367,3.908,0.2171,0.636,0.6612,0.5178,0.5148,20.1347,8.7836,1,1,1,0
g4scan,rq4graded,5.25,-1.0,eb1168,0.11675778353879479,0,5.2,0,0.335,20000,0.9732,0.0268,0.0674,4.411,3.941,0.2078,0.6295,1.5155,0.9123,0.8186,20.2175,4.734,1,1,1,0
g4scan,rq4graded,5.25,-1.0,eb0482,0.0482,1,6.4,0,0.295,20000,0.9945,0.0055,0.0211,4.371,3.911,0.2012,0.756,1.5089,0.925,0.8936,20.2354,4.8254,1,1,1,0
g4scan,rq4graded,5.25,-1.0,eb1168,0.11675778353879479,0,4.4,0,0.39,20000,0.9732,0.0268,0.1602,4.33,3.88,0.2124,0.4871,1.5246,1.1895,0.7617,20.2465,5.1122,1,1,1,0
g4scan,rq4graded,5.75,-1.0,eb154,0.154,1,6.0,0,0.32,20000,0.8749,0.1251,0.0626,4.391,3.926,0.2125,0.6776,0.6596,0.4446,0.5708,20.3154,9.9631,1,1,1,0
g4scan,rq4graded,5.75,-1.0,eb0482,0.0482,1,5.2,0,0.38,20000,0.9818,0.0182,0.2178,4.975,4.371,0.2132,1.4717,0.6795,0.848,0.4972,20.3203,6.5213,1,1,1,0
g4scan,rq4graded,5.75,-1.0,eb154,0.154,1,6.4,0,0.305,20000,0.8749,0.1251,0.0357,4.411,3.941,0.2007,0.77,0.6599,0.4343,0.5982,20.4583,10.2904,1,1,1,0
g4scan,rq4graded,5.25,-1.0,eb1168,0.11675778353879479,0,5.6,0,0.315,20000,0.9732,0.0268,0.0328,4.479,3.993,0.191,0.7564,1.5187,0.8097,0.848,20.5327,5.8249,1,1,1,0
g4scan,rq4graded,5.25,-1.0,eb154,0.154,1,4.0,0,0.42,20000,0.9614,0.0386,0.1751,4.438,3.962,0.1999,0.6425,1.5257,1.2402,0.7356,20.5484,5.6881,1,1,1,0
g4scan,rq4graded,5.25,-1.0,eb0482,0.0482,1,5.6,0,0.325,20000,0.9945,0.0055,0.0748,4.325,3.876,0.2281,0.499,1.535,1.0955,0.8471,20.5811,4.5928,1,1,1,0
g4scan,rq4graded,5.75,-1.0,eb0482,0.0482,1,6.8,1,0.31,20000,0.9818,0.0182,0.0936,4.76,4.207,0.2408,0.3694,0.647,0.6453,0.5813,20.6742,6.8963,1,1,1,0
g4scan,rq4graded,5.25,-1.0,eb0482,0.0482,1,5.2,0,0.345,20000,0.9945,0.0055,0.1146,4.301,3.858,0.2316,0.3873,1.5455,1.2067,0.8218,20.7014,5.1377,1,1,1,0
g4scan,rq4graded,5.25,-1.0,eb154,0.154,1,4.4,0,0.38,20000,0.9614,0.0386,0.1175,4.507,4.015,0.2009,0.619,1.5329,1.0717,0.7684,20.7255,4.6357,1,1,1,0
g4scan,rq4graded,5.25,-1.0,eb0482,0.0482,1,4.4,0,0.405,20000,0.9945,0.0055,0.2248,4.177,3.763,0.2268,0.4999,1.5415,1.4556,0.7599,20.7775,6.6581,1,1,1,0
g4scan,rq4graded,5.75,-1.0,eb0482,0.0482,1,4.8,0,0.41,20000,0.9818,0.0182,0.2572,5.019,4.405,0.2015,1.8688,0.6816,0.9086,0.4715,20.8686,6.7022,1,1,1,0
g4scan,rq4graded,5.25,-1.0,eb0482,0.0482,1,4.8,0,0.37,20000,0.9945,0.0055,0.1621,4.274,3.837,0.229,0.3429,1.5546,1.3295,0.7949,20.896,5.7955,1,1,1,0
g4scan,rq4graded,5.25,-1.0,eb154,0.154,1,4.8,0,0.35,20000,0.9614,0.0386,0.0708,4.568,4.061,0.1947,0.6816,1.5367,0.9249,0.7989,20.946,4.8263,1,1,1,0
g4scan,rq4graded,5.75,-1.0,eb0482,0.0482,1,6.0,0,0.34,20000,0.9818,0.0182,0.1618,4.807,4.243,0.2322,0.8463,0.6546,0.7319,0.5324,20.959,6.7467,1,1,1,0
g4scan,rq4graded,5.75,-1.0,eb1168,0.11675778353879479,0,5.2,0,0.37,20000,0.9113,0.0887,0.1812,4.427,3.954,0.2199,0.6664,0.6495,0.5447,0.4972,21.0113,8.6023,1,1,1,0
g4scan,rq4graded,5.75,-1.0,eb154,0.154,1,5.6,0,0.34,20000,0.8749,0.1251,0.1061,4.308,3.863,0.2217,0.6159,0.6474,0.4663,0.5346,21.0691,9.6479,1,1,1,0
g4scan,rq4graded,5.75,-1.0,eb154,0.154,1,4.8,0,0.39,20000,0.8749,0.1251,0.1914,4.298,3.855,0.2133,0.7267,0.6494,0.5463,0.4785,21.1212,8.6874,1,1,1,0
g4scan,rq4graded,5.75,-1.0,eb0482,0.0482,1,6.4,0,0.325,20000,0.9818,0.0182,0.1338,4.739,4.191,0.2399,0.5846,0.6429,0.6841,0.5507,21.3408,6.9015,1,1,1,0
g4scan,rq4graded,5.75,-1.0,eb0482,0.0482,1,5.6,0,0.36,20000,0.9818,0.0182,0.1991,4.829,4.26,0.2257,1.1409,0.6563,0.7813,0.507,21.3497,6.7773,1,1,1,0
g4scan,rq4graded,5.25,-1.0,eb1168,0.11675778353879479,0,4.8,0,0.355,20000,0.9732,0.0268,0.0911,4.51,4.017,0.2056,0.5604,1.5593,1.0723,0.8042,21.4099,4.6596,1,1,1,0
g4scan,rq4graded,5.25,-1.0,eb1168,0.11675778353879479,0,4.4,0,0.385,20000,0.9732,0.0268,0.1393,4.475,3.99,0.2057,0.5203,1.5636,1.2242,0.7756,21.4677,5.5569,1,1,1,0
g4scan,rq4graded,5.75,-1.0,eb1168,0.11675778353879479,0,6.8,1,0.3,20000,0.9113,0.0887,0.0437,4.412,3.942,0.2199,0.6032,0.6404,0.4248,0.6004,21.5491,10.371,1,1,1,0
g4scan,rq4graded,5.25,-1.0,eb154,0.154,1,4.0,0,0.415,20000,0.9614,0.0386,0.157,4.57,4.063,0.1942,0.6765,1.5586,1.277,0.7474,21.5879,6.1094,1,1,1,0
g4scan,rq4graded,5.75,-1.0,eb1168,0.11675778353879479,0,6.0,0,0.33,20000,0.9113,0.0887,0.1101,4.358,3.901,0.2327,0.4631,0.6351,0.48,0.5434,21.6878,9.3112,1,1,1,0
g4scan,rq4graded,5.75,-1.0,eb1168,0.11675778353879479,0,4.8,0,0.4,20000,0.9113,0.0887,0.2288,4.414,3.944,0.2137,0.9148,0.6455,0.5975,0.4661,21.7196,8.4184,1,1,1,0
g4scan,rq4graded,5.25,-1.0,eb0482,0.0482,1,6.0,0,0.305,20000,0.9945,0.0055,0.03,4.495,4.005,0.2006,0.6426,1.5683,1.0288,0.8868,21.8152,4.5481,1,1,1,0
g4scan,rq4graded,5.25,-1.0,eb0482,0.0482,1,4.4,0,0.4,20000,0.9945,0.0055,0.2028,4.306,3.861,0.2223,0.5124,1.5775,1.4875,0.7735,21.8592,6.9998,1,1,1,0
g4scan,rq4graded,5.25,-1.0,eb1168,0.11675778353879479,0,5.2,0,0.33,20000,0.9732,0.0268,0.0471,4.599,4.085,0.1918,0.6711,1.5698,0.9481,0.8372,21.9098,4.7831,1,1,1,0
g4scan,rq4graded,5.25,-1.0,eb154,0.154,1,4.4,0,0.375,20000,0.9614,0.0386,0.0979,4.662,4.133,0.1924,0.6597,1.5724,1.1099,0.7825,21.9665,5.1402,1,1,1,0
g4scan,rq4graded,5.75,-1.0,eb0482,0.0482,1,5.2,0,0.385,20000,0.9818,0.0182,0.2408,4.85,4.276,0.2145,1.5002,0.656,0.8357,0.4796,21.9906,6.9279,1,1,1,0
g4scan,rq4graded,5.75,-1.0,eb1168,0.11675778353879479,0,5.6,0,0.35,20000,0.9113,0.0887,0.1552,4.326,3.876,0.2302,0.4969,0.6308,0.5056,0.5121,22.0629,9.0478,1,1,1,0
g4scan,rq4graded,5.75,-1.0,eb154,0.154,1,5.2,0,0.365,20000,0.8749,0.1251,0.1608,4.213,3.79,0.223,0.6158,0.6335,0.5094,0.4962,22.0664,9.17,1,1,1,0
g4scan,rq4graded,5.25,-1.0,eb0482,0.0482,1,5.2,0,0.34,20000,0.9945,0.0055,0.0902,4.47,3.986,0.2199,0.4132,1.594,1.2409,0.8399,22.1687,5.6039,1,1,1,0
g4scan,rq4graded,5.25,-1.0,eb0482,0.0482,1,4.8,0,0.365,20000,0.9945,0.0055,0.1383,4.423,3.951,0.221,0.3752,1.5969,1.3615,0.8108,22.1846,6.2138,1,1,1,0
g4scan,rq4graded,5.75,-1.0,eb1168,0.11675778353879479,0,6.4,0,0.315,20000,0.9113,0.0887,0.0802,4.335,3.884,0.2334,0.5028,0.6288,0.4363,0.5657,22.2195,10.1347,1,1,1,0
g4scan,rq4graded,5.75,-1.0,eb154,0.154,1,6.8,1,0.295,20000,0.8749,0.1251,0.0251,4.313,3.867,0.1989,0.8588,0.6371,0.3829,0.6088,22.2312,11.5995,1,1,1,0
g4scan,rq4graded,5.25,-1.0,eb0482,0.0482,1,5.6,0,0.32,20000,0.9945,0.0055,0.0523,4.51,4.017,0.2106,0.5239,1.5898,1.1298,0.8674,22.2371,5.1076,1,1,1,0
g4scan,rq4graded,5.75,-1.0,eb0482,0.0482,1,4.8,0,0.415,20000,0.9818,0.0182,0.2754,4.913,4.324,0.2024,1.8914,0.6611,0.8969,0.4576,22.3092,7.0522,1,1,1,0
g4scan,rq4graded,5.25,-1.0,eb1168,0.11675778353879479,0,4.0,0,0.42,20000,0.9732,0.0268,0.1755,4.559,4.054,0.1979,0.6611,1.5939,1.4385,0.7568,22.594,7.0952,1,1,1,0
g4scan,rq4graded,5.25,-1.0,eb1168,0.11675778353879479,0,4.4,0,0.38,20000,0.9732,0.0268,0.1179,4.624,4.103,0.1998,0.5538,1.6017,1.2626,0.7897,22.6325,6.0087,1,1,1,0
g4scan,rq4graded,5.75,-1.0,eb154,0.154,1,6.0,0,0.325,20000,0.8749,0.1251,0.0862,4.206,3.785,0.2276,0.6485,0.6251,0.4355,0.5472,22.7394,10.4452,1,1,1,0
g4scan,rq4graded,5.75,-1.0,eb154,0.154,1,4.8,0,0.395,20000,0.8749,0.1251,0.2127,4.163,3.752,0.2176,0.7101,0.6257,0.5367,0.463,22.8017,9.0509,1,1,1,0
g4scan,rq4graded,5.75,-1.0,eb1168,0.11675778353879479,0,5.2,0,0.375,20000,0.9113,0.0887,0.2044,4.285,3.846,0.2255,0.6505,0.6239,0.5326,0.4794,22.8321,9.0229,1,1,1,0
g4scan,rq4graded,5.25,-1.0,eb1168,0.11675778353879479,0,4.8,0,0.35,20000,0.9732,0.0268,0.0715,4.679,4.146,0.1937,0.6063,1.606,1.1092,0.8203,22.8454,5.1926,1,1,1,0
g4scan,rq4graded,5.25,-1.0,eb0482,0.0482,1,4.4,0,0.395,20000,0.9945,0.0055,0.1812,4.437,3.961,0.2177,0.5299,1.6139,1.522,0.7869,22.9413,7.3582,1,1,1,0
g4scan,rq4graded,5.75,-1.0,eb0482,0.0482,1,6.0,0,0.345,20000,0.9818,0.0182,0.1887,4.656,4.128,0.2388,0.8498,0.6264,0.719,0.5102,22.9921,7.1956,1,1,1,0
g4scan,rq4graded,5.75,-1.0,eb0482,0.0482,1,6.8,1,0.315,20000,0.9818,0.0182,0.124,4.582,4.071,0.2525,0.3478,0.6142,0.6323,0.5535,23.0283,7.376,1,1,1,0
g4scan,rq4graded,5.75,-1.0,eb0482,0.0482,1,5.6,0,0.365,20000,0.9818,0.0182,0.2243,4.695,4.158,0.2279,1.1637,0.6312,0.7689,0.4877,23.1794,7.2099,1,1,1,0
g4scan,rq4graded,5.75,-1.0,eb154,0.154,1,6.4,0,0.31,20000,0.8749,0.1251,0.0558,4.208,3.786,0.2234,0.7418,0.621,0.4381,0.572,23.2023,10.6129,1,1,1,0
g4scan,rq4graded,5.75,-1.0,eb154,0.154,1,5.6,0,0.345,20000,0.8749,0.1251,0.1312,4.139,3.734,0.2318,0.5911,0.617,0.456,0.5136,23.2379,10.1078,1,1,1,0
g4scan,rq4graded,5.75,-1.0,eb1168,0.11675778353879479,0,4.8,0,0.405,20000,0.9113,0.0887,0.2494,4.291,3.85,0.2164,0.9108,0.6234,0.5848,0.4512,23.3188,8.8146,1,1,1,0
g4scan,rq4graded,5.25,-1.0,eb0482,0.0482,1,4.8,0,0.36,20000,0.9945,0.0055,0.1143,4.579,4.069,0.2133,0.4065,1.6405,1.3968,0.8272,23.4802,6.6446,1,1,1,0
g4scan,rq4graded,5.75,-1.0,eb0482,0.0482,1,6.4,0,0.33,20000,0.9818,0.0182,0.1647,4.572,4.064,0.248,0.5865,0.6128,0.6705,0.5247,23.5465,7.3913,1,1,1,0
g4scan,rq4graded,5.25,-1.0,eb1168,0.11675778353879479,0,4.0,0,0.415,20000,0.9732,0.0268,0.1574,4.688,4.153,0.1931,0.695,1.6268,1.4748,0.7684,23.5904,7.4786,1,1,1,0
g4scan,rq4graded,5.75,-1.0,eb0482,0.0482,1,5.2,0,0.39,20000,0.9818,0.0182,0.2616,4.731,4.185,0.2166,1.5189,0.6332,0.8236,0.4635,23.647,7.3181,1,1,1,0
g4scan,rq4graded,5.25,-1.0,eb0482,0.0482,1,5.2,0,0.335,20000,0.9945,0.0055,0.0685,4.645,4.12,0.2058,0.4548,1.6445,1.2775,0.8581,23.6748,6.108,1,1,1,0
g4scan,rq4graded,5.75,-1.0,eb0482,0.0482,1,4.8,0,0.42,20000,0.9818,0.0182,0.293,4.811,4.246,0.2032,1.9169,0.6416,0.8861,0.4441,23.7325,7.3983,1,1,1,0
g4scan,rq4graded,5.25,-1.0,eb1168,0.11675778353879479,0,4.4,0,0.375,20000,0.9732,0.0268,0.0984,4.778,4.221,0.1914,0.6015,1.6418,1.3002,0.8039,23.8534,6.4796,1,1,1,0
g4scan,rq4graded,5.75,-1.0,eb1168,0.11675778353879479,0,6.0,0,0.335,20000,0.9113,0.0887,0.1387,4.185,3.769,0.2416,0.4393,0.6045,0.4568,0.5199,23.9208,9.9761,1,1,1,0
g4scan,rq4graded,5.75,-1.0,eb154,0.154,1,5.2,0,0.37,20000,0.8749,0.1251,0.1852,4.063,3.676,0.2289,0.5981,0.6071,0.5005,0.4779,23.9968,9.5705,1,1,1,0
g4scan,rq4graded,5.25,-1.0,eb0482,0.0482,1,4.4,0,0.39,20000,0.9945,0.0055,0.1613,4.572,4.064,0.2092,0.5629,1.6513,1.5571,0.8006,24.0501,7.7429,1,1,1,0
g4scan,rq4graded,5.75,-1.0,eb1168,0.11675778353879479,0,5.6,0,0.355,20000,0.9113,0.0887,0.1817,4.17,3.757,0.237,0.4797,0.6033,0.4953,0.4915,24.0845,9.484,1,1,1,0
g4scan,rq4graded,5.75,-1.0,eb1168,0.11675778353879479,0,6.8,1,0.305,20000,0.9113,0.0887,0.0681,4.21,3.788,0.2399,0.589,0.6023,0.4153,0.5726,24.3463,10.9464,1,1,1,0
g4scan,rq4graded,5.75,-1.0,eb154,0.154,1,4.8,0,0.4,20000,0.8749,0.1251,0.2341,4.035,3.655,0.2222,0.7,0.604,0.5247,0.4476,24.4073,9.448,1,1,1,0
g4scan,rq4graded,5.75,-1.0,eb1168,0.11675778353879479,0,5.2,0,0.38,20000,0.9113,0.0887,0.2282,4.15,3.742,0.2305,0.6451,0.6001,0.5222,0.4615,24.6086,9.4321,1,1,1,0
g4scan,rq4graded,5.75,-1.0,eb1168,0.11675778353879479,0,6.4,0,0.32,20000,0.9113,0.0887,0.1077,4.148,3.741,0.2468,0.4766,0.5946,0.4261,0.5402,24.7426,10.6573,1,1,1,0
g4scan,rq4graded,5.25,-1.0,eb0482,0.0482,1,4.8,0,0.355,20000,0.9945,0.0055,0.0925,4.741,4.193,0.2035,0.4481,1.6863,1.4353,0.8434,24.8187,7.1093,1,1,1,0
g4scan,rq4graded,5.75,-1.0,eb1168,0.11675778353879479,0,4.8,0,0.41,20000,0.9113,0.0887,0.27,4.175,3.762,0.2175,0.9152,0.6029,0.5727,0.4367,24.8618,9.2115,1,1,1,0
g4scan,rq4graded,5.75,-1.0,eb0482,0.0482,1,6.0,0,0.35,20000,0.9818,0.0182,0.2165,4.51,4.017,0.2428,0.8674,0.6001,0.7076,0.4885,24.9924,7.6466,1,1,1,0
g4scan,rq4graded,5.75,-1.0,eb0482,0.0482,1,5.6,0,0.37,20000,0.9818,0.0182,0.2493,4.564,4.058,0.2299,1.1914,0.6073,0.7575,0.4685,25.0091,7.6424,1,1,1,0
g4scan,rq4graded,5.25,-1.0,eb0482,0.0482,1,4.4,0,0.385,20000,0.9945,0.0055,0.1402,4.714,4.172,0.2037,0.5935,1.6904,1.5948,0.8145,25.1801,8.1348,1,1,1,0
g4scan,rq4graded,5.75,-1.0,eb154,0.154,1,6.0,0,0.33,20000,0.8749,0.1251,0.1122,4.021,3.644,0.2409,0.6306,0.5922,0.4286,0.5237,25.1998,10.9162,1,1,1,0
g4scan,rq4graded,5.75,-1.0,eb0482,0.0482,1,5.2,0,0.395,20000,0.9818,0.0182,0.2825,4.62,4.1,0.2172,1.55,0.6129,0.8121,0.4477,25.2003,7.7063,1,1,1,0
g4scan,rq4graded,5.25,-1.0,eb0482,0.0482,1,5.2,0,0.33,20000,0.9945,0.0055,0.0484,4.825,4.257,0.1908,0.5029,1.697,1.3129,0.8766,25.2032,6.6123,1,1,1,0
g4scan,rq4graded,5.75,-1.0,eb154,0.154,1,6.8,1,0.3,20000,0.8749,0.1251,0.0439,4.1,3.704,0.2263,0.8532,0.597,0.3674,0.5807,25.2106,12.349,1,1,1,0
g4scan,rq4graded,5.75,-1.0,eb0482,0.0482,1,6.8,1,0.32,20000,0.9818,0.0182,0.1574,4.405,3.937,0.2615,0.3465,0.5834,0.6188,0.5253,25.3952,7.8972,1,1,1,0
g4scan,rq4graded,5.75,-1.0,eb154,0.154,1,5.6,0,0.35,20000,0.8749,0.1251,0.1588,3.973,3.607,0.239,0.5761,0.5883,0.4452,0.4925,25.4056,10.5954,1,1,1,0
g4scan,rq4graded,5.75,-1.0,eb0482,0.0482,1,6.4,0,0.335,20000,0.9818,0.0182,0.1943,4.414,3.944,0.2534,0.5923,0.5849,0.6572,0.5012,25.7026,7.8778,1,1,1,0
g4scan,rq4graded,5.75,-1.0,eb154,0.154,1,6.4,0,0.315,20000,0.8749,0.1251,0.0814,4.011,3.636,0.2404,0.7387,0.586,0.3831,0.5462,25.8658,11.9828,1,1,1,0
g4scan,rq4graded,5.75,-1.0,eb154,0.154,1,5.2,0,0.375,20000,0.8749,0.1251,0.2087,3.919,3.567,0.2356,0.5801,0.5824,0.4919,0.4604,25.8781,9.9611,1,1,1,0
g4scan,rq4graded,5.75,-1.0,eb1168,0.11675778353879479,0,5.6,0,0.36,20000,0.9113,0.0887,0.208,4.022,3.645,0.2436,0.4679,0.5781,0.4847,0.4714,26.0276,9.9221,1,1,1,0
g4scan,rq4graded,5.75,-1.0,eb154,0.154,1,4.8,0,0.405,20000,0.8749,0.1251,0.2558,3.911,3.56,0.2258,0.6942,0.5827,0.514,0.4323,26.0472,9.8417,1,1,1,0
g4scan,rq4graded,5.75,-1.0,eb1168,0.11675778353879479,0,6.0,0,0.34,20000,0.9113,0.0887,0.1677,4.019,3.643,0.2495,0.4205,0.5753,0.445,0.4971,26.1667,10.486,1,1,1,0
g4scan,rq4graded,5.25,-1.0,eb0482,0.0482,1,4.8,0,0.35,20000,0.9945,0.0055,0.0727,4.911,4.322,0.1916,0.5062,1.7342,1.4755,0.8599,26.2075,7.609,1,1,1,0
g4scan,rq4graded,5.25,-1.0,eb0482,0.0482,1,4.4,0,0.38,20000,0.9945,0.0055,0.1193,4.861,4.285,0.1972,0.6311,1.7299,1.633,0.8288,26.3081,8.5354,1,1,1,0
g4scan,rq4graded,5.75,-1.0,eb1168,0.11675778353879479,0,5.2,0,0.385,20000,0.9113,0.0887,0.2516,4.021,3.645,0.2331,0.6457,0.5781,0.5115,0.4449,26.3312,9.8492,1,1,1,0
g4scan,rq4graded,5.75,-1.0,eb1168,0.11675778353879479,0,4.8,0,0.415,20000,0.9113,0.0887,0.2889,4.064,3.677,0.2203,0.9133,0.5832,0.5613,0.4229,26.3862,9.589,1,1,1,0
g4scan,rq4graded,5.25,-1.0,eb0482,0.0482,1,4.0,0,0.42,20000,0.9945,0.0055,0.1759,4.8,4.238,0.1954,0.936,1.7204,1.8149,0.7958,26.581,9.7855,1,1,1,0
g4scan,rq4graded,5.75,-1.0,eb0482,0.0482,1,5.6,0,0.375,20000,0.9818,0.0182,0.2728,4.441,3.964,0.2314,1.2187,0.5852,0.7455,0.4506,26.7582,8.0695,1,1,1,0
g4scan,rq4graded,5.75,-1.0,eb0482,0.0482,1,5.2,0,0.4,20000,0.9818,0.0182,0.303,4.51,4.016,0.218,1.581,0.593,0.801,0.4322,26.7756,8.0952,1,1,1,0
g4scan,rq4graded,5.75,-1.0,eb0482,0.0482,1,6.0,0,0.355,20000,0.9818,0.0182,0.2451,4.371,3.911,0.2429,0.9019,0.5762,0.696,0.4675,26.9243,8.117,1,1,1,0
g4scan,rq4graded,5.75,-1.0,eb1168,0.11675778353879479,0,6.8,1,0.31,20000,0.9113,0.0887,0.0965,4.014,3.639,0.2565,0.5983,0.5673,0.407,0.5449,27.1164,11.5351,1,1,1,0
g4scan,rq4graded,5.75,-1.0,eb1168,0.11675778353879479,0,6.4,0,0.325,20000,0.9113,0.0887,0.1386,3.97,3.605,0.2568,0.4591,0.5636,0.4179,0.5148,27.178,11.15,1,1,1,0
g4scan,rq4graded,5.75,-1.0,eb154,0.154,1,5.6,0,0.355,20000,0.8749,0.1251,0.1857,3.815,3.488,0.246,0.5618,0.562,0.4338,0.4724,27.4877,11.0823,1,1,1,0
g4scan,rq4graded,5.75,-1.0,eb154,0.154,1,6.0,0,0.335,20000,0.8749,0.1251,0.1406,3.847,3.512,0.251,0.6213,0.5629,0.423,0.5009,27.519,11.3563,1,1,1,0
g4scan,rq4graded,5.25,-1.0,eb0482,0.0482,1,4.0,0,0.415,20000,0.9945,0.0055,0.1587,4.927,4.334,0.1904,0.968,1.7539,1.8516,0.8072,27.5259,10.1232,1,1,1,0
g4scan,rq4graded,5.75,-1.0,eb0482,0.0482,1,6.8,1,0.325,20000,0.9818,0.0182,0.1907,4.241,3.812,0.2675,0.3586,0.5553,0.6068,0.4991,27.6912,8.4116,1,1,1,0
g4scan,rq4graded,5.75,-1.0,eb0482,0.0482,1,6.4,0,0.34,20000,0.9818,0.0182,0.225,4.265,3.83,0.2569,0.6179,0.5591,0.6463,0.4777,27.8212,8.3649,1,1,1,0
g4scan,rq4graded,5.0,-1.0,eb154,0.154,1,6.0,0,0.305,20000,0.9839,0.0161,0.0361,3.85,3.514,0.2256,1.123,1.755,0.9424,0.9136,27.8216,6.4158,1,1,1,0
g4scan,rq4graded,5.75,-1.0,eb1168,0.11675778353879479,0,4.8,0,0.42,20000,0.9113,0.0887,0.3082,3.955,3.594,0.2212,0.9184,0.5651,0.5501,0.4093,27.8455,9.9684,1,1,1,0
g4scan,rq4graded,5.75,-1.0,eb1168,0.11675778353879479,0,5.6,0,0.365,20000,0.9113,0.0887,0.2343,3.88,3.537,0.2473,0.4632,0.5542,0.4759,0.4525,27.9617,10.3481,1,1,1,0
g4scan,rq4graded,5.75,-1.0,eb1168,0.11675778353879479,0,5.2,0,0.39,20000,0.9113,0.0887,0.2741,3.898,3.551,0.2356,0.6467,0.5575,0.5011,0.4288,28.004,10.2573,1,1,1,0
g4scan,rq4graded,5.0,-1.0,eb154,0.154,1,5.6,0,0.32,20000,0.9839,0.0161,0.0632,3.839,3.506,0.2357,1.0,1.7751,0.9741,0.895,28.1334,6.0452,1,1,1,0
g4scan,rq4graded,5.75,-1.0,eb154,0.154,1,6.8,1,0.305,20000,0.8749,0.1251,0.0689,3.894,3.547,0.2475,0.8776,0.56,0.3617,0.553,28.1917,12.9607,1,1,1,0
g4scan,rq4graded,5.75,-1.0,eb1168,0.11675778353879479,0,6.0,0,0.345,20000,0.9113,0.0887,0.1964,3.862,3.523,0.2583,0.4048,0.5491,0.4339,0.4747,28.2853,10.9718,1,1,1,0
g4scan,rq4graded,5.75,-1.0,eb0482,0.0482,1,5.2,0,0.405,20000,0.9818,0.0182,0.3227,4.405,3.937,0.2169,1.6158,0.5744,0.7899,0.4174,28.2997,8.4836,1,1,1,0
g4scan,rq4graded,5.0,-1.0,eb154,0.154,1,6.4,0,0.29,20000,0.9839,0.0161,0.013,3.962,3.599,0.1906,1.218,1.7675,0.8277,0.9399,28.3127,7.5613,1,1,1,0
g4scan,rq4graded,5.75,-1.0,eb0482,0.0482,1,5.6,0,0.38,20000,0.9818,0.0182,0.2958,4.321,3.873,0.2326,1.2475,0.5643,0.7339,0.4331,28.4801,8.4918,1,1,1,0
g4scan,rq4graded,5.75,-1.0,eb154,0.154,1,6.4,0,0.32,20000,0.8749,0.1251,0.1093,3.822,3.493,0.2554,0.755,0.5535,0.3723,0.5208,28.523,12.6235,1,1,1,0
g4scan,rq4graded,5.75,-1.0,eb0482,0.0482,1,6.0,0,0.36,20000,0.9818,0.0182,0.2707,4.242,3.812,0.2453,0.9276,0.5536,0.6849,0.4478,28.8087,8.5635,1,1,1,0
g4scan,rq4graded,5.0,-1.0,eb154,0.154,1,4.8,0,0.36,20000,0.9839,0.0161,0.1334,3.857,3.519,0.2368,0.7031,1.8232,1.3626,0.8584,28.8514,7.7426,1,1,1,0
g4scan,rq4graded,5.0,-1.0,eb154,0.154,1,4.4,0,0.39,20000,0.9839,0.0161,0.184,3.822,3.493,0.2359,0.5752,1.8339,1.6008,0.8339,28.8981,8.7129,1,1,1,0
g4scan,rq4graded,5.0,-1.0,eb154,0.154,1,5.2,0,0.335,20000,0.9839,0.0161,0.0807,3.95,3.59,0.2303,0.8423,1.8273,1.1844,0.8869,29.1944,6.9993,1,1,1,0
g4scan,rq4graded,5.0,-1.0,eb154,0.154,1,6.0,0,0.3,20000,0.9839,0.0161,0.0199,4.057,3.672,0.1959,1.0942,1.8164,0.9987,0.9331,29.3531,6.1964,1,1,1,0
g4scan,rq4graded,5.0,-1.0,eb154,0.154,1,5.6,0,0.315,20000,0.9839,0.0161,0.0417,4.036,3.656,0.2144,0.9723,1.8307,1.0285,0.9133,29.504,6.2304,1,1,1,0
g4scan,rq4graded,5.0,-1.0,eb1168,0.11675778353879479,0,6.0,0,0.305,20000,0.9889,0.0111,0.037,3.886,3.541,0.2266,1.0798,1.8262,1.01,0.9352,29.5772,6.2714,1,1,1,0
g4scan,rq4graded,5.75,-1.0,eb0482,0.0482,1,5.2,0,0.41,20000,0.9818,0.0182,0.3415,4.306,3.862,0.2173,1.6515,0.5573,0.7799,0.4027,29.7562,8.8542,1,1,1,0
g4scan,rq4graded,5.75,-1.0,eb1168,0.11675778353879479,0,6.8,1,0.315,20000,0.9113,0.0887,0.1281,3.827,3.496,0.2694,0.6059,0.5357,0.3921,0.5179,29.7706,12.2265,1,1,1,0
g4scan,rq4graded,5.0,-1.0,eb154,0.154,1,4.4,0,0.385,20000,0.9839,0.0161,0.1622,3.962,3.599,0.2273,0.5966,1.8695,1.6511,0.8463,29.8217,9.1095,1,1,1,0
g4scan,rq4graded,5.75,-1.0,eb0482,0.0482,1,6.4,0,0.345,20000,0.9818,0.0182,0.2547,4.124,3.723,0.2591,0.6474,0.5354,0.635,0.4553,29.8692,8.8534,1,1,1,0
g4scan,rq4graded,5.0,-1.0,eb1168,0.11675778353879479,0,5.6,0,0.32,20000,0.9889,0.0111,0.0642,3.88,3.537,0.2358,0.9529,1.8473,1.165,0.9169,29.8864,7.1531,1,1,1,0
g4scan,rq4graded,5.75,-1.0,eb0482,0.0482,1,6.8,1,0.33,20000,0.9818,0.0182,0.224,4.086,3.694,0.2707,0.384,0.5295,0.5952,0.4739,29.9175,8.9339,1,1,1,0
g4scan,rq4graded,5.0,-1.0,eb154,0.154,1,4.8,0,0.355,20000,0.9839,0.0161,0.1081,4.024,3.647,0.2271,0.7084,1.8672,1.4185,0.8735,29.9558,8.2097,1,1,1,0
g4scan,rq4graded,5.0,-1.0,eb1168,0.11675778353879479,0,6.4,0,0.29,20000,0.9889,0.0111,0.0135,3.999,3.627,0.1915,1.1766,1.8392,0.8979,0.9619,30.0692,7.1906,1,1,1,0
g4scan,rq4graded,5.75,-1.0,eb0482,0.0482,1,5.6,0,0.385,20000,0.9818,0.0182,0.3186,4.21,3.788,0.2314,1.2903,0.5458,0.7234,0.4162,30.0936,8.9097,1,1,1,0
g4scan,rq4graded,5.0,-1.0,eb154,0.154,1,4.0,0,0.42,20000,0.9839,0.0161,0.2016,4.02,3.644,0.2192,0.5564,1.8976,1.9667,0.829,30.4374,10.3973,1,1,1,0
g4scan,rq4graded,5.0,-1.0,eb154,0.154,1,5.2,0,0.33,20000,0.9839,0.0161,0.0591,4.136,3.732,0.2135,0.8423,1.878,1.2427,0.9034,30.4532,7.5386,1,1,1,0
g4scan,rq4graded,5.0,-1.0,eb1168,0.11675778353879479,0,4.8,0,0.36,20000,0.9889,0.0111,0.135,3.898,3.55,0.2366,0.6526,1.8938,1.5802,0.8799,30.5113,8.9856,1,1,1,0
g4scan,rq4graded,5.0,-1.0,eb1168,0.11675778353879479,0,4.4,0,0.39,20000,0.9889,0.0111,0.1855,3.863,3.524,0.2353,0.5299,1.9037,1.8199,0.8555,30.5394,9.8186,1,1,1,0
g4scan,rq4graded,5.75,-1.0,eb0482,0.0482,1,6.0,0,0.365,20000,0.9818,0.0182,0.2967,4.118,3.718,0.2454,0.9656,0.5329,0.6739,0.4285,30.6279,9.0179,1,1,1,0
g4scan,rq4graded,5.0,-1.0,eb154,0.154,1,4.4,0,0.38,20000,0.9839,0.0161,0.1397,4.11,3.712,0.2189,0.6179,1.9061,1.7085,0.8594,30.7506,9.53,1,1,1,0
g4scan,rq4graded,5.0,-1.0,eb0482,0.0482,1,6.8,1,0.285,20000,0.9979,0.0021,0.0157,3.83,3.499,0.2178,1.2173,1.8678,1.0974,0.9934,30.8498,7.2669,1,1,1,0
g4scan,rq4graded,5.0,-1.0,eb1168,0.11675778353879479,0,5.2,0,0.335,20000,0.9889,0.0111,0.0823,3.988,3.619,0.2305,0.7961,1.8982,1.3839,0.9085,30.8665,8.3049,1,1,1,0
g4scan,rq4graded,5.0,-1.0,eb154,0.154,1,4.8,0,0.35,20000,0.9839,0.0161,0.0859,4.191,3.774,0.2147,0.7249,1.9102,1.4765,0.8882,31.0323,8.6884,1,1,1,0
g4scan,rq4graded,5.0,-1.0,eb1168,0.11675778353879479,0,6.0,0,0.3,20000,0.9889,0.0111,0.0204,4.096,3.701,0.1971,1.0496,1.8888,1.0652,0.9549,31.0761,6.8406,1,1,1,0
g4scan,rq4graded,5.0,-1.0,eb1168,0.11675778353879479,0,5.6,0,0.315,20000,0.9889,0.0111,0.0424,4.075,3.685,0.215,0.9284,1.9017,1.2218,0.9352,31.1787,7.6579,1,1,1,0
g4scan,rq4graded,5.75,-1.0,eb0482,0.0482,1,5.2,0,0.415,20000,0.9818,0.0182,0.3611,4.21,3.788,0.2143,1.7004,0.541,0.7697,0.3882,31.2048,9.2462,1,1,1,0
g4scan,rq4graded,5.0,-1.0,eb154,0.154,1,4.0,0,0.415,20000,0.9839,0.0161,0.1815,4.15,3.743,0.2131,0.5783,1.9286,2.0237,0.8401,31.2202,10.7558,1,1,1,0
g4scan,rq4graded,6.0,-1.0,eb1168,0.11675778353879479,0,6.0,0,0.33,20000,0.8706,0.1294,0.0828,5.085,4.455,0.1954,0.9027,0.5228,0.5388,0.4469,31.4022,10.6461,1,1,1,0
g4scan,rq4graded,5.0,-1.0,eb1168,0.11675778353879479,0,4.4,0,0.385,20000,0.9889,0.0111,0.1635,4.005,3.632,0.2268,0.5526,1.9405,1.8701,0.8681,31.4587,10.1899,1,1,1,0
g4scan,rq4graded,5.0,-1.0,eb0482,0.0482,1,6.4,0,0.295,20000,0.9979,0.0021,0.0276,3.862,3.523,0.2292,1.1125,1.9017,1.2251,0.9819,31.4972,7.9998,1,1,1,0
g4scan,rq4graded,6.0,-1.0,eb1168,0.11675778353879479,0,6.4,0,0.315,20000,0.8706,0.1294,0.0578,5.031,4.414,0.195,0.7989,0.5191,0.4844,0.4697,31.5458,11.2757,1,1,1,0
g4scan,rq4graded,5.0,-1.0,eb1168,0.11675778353879479,0,4.8,0,0.355,20000,0.9889,0.0111,0.1098,4.064,3.677,0.2264,0.6639,1.9379,1.6332,0.8951,31.5897,9.4061,1,1,1,0
g4scan,rq4graded,5.0,-1.0,eb154,0.154,1,4.4,0,0.375,20000,0.9839,0.0161,0.1169,4.265,3.83,0.2112,0.6367,1.9436,1.7663,0.8728,31.6781,9.9401,1,1,1,0
g4scan,rq4graded,5.75,-1.0,eb0482,0.0482,1,5.6,0,0.39,20000,0.9818,0.0182,0.3401,4.104,3.708,0.2305,1.3313,0.5278,0.7136,0.3999,31.7018,9.3176,1,1,1,0
g4scan,rq4graded,5.0,-1.0,eb154,0.154,1,5.2,0,0.325,20000,0.9839,0.0161,0.0398,4.327,3.878,0.1942,0.8581,1.9293,1.2987,0.9203,31.7217,8.0751,1,1,1,0
g4scan,rq4graded,5.75,-1.0,eb0482,0.0482,1,6.4,0,0.35,20000,0.9818,0.0182,0.2844,3.989,3.62,0.2588,0.6877,0.5136,0.6232,0.4335,31.8485,9.3551,1,1,1,0
g4scan,rq4graded,5.0,-1.0,eb154,0.154,1,4.0,0,0.41,20000,0.9839,0.0161,0.1631,4.282,3.843,0.2055,0.6072,1.9605,2.0788,0.8509,32.0258,11.1162,1,1,1,0
g4scan,rq4graded,6.0,-1.0,eb1168,0.11675778353879479,0,5.6,0,0.35,20000,0.8706,0.1294,0.1186,5.085,4.454,0.1962,1.0453,0.5181,0.5435,0.4162,32.0676,10.8983,1,1,1,0
g4scan,rq4graded,5.0,-1.0,eb1168,0.11675778353879479,0,4.0,0,0.42,20000,0.9889,0.0111,0.2027,4.065,3.678,0.2188,0.5208,1.9689,2.1957,0.8508,32.0731,11.3868,1,1,1,0
g4scan,rq4graded,5.0,-1.0,eb1168,0.11675778353879479,0,5.2,0,0.33,20000,0.9889,0.0111,0.0603,4.174,3.761,0.2133,0.7988,1.9487,1.4457,0.9252,32.0801,8.8101,1,1,1,0
g4scan,rq4graded,5.75,-1.0,eb0482,0.0482,1,6.8,1,0.335,20000,0.9818,0.0182,0.2572,3.937,3.58,0.2725,0.4188,0.5056,0.5834,0.4491,32.108,9.469,1,1,1,0
g4scan,rq4graded,6.0,-1.0,eb154,0.154,1,5.2,0,0.365,20000,0.8139,0.1861,0.1253,4.816,4.25,0.1949,0.9969,0.5166,0.5699,0.4015,32.1148,10.495,1,1,1,0
g4scan,rq4graded,5.0,-1.0,eb154,0.154,1,4.8,0,0.345,20000,0.9839,0.0161,0.0659,4.365,3.906,0.2,0.7461,1.9547,1.5344,0.9032,32.1285,9.1654,1,1,1,0
g4scan,rq4graded,6.0,-1.0,eb154,0.154,1,6.0,0,0.325,20000,0.8139,0.1861,0.0639,4.751,4.2,0.1931,0.8549,0.5136,0.5043,0.4526,32.133,11.1627,1,1,1,0
g4scan,rq4graded,5.0,-1.0,eb1168,0.11675778353879479,0,4.4,0,0.38,20000,0.9889,0.0111,0.1408,4.152,3.744,0.219,0.5742,1.9773,1.9283,0.8812,32.3605,10.5815,1,1,1,0
g4scan,rq4graded,5.75,-1.0,eb0482,0.0482,1,6.0,0,0.37,20000,0.9818,0.0182,0.3219,3.998,3.627,0.2455,1.0078,0.5135,0.6633,0.4094,32.4081,9.4707,1,1,1,0
g4scan,rq4graded,5.0,-1.0,eb0482,0.0482,1,4.8,0,0.365,20000,0.9979,0.0021,0.1631,3.823,3.493,0.2475,0.5446,1.982,1.9299,0.9046,32.4194,10.5527,1,1,1,0
g4scan,rq4graded,5.75,-1.0,eb0482,0.0482,1,5.2,0,0.42,20000,0.9818,0.0182,0.3796,4.116,3.717,0.2139,1.7469,0.5256,0.76,0.3734,32.6134,9.6247,1,1,1,0
g4scan,rq4graded,5.0,-1.0,eb0482,0.0482,1,6.0,0,0.305,20000,0.9979,0.0021,0.0386,3.967,3.603,0.2276,0.9868,1.9581,1.3921,0.9755,32.6245,8.9031,1,1,1,0
g4scan,rq4graded,5.0,-1.0,eb154,0.154,1,4.4,0,0.37,20000,0.9839,0.0161,0.0964,4.422,3.95,0.2017,0.6688,1.982,1.8254,0.8859,32.6338,10.372,1,1,1,0
g4scan,rq4graded,5.0,-1.0,eb1168,0.11675778353879479,0,4.8,0,0.35,20000,0.9889,0.0111,0.0873,4.232,3.805,0.2149,0.6808,1.9816,1.6913,0.9098,32.6453,9.8457,1,1,1,0
g4scan,rq4graded,5.0,-1.0,eb0482,0.0482,1,5.2,0,0.34,20000,0.9979,0.0021,0.1097,3.895,3.548,0.245,0.7115,1.9803,1.7318,0.9318,32.6681,10.0639,1,1,1,0
g4scan,rq4graded,5.0,-1.0,eb1168,0.11675778353879479,0,4.0,0,0.415,20000,0.9889,0.0111,0.1827,4.192,3.775,0.2133,0.5433,1.9994,2.2533,0.8617,32.8207,11.7219,1,1,1,0
g4scan,rq4graded,5.0,-1.0,eb154,0.154,1,4.0,0,0.405,20000,0.9839,0.0161,0.1431,4.419,3.948,0.2004,0.6355,1.9934,2.1306,0.8621,32.8414,11.4611,1,1,1,0
g4scan,rq4graded,6.0,-1.0,eb154,0.154,1,5.6,0,0.345,20000,0.8139,0.1861,0.1019,4.711,4.17,0.1993,0.881,0.5063,0.5059,0.4182,32.8433,11.2893,1,1,1,0
g4scan,rq4graded,5.0,-1.0,eb0482,0.0482,1,5.6,0,0.32,20000,0.9979,0.0021,0.0662,3.963,3.6,0.2365,0.8553,1.9791,1.5603,0.957,32.8877,9.565,1,1,1,0
g4scan,rq4graded,6.0,-1.0,eb1168,0.11675778353879479,0,5.2,0,0.375,20000,0.8706,0.1294,0.1617,5.08,4.451,0.1903,1.2827,0.5123,0.5729,0.3837,32.9894,11.0169,1,1,1,0
g4scan,rq4graded,6.0,-1.0,eb1168,0.11675778353879479,0,6.8,1,0.305,20000,0.8706,0.1294,0.0487,4.873,4.293,0.1997,0.7226,0.5014,0.4589,0.4762,33.012,11.7779,1,1,1,0
g4scan,rq4graded,5.0,-1.0,eb0482,0.0482,1,6.4,0,0.29,20000,0.9979,0.0021,0.0141,4.079,3.689,0.1937,1.0866,1.9715,1.279,1.0024,33.1122,8.5206,1,1,1,0
g4scan,rq4graded,5.0,-1.0,eb1168,0.11675778353879479,0,4.4,0,0.375,20000,0.9889,0.0111,0.118,4.304,3.86,0.2115,0.5947,2.0142,1.9899,0.8946,33.2487,10.9751,1,1,1,0
g4scan,rq4graded,5.75,-1.0,eb0482,0.0482,1,5.6,0,0.395,20000,0.9818,0.0182,0.3622,4.0,3.628,0.2291,1.3832,0.5112,0.7038,0.383,33.2627,9.736,1,1,1,0
g4scan,rq4graded,5.0,-1.0,eb1168,0.11675778353879479,0,5.2,0,0.325,20000,0.9889,0.0111,0.0409,4.366,3.907,0.1946,0.8164,2.0008,1.5105,0.9421,33.3227,9.3429,1,1,1,0
g4scan,rq4graded,6.0,-1.0,eb1168,0.11675778353879479,0,6.0,0,0.335,20000,0.8706,0.1294,0.1054,4.91,4.321,0.2041,0.8587,0.4996,0.5323,0.424,33.417,10.9811,1,1,1,0
g4scan,rq4graded,5.0,-1.0,eb0482,0.0482,1,4.8,0,0.36,20000,0.9979,0.0021,0.1378,3.982,3.615,0.2369,0.5543,2.0247,1.9867,0.9196,33.418,10.9298,1,1,1,0
g4scan,rq4graded,5.0,-1.0,eb0482,0.0482,1,4.4,0,0.39,20000,0.9979,0.0021,0.1885,3.948,3.589,0.2341,0.4407,2.0335,2.2366,0.8952,33.42,11.6094,1,1,1,0
g4scan,rq4graded,5.0,-1.0,eb1168,0.11675778353879479,0,4.0,0,0.41,20000,0.9889,0.0111,0.1641,4.324,3.875,0.2059,0.5707,2.031,2.3139,0.8726,33.5877,12.0713,1,1,1,0
g4scan,rq4graded,5.0,-1.0,eb154,0.154,1,4.4,0,0.365,20000,0.9839,0.0161,0.0778,4.588,4.076,0.19,0.7136,2.0232,1.8824,0.8991,33.6577,10.8177,1,1,1,0
g4scan,rq4graded,5.0,-1.0,eb154,0.154,1,4.0,0,0.4,20000,0.9839,0.0161,0.1238,4.562,4.056,0.194,0.6694,2.0268,2.188,0.8735,33.6642,11.8296,1,1,1,0
g4scan,rq4graded,5.0,-1.0,eb1168,0.11675778353879479,0,4.8,0,0.345,20000,0.9889,0.0111,0.0669,4.405,3.937,0.2007,0.7053,2.0263,1.7522,0.9249,33.7146,10.3014,1,1,1,0
g4scan,rq4graded,6.0,-1.0,eb1168,0.11675778353879479,0,6.4,0,0.32,20000,0.8706,0.1294,0.0807,4.841,4.269,0.2084,0.7436,0.494,0.4714,0.4433,33.7367,11.7288,1,1,1,0
g4scan,rq4graded,5.75,-1.0,eb0482,0.0482,1,6.4,0,0.355,20000,0.9818,0.0182,0.312,3.863,3.524,0.2593,0.7293,0.4936,0.6125,0.4126,33.7435,9.8362,1,1,1,0
g4scan,rq4graded,6.0,-1.0,eb154,0.154,1,5.2,0,0.37,20000,0.8139,0.1861,0.1468,4.664,4.134,0.1985,0.9725,0.4979,0.5703,0.3838,33.7696,10.7108,1,1,1,0
g4scan,rq4graded,5.0,-1.0,eb0482,0.0482,1,5.2,0,0.335,20000,0.9979,0.0021,0.0844,4.073,3.684,0.2311,0.7001,2.0295,1.7879,0.9485,33.7784,10.4479,1,1,1,0
g4scan,rq4graded,6.0,-1.0,eb1168,0.11675778353879479,0,5.6,0,0.355,20000,0.8706,0.1294,0.1413,4.928,4.335,0.201,1.0217,0.4981,0.534,0.396,33.8358,11.2645,1,1,1,0
g4scan,rq4graded,5.0,-1.0,eb0482,0.0482,1,6.0,0,0.3,20000,0.9979,0.0021,0.0214,4.179,3.765,0.1987,0.9571,2.0221,1.4527,0.9954,34.0539,9.3862,1,1,1,0
g4scan,rq4graded,5.0,-1.0,eb0482,0.0482,1,5.6,0,0.315,20000,0.9979,0.0021,0.0437,4.158,3.749,0.2157,0.833,2.0339,1.6182,0.9758,34.1068,9.9825,1,1,1,0
g4scan,rq4graded,5.75,-1.0,eb0482,0.0482,1,6.0,0,0.375,20000,0.9818,0.0182,0.3463,3.886,3.542,0.2438,1.0564,0.4957,0.6531,0.3911,34.1194,9.9204,1,1,1,0
g4scan,rq4graded,5.0,-1.0,eb1168,0.11675778353879479,0,4.4,0,0.37,20000,0.9889,0.0111,0.0977,4.462,3.98,0.2019,0.6292,2.0529,2.0539,0.9076,34.1824,11.3979,1,1,1,0
g4scan,rq4graded,6.0,-1.0,eb154,0.154,1,6.0,0,0.33,20000,0.8139,0.1861,0.0859,4.566,4.059,0.2064,0.8085,0.4897,0.4989,0.4286,34.2534,11.4997,1,1,1,0
g4scan,rq4graded,5.0,-1.0,eb0482,0.0482,1,4.4,0,0.385,20000,0.9979,0.0021,0.1658,4.092,3.698,0.2269,0.4642,2.0715,2.294,0.908,34.3126,11.9645,1,1,1,0
g4scan,rq4graded,5.0,-1.0,eb1168,0.11675778353879479,0,4.0,0,0.405,20000,0.9889,0.0111,0.1446,4.459,3.978,0.2006,0.5997,2.0635,2.3682,0.8837,34.3681,12.4017,1,1,1,0
g4scan,rq4graded,5.0,-1.0,eb0482,0.0482,1,4.8,0,0.355,20000,0.9979,0.0021,0.1125,4.148,3.741,0.227,0.5697,2.0689,2.0486,0.9348,34.4377,11.3309,1,1,1,0
g4scan,rq4graded,6.0,-1.0,eb154,0.154,1,4.8,0,0.4,20000,0.8139,0.1861,0.1915,4.662,4.132,0.1908,1.1549,0.494,0.5752,0.3533,34.4437,11.0249,1,1,1,0
g4scan,rq4graded,6.0,-1.0,eb1168,0.11675778353879479,0,5.2,0,0.38,20000,0.8706,0.1294,0.1831,4.94,4.344,0.1918,1.2731,0.495,0.5638,0.3663,34.5525,11.3607,1,1,1,0
g4scan,rq4graded,6.0,-1.0,eb154,0.154,1,6.4,0,0.315,20000,0.8139,0.1861,0.0597,4.53,4.032,0.2051,0.7994,0.4856,0.5113,0.4513,34.6208,11.3689,1,1,1,0
g4scan,rq4graded,6.0,-1.0,eb154,0.154,1,5.6,0,0.35,20000,0.8139,0.1861,0.1235,4.545,4.043,0.207,0.8442,0.4855,0.4997,0.3985,34.7117,11.6135,1,1,1,0
g4scan,rq4graded,5.75,-1.0,eb0482,0.0482,1,5.6,0,0.4,20000,0.9818,0.0182,0.3829,3.901,3.553,0.2281,1.4328,0.4955,0.6939,0.3667,34.788,10.1481,1,1,1,0
g4scan,rq4graded,5.0,-1.0,eb0482,0.0482,1,5.2,0,0.33,20000,0.9979,0.0021,0.0619,4.257,3.824,0.2144,0.7045,2.0806,1.8465,0.9655,34.929,10.8641,1,1,1,0
g4scan,rq4graded,5.0,-1.0,eb0482,0.0482,1,4.0,0,0.42,20000,0.9979,0.0021,0.2055,4.151,3.743,0.2179,0.4745,2.0992,2.6405,0.8905,34.9416,13.0839,1,1,1,0
g4scan,rq4graded,5.0,-1.0,eb1168,0.11675778353879479,0,4.4,0,0.365,20000,0.9889,0.0111,0.079,4.626,4.105,0.1906,0.6738,2.0936,2.1157,0.9208,35.1626,11.8286,1,1,1,0
g4scan,rq4graded,5.0,-1.0,eb0482,0.0482,1,4.4,0,0.38,20000,0.9979,0.0021,0.143,4.237,3.809,0.2188,0.4906,2.1081,2.351,0.9213,35.1651,12.3118,1,1,1,0
g4scan,rq4graded,5.0,-1.0,eb1168,0.11675778353879479,0,4.0,0,0.4,20000,0.9889,0.0111,0.1253,4.602,4.087,0.1943,0.6408,2.0979,2.4241,0.895,35.2013,12.7592,1,1,1,0
g4scan,rq4graded,6.0,-1.0,eb1168,0.11675778353879479,0,6.0,0,0.34,20000,0.8706,0.1294,0.1297,4.742,4.194,0.2115,0.8299,0.4788,0.5234,0.4013,35.3229,11.3548,1,1,1,0
g4scan,rq4graded,6.0,-1.0,eb1168,0.11675778353879479,0,6.8,1,0.31,20000,0.8706,0.1294,0.0718,4.672,4.14,0.2166,0.6656,0.4752,0.4525,0.4477,35.3822,12.1619,1,1,1,0
g4scan,rq4graded,6.0,-1.0,eb154,0.154,1,5.2,0,0.375,20000,0.8139,0.1861,0.1695,4.514,4.02,0.2017,0.9563,0.4801,0.5666,0.3659,35.4156,10.9894,1,1,1,0
g4scan,rq4graded,5.0,-1.0,eb0482,0.0482,1,5.6,0,0.31,20000,0.9979,0.0021,0.0261,4.36,3.902,0.1915,0.8409,2.092,1.6787,0.9944,35.4159,10.4601,1,1,1,0
g4scan,rq4graded,5.0,-1.0,eb0482,0.0482,1,4.8,0,0.35,20000,0.9979,0.0021,0.0892,4.316,3.869,0.2156,0.5881,2.1131,2.1068,0.95,35.4418,11.7148,1,1,1,0
g4scan,rq4graded,6.0,-1.0,eb1168,0.11675778353879479,0,5.6,0,0.36,20000,0.8706,0.1294,0.1647,4.775,4.219,0.2044,1.006,0.4795,0.5258,0.3762,35.5628,11.621,1,1,1,0
g4scan,rq4graded,5.0,-1.0,eb0482,0.0482,1,4.0,0,0.415,20000,0.9979,0.0021,0.1857,4.275,3.838,0.2131,0.4998,2.13,2.6928,0.9012,35.655,13.3727,1,1,1,0
g4scan,rq4graded,6.0,-1.0,eb1168,0.11675778353879479,0,6.4,0,0.325,20000,0.8706,0.1294,0.1054,4.66,4.131,0.2177,0.7038,0.4717,0.465,0.4186,35.796,12.0887,1,1,1,0
g4scan,rq4graded,6.0,-1.0,eb154,0.154,1,4.8,0,0.405,20000,0.8139,0.1861,0.2098,4.533,4.034,0.1935,1.1373,0.4793,0.5718,0.3391,35.8023,11.2532,1,1,1,0
g4scan,rq4graded,6.0,-1.0,eb1168,0.11675778353879479,0,5.2,0,0.385,20000,0.8706,0.1294,0.2022,4.807,4.243,0.1955,1.2559,0.4795,0.5544,0.3501,35.9885,11.679,1,1,1,0
g4scan,rq4graded,5.0,-1.0,eb0482,0.0482,1,4.4,0,0.375,20000,0.9979,0.0021,0.1207,4.386,3.922,0.2112,0.521,2.1452,2.4114,0.9345,36.0203,12.6712,1,1,1,0
g4scan,rq4graded,5.0,-1.0,eb0482,0.0482,1,5.2,0,0.325,20000,0.9979,0.0021,0.0424,4.445,3.967,0.1961,0.7279,2.1324,1.9126,0.9823,36.1014,11.3325,1,1,1,0
g4scan,rq4graded,6.0,-1.0,eb154,0.154,1,6.0,0,0.335,20000,0.8139,0.1861,0.1092,4.386,3.923,0.2173,0.7687,0.4673,0.4954,0.4058,36.3389,11.8161,1,1,1,0
g4scan,rq4graded,5.0,-1.0,eb0482,0.0482,1,4.0,0,0.41,20000,0.9979,0.0021,0.1663,4.407,3.938,0.2065,0.5298,2.1617,2.7514,0.9125,36.3887,13.6854,1,1,1,0
g4scan,rq4graded,6.0,-1.0,eb154,0.154,1,6.8,1,0.305,20000,0.8139,0.1861,0.0505,4.389,3.925,0.2097,0.8105,0.4672,0.4325,0.4576,36.416,12.8619,1,1,1,0
g4scan,rq4graded,6.0,-1.0,eb0482,0.0482,1,6.8,1,0.325,20000,0.9751,0.0249,0.1462,5.218,4.556,0.2187,1.2253,0.4742,0.6361,0.4012,36.4443,10.7204,1,1,1,0
g4scan,rq4graded,5.0,-1.0,eb0482,0.0482,1,4.8,0,0.345,20000,0.9979,0.0021,0.0687,4.486,3.999,0.202,0.6194,2.1574,2.1706,0.965,36.4506,12.1314,1,1,1,0
g4scan,rq4graded,6.0,-1.0,eb154,0.154,1,5.6,0,0.355,20000,0.8139,0.1861,0.1473,4.382,3.919,0.2134,0.8204,0.4661,0.4954,0.3783,36.5464,11.9251,1,1,1,0
g4scan,rq4graded,6.0,-1.0,eb0482,0.0482,1,6.4,0,0.34,20000,0.9751,0.0249,0.1753,5.275,4.6,0.2098,1.5082,0.4764,0.674,0.3797,36.7204,10.7688,1,1,1,0
g4scan,rq4graded,5.0,-1.0,eb0482,0.0482,1,4.4,0,0.37,20000,0.9979,0.0021,0.0998,4.542,4.041,0.2025,0.5557,2.1838,2.4774,0.9477,36.9008,13.0529,1,1,1,0
g4scan,rq4graded,6.0,-1.0,eb154,0.154,1,6.4,0,0.32,20000,0.8139,0.1861,0.0839,4.337,3.885,0.2191,0.7634,0.4609,0.4273,0.4254,36.9593,12.9627,1,1,1,0
g4scan,rq4graded,6.0,-1.0,eb154,0.154,1,5.2,0,0.38,20000,0.8139,0.1861,0.1904,4.374,3.913,0.2057,0.939,0.4639,0.5631,0.3492,36.9696,11.2506,1,1,1,0
g4scan,rq4graded,6.0,-1.0,eb1168,0.11675778353879479,0,6.0,0,0.345,20000,0.8706,0.1294,0.1557,4.58,4.07,0.2156,0.8165,0.4602,0.5138,0.3792,37.1229,11.7473,1,1,1,0
g4scan,rq4graded,5.0,-1.0,eb0482,0.0482,1,4.0,0,0.405,20000,0.9979,0.0021,0.1469,4.541,4.041,0.2005,0.5609,2.194,2.8145,0.9237,37.1245,14.0083,1,1,1,0
g4scan,rq4graded,6.0,-1.0,eb154,0.154,1,4.8,0,0.41,20000,0.8139,0.1861,0.2287,4.408,3.939,0.1947,1.1257,0.4655,0.5686,0.3254,37.1317,11.4823,1,1,1,0
g4scan,rq4graded,6.0,-1.0,eb1168,0.11675778353879479,0,5.6,0,0.365,20000,0.8706,0.1294,0.1881,4.629,4.107,0.2068,1.0012,0.4625,0.5192,0.3571,37.2126,11.9611,1,1,1,0
g4scan,rq4graded,6.0,-1.0,eb1168,0.11675778353879479,0,5.2,0,0.39,20000,0.8706,0.1294,0.2227,4.679,4.145,0.1966,1.2531,0.4648,0.5448,0.3342,37.4139,12.0213,1,1,1,0
g4scan,rq4graded,6.0,-1.0,eb1168,0.11675778353879479,0,6.8,1,0.315,20000,0.8706,0.1294,0.0975,4.486,3.999,0.2278,0.6282,0.4523,0.4561,0.4212,37.5925,12.3939,1,1,1,0
g4scan,rq4graded,6.0,-1.0,eb0482,0.0482,1,6.0,0,0.36,20000,0.9751,0.0249,0.2152,5.283,4.605,0.2007,1.8429,0.4726,0.7103,0.349,37.6748,11.0382,1,1,1,0
g4scan,rq4graded,6.0,-1.0,eb1168,0.11675778353879479,0,6.4,0,0.33,20000,0.8706,0.1294,0.1318,4.487,3.999,0.2255,0.6786,0.451,0.4557,0.3943,37.8109,12.5092,1,1,1,0
g4scan,rq4graded,5.0,-1.0,eb0482,0.0482,1,4.4,0,0.365,20000,0.9979,0.0021,0.081,4.704,4.164,0.1916,0.5981,2.2243,2.5454,0.9608,37.8183,13.4522,1,1,1,0
g4scan,rq4graded,5.0,-1.0,eb0482,0.0482,1,4.0,0,0.4,20000,0.9979,0.0021,0.128,4.683,4.149,0.194,0.6025,2.2287,2.8751,0.9349,37.9187,14.3457,1,1,1,0
g4scan,rq4graded,6.0,-1.0,eb0482,0.0482,1,6.8,1,0.33,20000,0.9751,0.0249,0.1747,5.06,4.435,0.2217,1.2443,0.4557,0.6251,0.3755,38.312,11.1645,1,1,1,0
g4scan,rq4graded,6.0,-1.0,eb154,0.154,1,5.6,0,0.36,20000,0.8139,0.1861,0.1723,4.225,3.8,0.217,0.8094,0.4483,0.4912,0.3588,38.3199,12.2447,1,1,1,0
g4scan,rq4graded,6.0,-1.0,eb0482,0.0482,1,6.4,0,0.345,20000,0.9751,0.0249,0.2009,5.13,4.489,0.2126,1.5312,0.4596,0.664,0.3568,38.4151,11.1741,1,1,1,0
g4scan,rq4graded,6.0,-1.0,eb154,0.154,1,6.0,0,0.34,20000,0.8139,0.1861,0.1348,4.212,3.79,0.2246,0.7484,0.4463,0.4919,0.3837,38.4199,12.1605,1,1,1,0
g4scan,rq4graded,6.0,-1.0,eb154,0.154,1,4.8,0,0.415,20000,0.8139,0.1861,0.2468,4.288,3.848,0.1974,1.116,0.452,0.5612,0.3119,38.4616,11.7683,1,1,1,0
g4scan,rq4graded,6.0,-1.0,eb154,0.154,1,5.2,0,0.385,20000,0.8139,0.1861,0.2117,4.237,3.809,0.2083,0.926,0.4483,0.5644,0.3332,38.5168,11.4543,1,1,1,0
g4scan,rq4graded,6.0,-1.0,eb1168,0.11675778353879479,0,5.6,0,0.37,20000,0.8706,0.1294,0.2104,4.491,4.002,0.2096,0.9962,0.4474,0.5115,0.3392,38.7349,12.2973,1,1,1,0
g4scan,rq4graded,6.0,-1.0,eb1168,0.11675778353879479,0,5.2,0,0.395,20000,0.8706,0.1294,0.2433,4.553,4.05,0.1978,1.2543,0.4508,0.5373,0.3183,38.825,12.342,1,1,1,0
g4scan,rq4graded,6.0,-1.0,eb1168,0.11675778353879479,0,6.0,0,0.35,20000,0.8706,0.1294,0.1813,4.424,3.951,0.2196,0.8052,0.4427,0.4725,0.358,38.8905,12.6052,1,1,1,0
g4scan,rq4graded,6.0,-1.0,eb154,0.154,1,6.8,1,0.31,20000,0.8139,0.1861,0.0743,4.184,3.769,0.2274,0.7797,0.442,0.4316,0.43,38.9162,13.2201,1,1,1,0
g4scan,rq4graded,6.0,-1.0,eb0482,0.0482,1,6.0,0,0.365,20000,0.9751,0.0249,0.2376,5.154,4.507,0.2007,1.8706,0.458,0.6997,0.3302,39.1595,11.4181,1,1,1,0
g4scan,rq4graded,6.0,-1.0,eb154,0.154,1,6.4,0,0.325,20000,0.8139,0.1861,0.1092,4.149,3.742,0.2312,0.7344,0.4382,0.4234,0.4007,39.2355,13.3383,1,1,1,0
g4scan,rq4graded,6.0,-1.0,eb154,0.154,1,4.8,0,0.42,20000,0.8139,0.1861,0.2654,4.173,3.76,0.1979,1.1128,0.4397,0.5567,0.299,39.7325,12.0186,1,1,1,0
g4scan,rq4graded,6.0,-1.0,eb1168,0.11675778353879479,0,6.4,0,0.335,20000,0.8706,0.1294,0.1608,4.317,3.87,0.2292,0.6704,0.432,0.4479,0.3704,39.7767,12.9253,1,1,1,0
g4scan,rq4graded,6.0,-1.0,eb1168,0.11675778353879479,0,6.8,1,0.32,20000,0.8706,0.1294,0.1261,4.303,3.859,0.2365,0.6025,0.4307,0.4612,0.3947,39.8043,12.6202,1,1,1,0
g4scan,rq4graded,6.0,-1.0,eb154,0.154,1,5.2,0,0.39,20000,0.8139,0.1861,0.2332,4.103,3.707,0.2108,0.9174,0.4341,0.5659,0.3174,39.9794,11.65,1,1,1,0
g4scan,rq4graded,6.0,-1.0,eb0482,0.0482,1,6.4,0,0.35,20000,0.9751,0.0249,0.2264,4.991,4.383,0.2124,1.5632,0.4443,0.6532,0.3355,40.025,11.5883,1,1,1,0
g4scan,rq4graded,6.0,-1.0,eb154,0.154,1,5.6,0,0.365,20000,0.8139,0.1861,0.1971,4.075,3.685,0.2203,0.8018,0.4315,0.4865,0.3399,40.0645,12.5747,1,1,1,0
g4scan,rq4graded,6.0,-1.0,eb0482,0.0482,1,6.8,1,0.335,20000,0.9751,0.0249,0.2025,4.907,4.319,0.2241,1.266,0.4388,0.6141,0.3512,40.0885,11.5993,1,1,1,0
g4scan,rq4graded,6.0,-1.0,eb1168,0.11675778353879479,0,5.2,0,0.4,20000,0.8706,0.1294,0.2628,4.434,3.959,0.1996,1.2555,0.438,0.5287,0.3033,40.1513,12.6647,1,1,1,0
g4scan,rq4graded,6.0,-1.0,eb1168,0.11675778353879479,0,5.6,0,0.375,20000,0.8706,0.1294,0.2334,4.354,3.898,0.2117,0.9957,0.4327,0.5065,0.3214,40.2626,12.6034,1,1,1,0
g4scan,rq4graded,6.0,-1.0,eb154,0.154,1,6.0,0,0.345,20000,0.8139,0.1861,0.162,4.047,3.664,0.2297,0.7377,0.4277,0.4927,0.362,40.3537,12.433,1,1,1,0
g4scan,rq4graded,6.0,-1.0,eb1168,0.11675778353879479,0,6.0,0,0.355,20000,0.8706,0.1294,0.2057,4.275,3.838,0.2229,0.7931,0.4264,0.4646,0.3384,40.5896,12.9721,1,1,1,0
g4scan,rq4graded,6.0,-1.0,eb0482,0.0482,1,6.0,0,0.37,20000,0.9751,0.0249,0.2597,5.028,4.412,0.2006,1.9036,0.4443,0.6897,0.3118,40.6216,11.7975,1,1,1,0
g4scan,rq4graded,6.0,-1.0,eb154,0.154,1,6.8,1,0.315,20000,0.8139,0.1861,0.1017,3.991,3.621,0.2405,0.7622,0.4195,0.4286,0.4031,41.294,13.6136,1,1,1,0
g4scan,rq4graded,6.0,-1.0,eb154,0.154,1,6.4,0,0.33,20000,0.8139,0.1861,0.1378,3.971,3.606,0.2394,0.7248,0.4188,0.4249,0.3764,41.3054,13.6212,1,1,1,0
g4scan,rq4graded,6.0,-1.0,eb154,0.154,1,5.2,0,0.395,20000,0.8139,0.1861,0.2547,3.975,3.609,0.2116,0.9133,0.4206,0.5654,0.3025,41.4282,11.8756,1,1,1,0
g4scan,rq4graded,6.0,-1.0,eb1168,0.11675778353879479,0,5.2,0,0.405,20000,0.8706,0.1294,0.2821,4.316,3.869,0.2002,1.2568,0.4256,0.5221,0.2891,41.4807,12.9632,1,1,1,0
g4scan,rq4graded,6.0,-1.0,eb0482,0.0482,1,6.4,0,0.355,20000,0.9751,0.0249,0.2517,4.857,4.281,0.2116,1.6019,0.4302,0.6436,0.3147,41.5806,11.9935,1,1,1,0
g4scan,rq4graded,6.0,-1.0,eb1168,0.11675778353879479,0,6.4,0,0.34,20000,0.8706,0.1294,0.1889,4.154,3.746,0.2332,0.6642,0.4143,0.4397,0.3475,41.6985,13.347,1,1,1,0
g4scan,rq4graded,6.0,-1.0,eb154,0.154,1,5.6,0,0.37,20000,0.8139,0.1861,0.2199,3.931,3.576,0.2249,0.7887,0.4158,0.4859,0.3225,41.7463,12.8245,1,1,1,0
g4scan,rq4graded,6.0,-1.0,eb0482,0.0482,1,6.8,1,0.34,20000,0.9751,0.0249,0.2306,4.764,4.21,0.223,1.3048,0.4238,0.604,0.3283,41.755,12.0351,1,1,1,0
g4scan,rq4graded,6.0,-1.0,eb1168,0.11675778353879479,0,5.6,0,0.38,20000,0.8706,0.1294,0.2562,4.221,3.797,0.2134,0.9977,0.4189,0.5075,0.3041,41.7599,12.8264,1,1,1,0
g4scan,rq4graded,6.0,-1.0,eb1168,0.11675778353879479,0,6.8,1,0.325,20000,0.8706,0.1294,0.1575,4.125,3.724,0.2421,0.5956,0.4112,0.4478,0.3683,41.9187,13.1496,1,1,1,0
g4scan,rq4graded,6.0,-1.0,eb0482,0.0482,1,6.0,0,0.375,20000,0.9751,0.0249,0.2806,4.911,4.323,0.199,1.9386,0.4319,0.6802,0.2953,41.977,12.1594,1,1,1,0
g4scan,rq4graded,6.0,-1.0,eb154,0.154,1,6.0,0,0.35,20000,0.8139,0.1861,0.1891,3.889,3.544,0.2337,0.7316,0.4108,0.5013,0.3413,42.196,12.5876,1,1,1,0
g4scan,rq4graded,6.0,-1.0,eb1168,0.11675778353879479,0,6.0,0,0.36,20000,0.8706,0.1294,0.2316,4.131,3.728,0.2249,0.7931,0.411,0.457,0.3187,42.2853,13.3535,1,1,1,0
g4scan,rq4graded,6.0,-1.0,eb1168,0.11675778353879479,0,5.2,0,0.41,20000,0.8706,0.1294,0.3001,4.207,3.786,0.2002,1.2606,0.4148,0.5149,0.2767,42.6729,13.254,1,1,1,0
g4scan,rq4graded,6.0,-1.0,eb154,0.154,1,5.2,0,0.4,20000,0.8139,0.1861,0.2755,3.85,3.514,0.2139,0.9094,0.4076,0.4791,0.2881,42.866,13.2784,1,1,1,0
g4scan,rq4graded,6.0,-1.0,eb0482,0.0482,1,6.4,0,0.36,20000,0.9751,0.0249,0.2748,4.73,4.184,0.2102,1.6336,0.4172,0.6336,0.2965,43.0493,12.3808,1,1,1,0
g4scan,rq4graded,6.0,-1.0,eb1168,0.11675778353879479,0,5.6,0,0.385,20000,0.8706,0.1294,0.2785,4.095,3.7,0.2128,1.006,0.4065,0.511,0.2883,43.1618,13.0074,1,1,1,0
g4scan,rq4graded,6.0,-1.0,eb0482,0.0482,1,6.0,0,0.38,20000,0.9751,0.0249,0.301,4.796,4.235,0.1974,1.973,0.42,0.671,0.2798,43.3289,12.5175,1,1,1,0
g4scan,rq4graded,6.0,-1.0,eb0482,0.0482,1,6.8,1,0.345,20000,0.9751,0.0249,0.2569,4.624,4.104,0.2227,1.3367,0.4095,0.5934,0.3069,43.3883,12.4621,1,1,1,0
g4scan,rq4graded,6.0,-1.0,eb1168,0.11675778353879479,0,6.4,0,0.345,20000,0.8706,0.1294,0.2169,3.999,3.628,0.2371,0.6614,0.3981,0.436,0.3256,43.5209,13.6879,1,1,1,0
g4scan,rq4graded,6.0,-1.0,eb1168,0.11675778353879479,0,5.2,0,0.415,20000,0.8706,0.1294,0.3179,4.1,3.705,0.2004,1.266,0.4041,0.508,0.2646,43.8752,13.5457,1,1,1,0
g4scan,rq4graded,6.0,-1.0,eb1168,0.11675778353879479,0,6.0,0,0.365,20000,0.8706,0.1294,0.257,3.992,3.622,0.2268,0.7996,0.397,0.4488,0.2998,43.8892,13.7429,1,1,1,0
g4scan,rq4graded,6.0,-1.0,eb1168,0.11675778353879479,0,6.8,1,0.33,20000,0.8706,0.1294,0.188,3.957,3.595,0.2467,0.5883,0.3929,0.3971,0.3437,43.9987,14.3211,1,1,1,0
g4scan,rq4graded,6.0,-1.0,eb0482,0.0482,1,6.4,0,0.365,20000,0.9751,0.0249,0.2972,4.609,4.092,0.2091,1.6689,0.4052,0.6241,0.2794,44.4473,12.7594,1,1,1,0
g4scan,rq4graded,6.0,-1.0,eb1168,0.11675778353879479,0,5.6,0,0.39,20000,0.8706,0.1294,0.2988,3.977,3.611,0.2132,1.0074,0.3944,0.5036,0.2744,44.5572,13.3309,1,1,1,0
g4scan,rq4graded,6.0,-1.0,eb0482,0.0482,1,6.0,0,0.385,20000,0.9751,0.0249,0.3204,4.69,4.154,0.1955,2.0123,0.4094,0.6628,0.2654,44.5738,12.8576,1,1,1,0
g4scan,rq4graded,6.0,-1.0,eb0482,0.0482,1,6.8,1,0.35,20000,0.9751,0.0249,0.2829,4.493,4.004,0.2206,1.3802,0.3967,0.5839,0.2871,44.9286,12.8823,1,1,1,0
g4scan,rq4graded,6.0,-1.0,eb1168,0.11675778353879479,0,5.2,0,0.42,20000,0.8706,0.1294,0.3349,3.995,3.625,0.2003,1.2666,0.3937,0.5015,0.2538,45.0821,13.8267,1,1,1,0
g4scan,rq4graded,6.0,-1.0,eb1168,0.11675778353879479,0,6.4,0,0.35,20000,0.8706,0.1294,0.2443,3.852,3.516,0.2401,0.6657,0.3831,0.4326,0.3049,45.303,14.0268,1,1,1,0
g4scan,rq4graded,6.25,-1.0,eb154,0.154,1,6.8,1,0.315,20000,0.7516,0.2485,0.0707,4.607,4.091,0.1924,0.9785,0.3871,0.5663,0.3163,45.3667,12.5733,1,1,1,0
g4scan,rq4graded,6.0,-1.0,eb1168,0.11675778353879479,0,6.0,0,0.37,20000,0.8706,0.1294,0.2814,3.861,3.523,0.2264,0.8091,0.3842,0.4428,0.2828,45.4146,14.0904,1,1,1,0
g4scan,rq4graded,6.25,-1.0,eb154,0.154,1,6.4,0,0.33,20000,0.7516,0.2485,0.0991,4.611,4.094,0.1921,1.0031,0.387,0.5356,0.2934,45.4216,13.0179,1,1,1,0
g4scan,rq4graded,6.0,-1.0,eb0482,0.0482,1,6.0,0,0.39,20000,0.9751,0.0249,0.3387,4.586,4.075,0.1939,2.0455,0.3993,0.6545,0.2525,45.7779,13.1846,1,1,1,0
g4scan,rq4graded,6.0,-1.0,eb0482,0.0482,1,6.4,0,0.37,20000,0.9751,0.0249,0.3191,4.492,4.003,0.2071,1.7095,0.3939,0.6148,0.2634,45.823,13.1408,1,1,1,0
g4scan,rq4graded,6.0,-1.0,eb1168,0.11675778353879479,0,5.6,0,0.395,20000,0.8706,0.1294,0.3186,3.862,3.523,0.2143,1.0112,0.3829,0.4972,0.2611,45.9207,13.6389,1,1,1,0
g4scan,rq4graded,6.25,-1.0,eb154,0.154,1,6.0,0,0.35,20000,0.7516,0.2485,0.139,4.556,4.052,0.1922,1.0478,0.3819,0.6294,0.2654,46.0978,12.0346,1,1,1,0
g4scan,rq4graded,6.25,-1.0,eb1168,0.11675778353879479,0,6.8,1,0.325,20000,0.8278,0.1722,0.1123,4.885,4.302,0.1939,1.0227,0.3814,0.5236,0.2859,46.1256,13.3179,1,1,1,0
g4scan,rq4graded,6.0,-1.0,eb0482,0.0482,1,6.8,1,0.355,20000,0.9751,0.0249,0.3072,4.369,3.909,0.219,1.4208,0.3845,0.5752,0.2691,46.4315,13.2836,1,1,1,0
g4scan,rq4graded,6.0,-1.0,eb0482,0.0482,1,6.0,0,0.395,20000,0.9751,0.0249,0.3575,4.485,3.997,0.1905,2.0915,0.3898,0.6461,0.2401,46.9663,13.5293,1,1,1,0
g4scan,rq4graded,6.25,-1.0,eb154,0.154,1,6.4,0,0.335,20000,0.7516,0.2485,0.1224,4.435,3.96,0.1998,0.9715,0.3726,0.5455,0.2742,47.1002,13.1008,1,1,1,0
g4scan,rq4graded,6.0,-1.0,eb0482,0.0482,1,6.4,0,0.375,20000,0.9751,0.0249,0.3394,4.383,3.92,0.2044,1.7463,0.3833,0.6063,0.2494,47.1366,13.4992,1,1,1,0
g4scan,rq4graded,6.25,-1.0,eb154,0.154,1,6.8,1,0.32,20000,0.7516,0.2485,0.0945,4.417,3.946,0.2023,0.9453,0.3712,0.5684,0.2937,47.2277,12.7878,1,1,1,0
g4scan,rq4graded,6.25,-1.0,eb154,0.154,1,6.0,0,0.355,20000,0.7516,0.2485,0.1617,4.395,3.929,0.1967,1.0263,0.3692,0.6267,0.2509,47.6266,12.2712,1,1,1,0
g4scan,rq4graded,6.25,-1.0,eb1168,0.11675778353879479,0,6.8,1,0.33,20000,0.8278,0.1722,0.1371,4.712,4.17,0.1982,0.9988,0.3676,0.5212,0.2669,47.7717,13.5711,1,1,1,0
g4scan,rq4graded,6.0,-1.0,eb0482,0.0482,1,6.8,1,0.36,20000,0.9751,0.0249,0.3308,4.249,3.818,0.2153,1.4641,0.3732,0.5663,0.2529,47.8833,13.6855,1,1,1,0
g4scan,rq4graded,6.0,-1.0,eb0482,0.0482,1,6.4,0,0.38,20000,0.9751,0.0249,0.36,4.275,3.838,0.2017,1.7909,0.3733,0.5978,0.236,48.4316,13.8682,1,1,1,0
g4scan,rq4graded,6.25,-1.0,eb154,0.154,1,6.4,0,0.34,20000,0.7516,0.2485,0.1466,4.263,3.829,0.2061,0.9461,0.3592,0.5526,0.2575,48.746,13.2265,1,1,1,0
g4scan,rq4graded,6.25,-1.0,eb1168,0.11675778353879479,0,6.4,0,0.35,20000,0.8278,0.1722,0.184,4.628,4.106,0.1923,1.1211,0.3597,0.5101,0.2394,48.9841,14.0952,1,1,1,0
g4scan,rq4graded,6.25,-1.0,eb154,0.154,1,6.0,0,0.36,20000,0.7516,0.2485,0.1852,4.24,3.811,0.1982,1.0123,0.3574,0.6346,0.2379,49.0924,12.3884,1,1,1,0
g4scan,rq4graded,6.25,-1.0,eb154,0.154,1,6.8,1,0.325,20000,0.7516,0.2485,0.1191,4.228,3.802,0.211,0.9127,0.3555,0.5692,0.2734,49.1707,13.0307,1,1,1,0
g4scan,rq4graded,6.0,-1.0,eb0482,0.0482,1,6.8,1,0.365,20000,0.9751,0.0249,0.3533,4.137,3.733,0.2123,1.512,0.3631,0.5577,0.2381,49.225,14.0737,1,1,1,0
g4scan,rq4graded,6.25,-1.0,eb1168,0.11675778353879479,0,6.8,1,0.335,20000,0.8278,0.1722,0.1627,4.541,4.041,0.2011,0.9806,0.3548,0.5211,0.2497,49.376,13.7958,1,1,1,0
g4scan,rq4graded,6.0,-1.0,eb0482,0.0482,1,6.4,0,0.385,20000,0.9751,0.0249,0.3798,4.175,3.762,0.1965,1.8435,0.3645,0.5893,0.2243,49.6211,14.2331,1,1,1,0
g4scan,rq4graded,6.25,-1.0,eb154,0.154,1,5.6,0,0.385,20000,0.7516,0.2485,0.226,4.205,3.785,0.1909,1.1119,0.3542,0.6193,0.2196,49.6739,12.8007,1,1,1,0
g4scan,rq4graded,6.25,-1.0,eb1168,0.11675778353879479,0,6.4,0,0.355,20000,0.8278,0.1722,0.2062,4.48,3.994,0.1945,1.1082,0.349,0.5089,0.227,50.3544,14.3068,1,1,1,0
g4scan,rq4graded,6.25,-1.0,eb154,0.154,1,6.4,0,0.345,20000,0.7516,0.2485,0.1713,4.097,3.702,0.2091,0.931,0.3463,0.56,0.2428,50.4099,13.368,1,1,1,0
g4scan,rq4graded,6.25,-1.0,eb154,0.154,1,6.0,0,0.365,20000,0.7516,0.2485,0.2075,4.089,3.696,0.2011,0.9986,0.3463,0.5266,0.2262,50.5201,13.925,1,1,1,0
g4scan,rq4graded,6.0,-1.0,eb0482,0.0482,1,6.8,1,0.37,20000,0.9751,0.0249,0.3752,4.027,3.648,0.2074,1.5605,0.3535,0.5489,0.225,50.5447,14.4645,1,1,1,0
g4scan,rq4graded,6.0,-1.0,eb0482,0.0482,1,6.4,0,0.39,20000,0.9751,0.0249,0.3971,4.079,3.688,0.1964,1.877,0.3557,0.5813,0.2139,50.8116,14.565,1,1,1,0
g4scan,rq4graded,6.25,-1.0,eb154,0.154,1,5.6,0,0.39,20000,0.7516,0.2485,0.2445,4.075,3.685,0.1936,1.0966,0.3447,0.6159,0.2109,50.8971,13.0076,1,1,1,0
g4scan,rq4graded,6.25,-1.0,eb154,0.154,1,6.8,1,0.33,20000,0.7516,0.2485,0.1457,4.051,3.667,0.2167,0.9005,0.342,0.5721,0.2555,50.9244,13.2499,1,1,1,0
g4scan,rq4graded,6.25,-1.0,eb1168,0.11675778353879479,0,6.8,1,0.34,20000,0.8278,0.1722,0.1874,4.379,3.917,0.2041,0.9618,0.3427,0.5209,0.2349,50.9393,14.0135,1,1,1,0
g4scan,rq4graded,6.25,-1.0,eb1168,0.11675778353879479,0,6.4,0,0.36,20000,0.8278,0.1722,0.2282,4.336,3.884,0.1962,1.0944,0.3384,0.5048,0.2159,51.7542,14.562,1,1,1,0
g4scan,rq4graded,6.0,-1.0,eb0482,0.0482,1,6.8,1,0.375,20000,0.9751,0.0249,0.3947,3.922,3.569,0.2079,1.5955,0.3445,0.5416,0.2132,51.7933,14.8073,1,1,1,0
g4scan,rq4graded,6.0,-1.0,eb0482,0.0482,1,6.4,0,0.395,20000,0.9751,0.0249,0.4141,3.985,3.617,0.1946,1.9134,0.3477,0.5734,0.2043,51.9186,14.8893,1,1,1,0
g4scan,rq4graded,6.25,-1.0,eb154,0.154,1,6.0,0,0.37,20000,0.7516,0.2485,0.2283,3.948,3.589,0.2042,0.9827,0.3355,0.532,0.2162,51.9475,14.0507,1,1,1,0
g4scan,rq4graded,6.25,-1.0,eb154,0.154,1,6.4,0,0.35,20000,0.7516,0.2485,0.1962,3.938,3.581,0.2126,0.9224,0.3344,0.5617,0.2295,52.0023,13.5811,1,1,1,0
g4scan,rq4graded,6.25,-1.0,eb154,0.154,1,5.6,0,0.395,20000,0.7516,0.2485,0.2638,3.947,3.588,0.1944,1.0878,0.3356,0.6175,0.2031,52.1126,13.1651,1,1,1,0
g4scan,rq4graded,6.25,-1.0,eb1168,0.11675778353879479,0,6.8,1,0.345,20000,0.8278,0.1722,0.2113,4.227,3.801,0.2062,0.9489,0.3315,0.5215,0.2221,52.4463,14.2199,1,1,1,0
g4scan,rq4graded,6.25,-1.0,eb154,0.154,1,6.8,1,0.335,20000,0.7516,0.2485,0.173,3.877,3.534,0.2217,0.8957,0.3293,0.5769,0.2393,52.6588,13.4522,1,1,1,0
g4scan,rq4graded,6.0,-1.0,eb0482,0.0482,1,6.4,0,0.4,20000,0.9751,0.0249,0.4295,3.896,3.549,0.193,1.941,0.3398,0.5661,0.1962,53.0262,15.1947,1,1,1,0
g4scan,rq4graded,6.0,-1.0,eb0482,0.0482,1,6.8,1,0.38,20000,0.9751,0.0249,0.4136,3.825,3.495,0.2042,1.6381,0.3359,0.5347,0.2031,53.034,15.1551,1,1,1,0
g4scan,rq4graded,6.25,-1.0,eb1168,0.11675778353879479,0,6.4,0,0.365,20000,0.8278,0.1722,0.2501,4.197,3.778,0.1964,1.0868,0.3289,0.5079,0.206,53.045,14.7071,1,1,1,0
g4scan,rq4graded,6.25,-1.0,eb154,0.154,1,5.6,0,0.4,20000,0.7516,0.2485,0.2823,3.827,3.496,0.1962,1.0796,0.3272,0.6223,0.1954,53.2718,13.2784,1,1,1,0
g4scan,rq4graded,6.25,-1.0,eb154,0.154,1,6.0,0,0.375,20000,0.7516,0.2485,0.2503,3.812,3.485,0.2057,0.9828,0.3257,0.5408,0.2067,53.3132,14.1456,1,1,1,0
g4scan,rq4graded,6.25,-1.0,eb1168,0.11675778353879479,0,6.8,1,0.35,20000,0.8278,0.1722,0.2355,4.078,3.688,0.2081,0.9424,0.3209,0.5142,0.2105,53.9228,14.5405,1,1,1,0
g4scan,rq4graded,6.25,-1.0,eb1168,0.11675778353879479,0,6.4,0,0.37,20000,0.8278,0.1722,0.2709,4.064,3.677,0.1989,1.076,0.3195,0.5042,0.1968,54.3638,14.948,1,1,1,0
g4scan,rq4graded,6.25,-1.0,eb1168,0.11675778353879479,0,6.0,0,0.395,20000,0.8278,0.1722,0.3079,4.037,3.656,0.1909,1.2469,0.3166,0.4963,0.1832,55.0731,15.4255,1,1,1,0
g4scan,rq4graded,6.25,-1.0,eb1168,0.11675778353879479,0,6.8,1,0.355,20000,0.8278,0.1722,0.2587,3.938,3.581,0.21,0.9393,0.3113,0.4338,0.2001,55.3205,15.9704,1,1,1,0
g4scan,rq4graded,6.25,-1.0,eb1168,0.11675778353879479,0,6.4,0,0.375,20000,0.8278,0.1722,0.2918,3.935,3.579,0.2003,1.074,0.3108,0.5063,0.188,55.6211,15.1115,1,1,1,0
g4scan,rq4graded,6.5,-1.0,eb154,0.154,1,6.8,1,0.345,20000,0.6883,0.3117,0.1587,4.18,3.765,0.1913,1.0913,0.3105,0.657,0.1868,55.6954,13.2844,1,1,1,0
g4scan,rq4graded,6.25,-1.0,eb1168,0.11675778353879479,0,6.0,0,0.4,20000,0.8278,0.1722,0.3249,3.926,3.572,0.1914,1.2429,0.3092,0.4924,0.1769,56.152,15.6438,1,1,1,0
g4scan,rq4graded,6.25,-1.0,eb1168,0.11675778353879479,0,6.4,0,0.38,20000,0.8278,0.1722,0.3103,3.813,3.486,0.2025,1.0638,0.3025,0.5069,0.1809,56.8508,15.2785,1,1,1,0
g4scan,rq4graded,6.5,-1.0,eb154,0.154,1,6.8,1,0.35,20000,0.6883,0.3117,0.1806,4.017,3.641,0.1973,1.0728,0.3016,0.6665,0.1788,57.0094,13.358,1,1,1,0
g4scan,rq4graded,6.5,-1.0,eb154,0.154,1,6.4,0,0.37,20000,0.6883,0.3117,0.2142,3.993,3.623,0.19,1.1073,0.3006,0.6558,0.1696,57.2204,13.5582,1,1,1,0
g4scan,rq4graded,6.25,-1.0,eb1168,0.11675778353879479,0,6.0,0,0.405,20000,0.8278,0.1722,0.3411,3.816,3.488,0.1922,1.2322,0.3017,0.4917,0.1712,57.2624,15.8095,1,1,1,0
g4scan,rq4graded,6.5,-1.0,eb154,0.154,1,6.8,1,0.355,20000,0.6883,0.3117,0.2035,3.86,3.521,0.1991,1.0586,0.2934,0.6768,0.1717,58.2472,13.4197,1,1,1,0
g4scan,rq4graded,6.5,-1.0,eb154,0.154,1,6.4,0,0.375,20000,0.6883,0.3117,0.2348,3.851,3.515,0.1923,1.0937,0.293,0.6576,0.1637,58.3793,13.6983,1,1,1,0
