ladder,v_c,tau_ps,E0_eV,m,n,weight,mean_KE_eV
floor1,6.5,3.2,0.23,6000,0,0.0604,1.5602
floor1,6.5,3.2,0.23,6000,1,0.1653,1.4028
floor1,6.5,3.2,0.23,6000,2,0.1124,1.2487
floor1,6.5,3.2,0.23,6000,3,0.0997,1.1292
floor1,6.5,3.2,0.23,6000,4,0.0898,1.0112
floor1,6.5,3.2,0.23,6000,5,0.0797,0.8912
floor1,6.5,3.2,0.23,6000,6,0.0714,0.7707
floor1,6.5,3.2,0.23,6000,7,0.0631,0.6437
floor1,6.5,3.2,0.23,6000,8,0.0535,0.5319
floor1,6.5,3.2,0.23,6000,9,0.0449,0.424
floor1,6.5,3.2,0.23,6000,10,0.0371,0.3182
floor1,6.5,3.2,0.23,6000,11,0.0329,0.2355
floor1,6.5,3.2,0.23,6000,12,0.0251,0.1647
floor1,6.5,3.2,0.23,6000,13,0.0218,0.149
floor1,6.5,3.2,0.23,6000,14,0.0155,0.1092
floor1,6.5,3.2,0.23,6000,15,0.0103,0.0943
floor1,6.5,3.2,0.23,6000,16,0.0067,0.0801
floor1,6.5,3.2,0.23,6000,17,0.0051,0.0606
floor1,6.5,3.2,0.23,6000,18,0.0036,0.0388
rq4graded,6.5,3.2,0.23,6000,1,0.1694,1.5025
rq4graded,6.5,3.2,0.23,6000,2,0.1655,1.2881
rq4graded,6.5,3.2,0.23,6000,3,0.1223,1.1166
rq4graded,6.5,3.2,0.23,6000,4,0.086,0.9773
rq4graded,6.5,3.2,0.23,6000,5,0.074,0.8707
rq4graded,6.5,3.2,0.23,6000,6,0.0699,0.7523
rq4graded,6.5,3.2,0.23,6000,7,0.0609,0.6337
rq4graded,6.5,3.2,0.23,6000,8,0.0524,0.5157
rq4graded,6.5,3.2,0.23,6000,9,0.0424,0.4205
rq4graded,6.5,3.2,0.23,6000,10,0.0363,0.316
rq4graded,6.5,3.2,0.23,6000,11,0.0324,0.2354
rq4graded,6.5,3.2,0.23,6000,12,0.0247,0.1635
rq4graded,6.5,3.2,0.23,6000,13,0.0214,0.1492
rq4graded,6.5,3.2,0.23,6000,14,0.0154,0.109
rq4graded,6.5,3.2,0.23,6000,15,0.01,0.0951
rq4graded,6.5,3.2,0.23,6000,16,0.0066,0.0804
rq4graded,6.5,3.2,0.23,6000,17,0.0051,0.0606
rq4graded,6.5,3.2,0.23,6000,18,0.0036,0.0388
floor1,6.5,3.2,0.25,6000,0,0.2063,1.4274
floor1,6.5,3.2,0.25,6000,1,0.1527,1.2127
floor1,6.5,3.2,0.25,6000,2,0.094,1.074
floor1,6.5,3.2,0.25,6000,3,0.0849,0.9659
floor1,6.5,3.2,0.25,6000,4,0.0731,0.8589
floor1,6.5,3.2,0.25,6000,5,0.0653,0.7519
floor1,6.5,3.2,0.25,6000,6,0.0599,0.6342
floor1,6.5,3.2,0.25,6000,7,0.0515,0.534
floor1,6.5,3.2,0.25,6000,8,0.0438,0.4219
floor1,6.5,3.2,0.25,6000,9,0.0348,0.3309
floor1,6.5,3.2,0.25,6000,10,0.0317,0.2503
floor1,6.5,3.2,0.25,6000,11,0.0247,0.1848
floor1,6.5,3.2,0.25,6000,12,0.0244,0.1498
floor1,6.5,3.2,0.25,6000,13,0.016,0.1178
floor1,6.5,3.2,0.25,6000,14,0.0139,0.0998
floor1,6.5,3.2,0.25,6000,15,0.008,0.0786
floor1,6.5,3.2,0.25,6000,16,0.0057,0.0766
floor1,6.5,3.2,0.25,6000,17,0.0046,0.0525
floor1,6.5,3.2,0.25,6000,18,0.0033,0.0319
rq4graded,6.5,3.2,0.25,6000,0,0.0763,1.5428
rq4graded,6.5,3.2,0.25,6000,1,0.2338,1.333
rq4graded,6.5,3.2,0.25,6000,2,0.1377,1.1111
rq4graded,6.5,3.2,0.25,6000,3,0.1036,0.9571
rq4graded,6.5,3.2,0.25,6000,4,0.0705,0.8358
rq4graded,6.5,3.2,0.25,6000,5,0.0638,0.729
rq4graded,6.5,3.2,0.25,6000,6,0.058,0.6185
rq4graded,6.5,3.2,0.25,6000,7,0.0487,0.5244
rq4graded,6.5,3.2,0.25,6000,8,0.0421,0.4175
rq4graded,6.5,3.2,0.25,6000,9,0.035,0.3255
rq4graded,6.5,3.2,0.25,6000,10,0.03,0.2477
rq4graded,6.5,3.2,0.25,6000,11,0.0245,0.1849
rq4graded,6.5,3.2,0.25,6000,12,0.0238,0.1493
rq4graded,6.5,3.2,0.25,6000,13,0.0158,0.1193
rq4graded,6.5,3.2,0.25,6000,14,0.0136,0.0998
rq4graded,6.5,3.2,0.25,6000,15,0.008,0.0786
rq4graded,6.5,3.2,0.25,6000,16,0.0058,0.0759
rq4graded,6.5,3.2,0.25,6000,17,0.0045,0.053
rq4graded,6.5,3.2,0.25,6000,18,0.0033,0.0319
floor1,6.5,3.2,0.27,6000,0,0.3366,1.3356
floor1,6.5,3.2,0.27,6000,1,0.1295,1.051
floor1,6.5,3.2,0.27,6000,2,0.0786,0.9261
floor1,6.5,3.2,0.27,6000,3,0.0691,0.831
floor1,6.5,3.2,0.27,6000,4,0.0612,0.731
floor1,6.5,3.2,0.27,6000,5,0.0577,0.6227
floor1,6.5,3.2,0.27,6000,6,0.0482,0.5295
floor1,6.5,3.2,0.27,6000,7,0.0424,0.4277
floor1,6.5,3.2,0.27,6000,8,0.0336,0.3362
floor1,6.5,3.2,0.27,6000,9,0.0297,0.2633
floor1,6.5,3.2,0.27,6000,10,0.0248,0.2106
floor1,6.5,3.2,0.27,6000,11,0.0232,0.1547
floor1,6.5,3.2,0.27,6000,12,0.0194,0.1311
floor1,6.5,3.2,0.27,6000,13,0.0145,0.1033
floor1,6.5,3.2,0.27,6000,14,0.0114,0.0875
floor1,6.5,3.2,0.27,6000,15,0.007,0.0703
floor1,6.5,3.2,0.27,6000,16,0.0053,0.0656
floor1,6.5,3.2,0.27,6000,17,0.004,0.0467
floor1,6.5,3.2,0.27,6000,18,0.0025,0.0309
rq4graded,6.5,3.2,0.27,6000,0,0.2146,1.4211
rq4graded,6.5,3.2,0.27,6000,1,0.2067,1.1647
rq4graded,6.5,3.2,0.27,6000,2,0.1173,0.9635
rq4graded,6.5,3.2,0.27,6000,3,0.0869,0.8232
rq4graded,6.5,3.2,0.27,6000,4,0.0582,0.7112
rq4graded,6.5,3.2,0.27,6000,5,0.056,0.6078
rq4graded,6.5,3.2,0.27,6000,6,0.046,0.5181
rq4graded,6.5,3.2,0.27,6000,7,0.0413,0.4155
rq4graded,6.5,3.2,0.27,6000,8,0.0319,0.3383
rq4graded,6.5,3.2,0.27,6000,9,0.0299,0.2578
rq4graded,6.5,3.2,0.27,6000,10,0.0243,0.2065
rq4graded,6.5,3.2,0.27,6000,11,0.0229,0.1544
rq4graded,6.5,3.2,0.27,6000,12,0.0186,0.1319
rq4graded,6.5,3.2,0.27,6000,13,0.0143,0.1029
rq4graded,6.5,3.2,0.27,6000,14,0.0111,0.0876
rq4graded,6.5,3.2,0.27,6000,15,0.0069,0.0707
rq4graded,6.5,3.2,0.27,6000,16,0.0053,0.0656
rq4graded,6.5,3.2,0.27,6000,17,0.004,0.0467
rq4graded,6.5,3.2,0.27,6000,18,0.0025,0.0309
floor1,6.5,3.8,0.23,6000,0,0.1126,1.5055
floor1,6.5,3.8,0.23,6000,1,0.1997,1.3061
floor1,6.5,3.8,0.23,6000,2,0.1153,1.1237
floor1,6.5,3.8,0.23,6000,3,0.1009,0.9919
floor1,6.5,3.8,0.23,6000,4,0.0868,0.8624
floor1,6.5,3.8,0.23,6000,5,0.0764,0.7292
floor1,6.5,3.8,0.23,6000,6,0.0658,0.6009
floor1,6.5,3.8,0.23,6000,7,0.056,0.4787
floor1,6.5,3.8,0.23,6000,8,0.0396,0.3644
floor1,6.5,3.8,0.23,6000,9,0.0362,0.2746
floor1,6.5,3.8,0.23,6000,10,0.027,0.2032
floor1,6.5,3.8,0.23,6000,11,0.0264,0.1539
floor1,6.5,3.8,0.23,6000,12,0.018,0.1209
floor1,6.5,3.8,0.23,6000,13,0.0153,0.0958
floor1,6.5,3.8,0.23,6000,14,0.0086,0.0769
floor1,6.5,3.8,0.23,6000,15,0.0058,0.0719
floor1,6.5,3.8,0.23,6000,16,0.0046,0.0528
floor1,6.5,3.8,0.23,6000,17,0.003,0.033
rq4graded,6.5,3.8,0.23,6000,1,0.2465,1.4401
rq4graded,6.5,3.8,0.23,6000,2,0.1727,1.1737
rq4graded,6.5,3.8,0.23,6000,3,0.1266,0.9813
rq4graded,6.5,3.8,0.23,6000,4,0.0801,0.8378
rq4graded,6.5,3.8,0.23,6000,5,0.075,0.7071
rq4graded,6.5,3.8,0.23,6000,6,0.0621,0.5871
rq4graded,6.5,3.8,0.23,6000,7,0.0537,0.468
rq4graded,6.5,3.8,0.23,6000,8,0.0389,0.358
rq4graded,6.5,3.8,0.23,6000,9,0.0345,0.2727
rq4graded,6.5,3.8,0.23,6000,10,0.0277,0.1991
rq4graded,6.5,3.8,0.23,6000,11,0.0255,0.1543
rq4graded,6.5,3.8,0.23,6000,12,0.0171,0.1212
rq4graded,6.5,3.8,0.23,6000,13,0.015,0.0955
rq4graded,6.5,3.8,0.23,6000,14,0.0083,0.0773
rq4graded,6.5,3.8,0.23,6000,15,0.0058,0.0725
rq4graded,6.5,3.8,0.23,6000,16,0.0046,0.0528
rq4graded,6.5,3.8,0.23,6000,17,0.003,0.033
floor1,6.5,3.8,0.25,6000,0,0.2957,1.3637
floor1,6.5,3.8,0.25,6000,1,0.1571,1.0882
floor1,6.5,3.8,0.25,6000,2,0.0934,0.9342
floor1,6.5,3.8,0.25,6000,3,0.0796,0.818
floor1,6.5,3.8,0.25,6000,4,0.0711,0.6966
floor1,6.5,3.8,0.25,6000,5,0.0608,0.5766
floor1,6.5,3.8,0.25,6000,6,0.0508,0.4701
floor1,6.5,3.8,0.25,6000,7,0.0396,0.3533
floor1,6.5,3.8,0.25,6000,8,0.0333,0.2826
floor1,6.5,3.8,0.25,6000,9,0.0282,0.2092
floor1,6.5,3.8,0.25,6000,10,0.0241,0.1571
floor1,6.5,3.8,0.25,6000,11,0.0197,0.1306
floor1,6.5,3.8,0.25,6000,12,0.015,0.0995
floor1,6.5,3.8,0.25,6000,13,0.0114,0.0798
floor1,6.5,3.8,0.25,6000,14,0.0071,0.0673
floor1,6.5,3.8,0.25,6000,15,0.0049,0.0652
floor1,6.5,3.8,0.25,6000,16,0.004,0.0459
floor1,6.5,3.8,0.25,6000,17,0.0027,0.0311
rq4graded,6.5,3.8,0.25,6000,0,0.1397,1.481
rq4graded,6.5,3.8,0.25,6000,1,0.2576,1.2299
rq4graded,6.5,3.8,0.25,6000,2,0.1414,0.9806
rq4graded,6.5,3.8,0.25,6000,3,0.1004,0.8111
rq4graded,6.5,3.8,0.25,6000,4,0.0678,0.6724
rq4graded,6.5,3.8,0.25,6000,5,0.0582,0.5591
rq4graded,6.5,3.8,0.25,6000,6,0.0486,0.4574
rq4graded,6.5,3.8,0.25,6000,7,0.0379,0.3502
rq4graded,6.5,3.8,0.25,6000,8,0.0331,0.2738
rq4graded,6.5,3.8,0.25,6000,9,0.0263,0.2089
rq4graded,6.5,3.8,0.25,6000,10,0.0235,0.1568
rq4graded,6.5,3.8,0.25,6000,11,0.0192,0.1307
rq4graded,6.5,3.8,0.25,6000,12,0.0148,0.0983
rq4graded,6.5,3.8,0.25,6000,13,0.0114,0.08
rq4graded,6.5,3.8,0.25,6000,14,0.0069,0.0667
rq4graded,6.5,3.8,0.25,6000,15,0.0048,0.0659
rq4graded,6.5,3.8,0.25,6000,16,0.004,0.0459
rq4graded,6.5,3.8,0.25,6000,17,0.0029,0.0301
floor1,6.5,3.8,0.27,6000,0,0.4348,1.2689
floor1,6.5,3.8,0.27,6000,1,0.1256,0.9122
floor1,6.5,3.8,0.27,6000,2,0.075,0.7775
floor1,6.5,3.8,0.27,6000,3,0.0645,0.6664
floor1,6.5,3.8,0.27,6000,4,0.0578,0.558
floor1,6.5,3.8,0.27,6000,5,0.048,0.4566
floor1,6.5,3.8,0.27,6000,6,0.0371,0.3498
floor1,6.5,3.8,0.27,6000,7,0.0322,0.2814
floor1,6.5,3.8,0.27,6000,8,0.028,0.213
floor1,6.5,3.8,0.27,6000,9,0.0196,0.1731
floor1,6.5,3.8,0.27,6000,10,0.0233,0.1356
floor1,6.5,3.8,0.27,6000,11,0.0141,0.1051
floor1,6.5,3.8,0.27,6000,12,0.0143,0.0865
floor1,6.5,3.8,0.27,6000,13,0.0079,0.066
floor1,6.5,3.8,0.27,6000,14,0.0069,0.0621
floor1,6.5,3.8,0.27,6000,15,0.0042,0.0548
floor1,6.5,3.8,0.27,6000,16,0.0033,0.0372
floor1,6.5,3.8,0.27,6000,17,0.0022,0.0299
rq4graded,6.5,3.8,0.27,6000,0,0.304,1.358
rq4graded,6.5,3.8,0.27,6000,1,0.2101,1.0384
rq4graded,6.5,3.8,0.27,6000,2,0.1131,0.8209
rq4graded,6.5,3.8,0.27,6000,3,0.0824,0.6636
rq4graded,6.5,3.8,0.27,6000,4,0.0562,0.5394
rq4graded,6.5,3.8,0.27,6000,5,0.0452,0.4472
rq4graded,6.5,3.8,0.27,6000,6,0.0362,0.3372
rq4graded,6.5,3.8,0.27,6000,7,0.0313,0.2751
rq4graded,6.5,3.8,0.27,6000,8,0.0261,0.2137
rq4graded,6.5,3.8,0.27,6000,9,0.0203,0.1669
rq4graded,6.5,3.8,0.27,6000,10,0.0218,0.1362
rq4graded,6.5,3.8,0.27,6000,11,0.0143,0.1025
rq4graded,6.5,3.8,0.27,6000,12,0.0138,0.0877
rq4graded,6.5,3.8,0.27,6000,13,0.0076,0.0656
rq4graded,6.5,3.8,0.27,6000,14,0.0069,0.0615
rq4graded,6.5,3.8,0.27,6000,15,0.004,0.0565
rq4graded,6.5,3.8,0.27,6000,16,0.0032,0.0372
rq4graded,6.5,3.8,0.27,6000,17,0.0022,0.0299
floor1,6.75,3.2,0.23,6000,0,0.059,1.5325
floor1,6.75,3.2,0.23,6000,1,0.1639,1.3585
floor1,6.75,3.2,0.23,6000,2,0.1104,1.1869
floor1,6.75,3.2,0.23,6000,3,0.0986,1.0533
floor1,6.75,3.2,0.23,6000,4,0.0863,0.9241
floor1,6.75,3.2,0.23,6000,5,0.077,0.7985
floor1,6.75,3.2,0.23,6000,6,0.0672,0.6725
floor1,6.75,3.2,0.23,6000,7,0.0619,0.5383
floor1,6.75,3.2,0.23,6000,8,0.0511,0.4287
floor1,6.75,3.2,0.23,6000,9,0.0461,0.3314
floor1,6.75,3.2,0.23,6000,10,0.0347,0.2493
floor1,6.75,3.2,0.23,6000,11,0.0331,0.1979
floor1,6.75,3.2,0.23,6000,12,0.0311,0.1505
floor1,6.75,3.2,0.23,6000,13,0.023,0.1157
floor1,6.75,3.2,0.23,6000,14,0.0198,0.1105
floor1,6.75,3.2,0.23,6000,15,0.0145,0.0812
floor1,6.75,3.2,0.23,6000,16,0.009,0.0737
floor1,6.75,3.2,0.23,6000,17,0.0063,0.0586
floor1,6.75,3.2,0.23,6000,18,0.0045,0.0457
floor1,6.75,3.2,0.23,6000,19,0.002,0.0248
rq4graded,6.75,3.2,0.23,6000,1,0.167,1.4651
rq4graded,6.75,3.2,0.23,6000,2,0.1629,1.2299
rq4graded,6.75,3.2,0.23,6000,3,0.1202,1.04
rq4graded,6.75,3.2,0.23,6000,4,0.0826,0.8923
rq4graded,6.75,3.2,0.23,6000,5,0.0733,0.7727
rq4graded,6.75,3.2,0.23,6000,6,0.0643,0.6547
rq4graded,6.75,3.2,0.23,6000,7,0.0594,0.5263
rq4graded,6.75,3.2,0.23,6000,8,0.049,0.4246
rq4graded,6.75,3.2,0.23,6000,9,0.0455,0.3282
rq4graded,6.75,3.2,0.23,6000,10,0.0345,0.2445
rq4graded,6.75,3.2,0.23,6000,11,0.0322,0.1962
rq4graded,6.75,3.2,0.23,6000,12,0.0303,0.1497
rq4graded,6.75,3.2,0.23,6000,13,0.0226,0.1173
rq4graded,6.75,3.2,0.23,6000,14,0.0195,0.1104
rq4graded,6.75,3.2,0.23,6000,15,0.0147,0.0802
rq4graded,6.75,3.2,0.23,6000,16,0.0086,0.0751
rq4graded,6.75,3.2,0.23,6000,17,0.0063,0.0586
rq4graded,6.75,3.2,0.23,6000,18,0.0045,0.0457
rq4graded,6.75,3.2,0.23,6000,19,0.002,0.0248
floor1,6.75,3.2,0.25,6000,0,0.2017,1.3911
floor1,6.75,3.2,0.25,6000,1,0.1511,1.1553
floor1,6.75,3.2,0.25,6000,2,0.0942,1.0002
floor1,6.75,3.2,0.25,6000,3,0.0805,0.8794
floor1,6.75,3.2,0.25,6000,4,0.071,0.7678
floor1,6.75,3.2,0.25,6000,5,0.0632,0.6523
floor1,6.75,3.2,0.25,6000,6,0.0578,0.5263
floor1,6.75,3.2,0.25,6000,7,0.049,0.4226
floor1,6.75,3.2,0.25,6000,8,0.0424,0.3424
floor1,6.75,3.2,0.25,6000,9,0.0343,0.2525
floor1,6.75,3.2,0.25,6000,10,0.0317,0.2125
floor1,6.75,3.2,0.25,6000,11,0.03,0.1621
floor1,6.75,3.2,0.25,6000,12,0.0234,0.1244
floor1,6.75,3.2,0.25,6000,13,0.0223,0.1077
floor1,6.75,3.2,0.25,6000,14,0.0153,0.0941
floor1,6.75,3.2,0.25,6000,15,0.0131,0.074
floor1,6.75,3.2,0.25,6000,16,0.0074,0.0633
floor1,6.75,3.2,0.25,6000,17,0.0056,0.0538
floor1,6.75,3.2,0.25,6000,18,0.0038,0.0406
floor1,6.75,3.2,0.25,6000,19,0.0017,0.0229
rq4graded,6.75,3.2,0.25,6000,0,0.075,1.5141
rq4graded,6.75,3.2,0.25,6000,1,0.2309,1.2828
rq4graded,6.75,3.2,0.25,6000,2,0.1349,1.0388
rq4graded,6.75,3.2,0.25,6000,3,0.1011,0.8723
rq4graded,6.75,3.2,0.25,6000,4,0.0666,0.7425
rq4graded,6.75,3.2,0.25,6000,5,0.0612,0.6349
rq4graded,6.75,3.2,0.25,6000,6,0.056,0.5108
rq4graded,6.75,3.2,0.25,6000,7,0.0474,0.4169
rq4graded,6.75,3.2,0.25,6000,8,0.0414,0.3367
rq4graded,6.75,3.2,0.25,6000,9,0.033,0.2492
rq4graded,6.75,3.2,0.25,6000,10,0.0318,0.2098
rq4graded,6.75,3.2,0.25,6000,11,0.0283,0.1626
rq4graded,6.75,3.2,0.25,6000,12,0.0238,0.1225
rq4graded,6.75,3.2,0.25,6000,13,0.0218,0.1091
rq4graded,6.75,3.2,0.25,6000,14,0.015,0.0938
rq4graded,6.75,3.2,0.25,6000,15,0.0129,0.0739
rq4graded,6.75,3.2,0.25,6000,16,0.0074,0.0634
rq4graded,6.75,3.2,0.25,6000,17,0.0056,0.0538
rq4graded,6.75,3.2,0.25,6000,18,0.0038,0.0406
rq4graded,6.75,3.2,0.25,6000,19,0.0017,0.0229
floor1,6.75,3.2,0.27,6000,0,0.3318,1.2911
floor1,6.75,3.2,0.27,6000,1,0.1275,0.9793
floor1,6.75,3.2,0.27,6000,2,0.076,0.841
floor1,6.75,3.2,0.27,6000,3,0.066,0.7383
floor1,6.75,3.2,0.27,6000,4,0.0597,0.6331
floor1,6.75,3.2,0.27,6000,5,0.0527,0.5216
floor1,6.75,3.2,0.27,6000,6,0.0476,0.4222
floor1,6.75,3.2,0.27,6000,7,0.0405,0.3445
floor1,6.75,3.2,0.27,6000,8,0.0333,0.2601
floor1,6.75,3.2,0.27,6000,9,0.0309,0.2194
floor1,6.75,3.2,0.27,6000,10,0.0266,0.1746
floor1,6.75,3.2,0.27,6000,11,0.0249,0.1435
floor1,6.75,3.2,0.27,6000,12,0.0226,0.107
floor1,6.75,3.2,0.27,6000,13,0.0187,0.1005
floor1,6.75,3.2,0.27,6000,14,0.0134,0.0786
floor1,6.75,3.2,0.27,6000,15,0.0114,0.0677
floor1,6.75,3.2,0.27,6000,16,0.006,0.0543
floor1,6.75,3.2,0.27,6000,17,0.0051,0.0496
floor1,6.75,3.2,0.27,6000,18,0.0031,0.0368
rq4graded,6.75,3.2,0.27,6000,0,0.211,1.3835
rq4graded,6.75,3.2,0.27,6000,1,0.2034,1.1026
rq4graded,6.75,3.2,0.27,6000,2,0.1144,0.8822
rq4graded,6.75,3.2,0.27,6000,3,0.0828,0.7341
rq4graded,6.75,3.2,0.27,6000,4,0.057,0.616
rq4graded,6.75,3.2,0.27,6000,5,0.0529,0.5012
rq4graded,6.75,3.2,0.27,6000,6,0.0449,0.4129
rq4graded,6.75,3.2,0.27,6000,7,0.0399,0.3368
rq4graded,6.75,3.2,0.27,6000,8,0.0326,0.2537
rq4graded,6.75,3.2,0.27,6000,9,0.0287,0.2195
rq4graded,6.75,3.2,0.27,6000,10,0.0271,0.171
rq4graded,6.75,3.2,0.27,6000,11,0.0242,0.1437
rq4graded,6.75,3.2,0.27,6000,12,0.0219,0.1069
rq4graded,6.75,3.2,0.27,6000,13,0.0185,0.101
rq4graded,6.75,3.2,0.27,6000,14,0.0135,0.0774
rq4graded,6.75,3.2,0.27,6000,15,0.0111,0.0686
rq4graded,6.75,3.2,0.27,6000,16,0.006,0.0546
rq4graded,6.75,3.2,0.27,6000,17,0.005,0.0501
rq4graded,6.75,3.2,0.27,6000,18,0.0031,0.0368
floor1,6.75,3.8,0.23,6000,0,0.1102,1.4745
floor1,6.75,3.8,0.23,6000,1,0.1977,1.2545
floor1,6.75,3.8,0.23,6000,2,0.1139,1.0522
floor1,6.75,3.8,0.23,6000,3,0.0967,0.9085
floor1,6.75,3.8,0.23,6000,4,0.0838,0.773
floor1,6.75,3.8,0.23,6000,5,0.0725,0.6333
floor1,6.75,3.8,0.23,6000,6,0.0631,0.4936
floor1,6.75,3.8,0.23,6000,7,0.0511,0.3889
floor1,6.75,3.8,0.23,6000,8,0.0448,0.2898
floor1,6.75,3.8,0.23,6000,9,0.0343,0.2223
floor1,6.75,3.8,0.23,6000,10,0.0314,0.1739
floor1,6.75,3.8,0.23,6000,11,0.0258,0.1318
floor1,6.75,3.8,0.23,6000,12,0.0244,0.109
floor1,6.75,3.8,0.23,6000,13,0.0167,0.0913
floor1,6.75,3.8,0.23,6000,14,0.0136,0.0718
floor1,6.75,3.8,0.23,6000,15,0.0077,0.0611
floor1,6.75,3.8,0.23,6000,16,0.0056,0.0534
floor1,6.75,3.8,0.23,6000,17,0.0038,0.0414
floor1,6.75,3.8,0.23,6000,18,0.0021,0.0225
rq4graded,6.75,3.8,0.23,6000,1,0.2426,1.3989
rq4graded,6.75,3.8,0.23,6000,2,0.1707,1.107
rq4graded,6.75,3.8,0.23,6000,3,0.1227,0.8983
rq4graded,6.75,3.8,0.23,6000,4,0.0783,0.7403
rq4graded,6.75,3.8,0.23,6000,5,0.0692,0.6145
rq4graded,6.75,3.8,0.23,6000,6,0.0608,0.478
rq4graded,6.75,3.8,0.23,6000,7,0.0489,0.3808
rq4graded,6.75,3.8,0.23,6000,8,0.043,0.2854
rq4graded,6.75,3.8,0.23,6000,9,0.0337,0.221
rq4graded,6.75,3.8,0.23,6000,10,0.0306,0.1721
rq4graded,6.75,3.8,0.23,6000,11,0.0255,0.1311
rq4graded,6.75,3.8,0.23,6000,12,0.0237,0.1083
rq4graded,6.75,3.8,0.23,6000,13,0.0164,0.0918
rq4graded,6.75,3.8,0.23,6000,14,0.0136,0.0714
rq4graded,6.75,3.8,0.23,6000,15,0.0074,0.0618
rq4graded,6.75,3.8,0.23,6000,16,0.0057,0.0529
rq4graded,6.75,3.8,0.23,6000,17,0.0036,0.0418
rq4graded,6.75,3.8,0.23,6000,18,0.0021,0.0225
floor1,6.75,3.8,0.25,6000,0,0.2916,1.3212
floor1,6.75,3.8,0.25,6000,1,0.1539,1.0197
floor1,6.75,3.8,0.25,6000,2,0.0909,0.851
floor1,6.75,3.8,0.25,6000,3,0.0767,0.7265
floor1,6.75,3.8,0.25,6000,4,0.0657,0.6006
floor1,6.75,3.8,0.25,6000,5,0.0596,0.4733
floor1,6.75,3.8,0.25,6000,6,0.0486,0.3721
floor1,6.75,3.8,0.25,6000,7,0.0398,0.2899
floor1,6.75,3.8,0.25,6000,8,0.0342,0.2187
floor1,6.75,3.8,0.25,6000,9,0.0286,0.1818
floor1,6.75,3.8,0.25,6000,10,0.0271,0.1419
floor1,6.75,3.8,0.25,6000,11,0.0226,0.1068
floor1,6.75,3.8,0.25,6000,12,0.0192,0.0969
floor1,6.75,3.8,0.25,6000,13,0.0138,0.0766
floor1,6.75,3.8,0.25,6000,14,0.0113,0.0631
floor1,6.75,3.8,0.25,6000,15,0.0062,0.0525
floor1,6.75,3.8,0.25,6000,16,0.0049,0.0464
floor1,6.75,3.8,0.25,6000,17,0.0028,0.0387
floor1,6.75,3.8,0.25,6000,18,0.0019,0.0199
rq4graded,6.75,3.8,0.25,6000,0,0.1367,1.4482
rq4graded,6.75,3.8,0.25,6000,1,0.2538,1.1736
rq4graded,6.75,3.8,0.25,6000,2,0.1376,0.9026
rq4graded,6.75,3.8,0.25,6000,3,0.0983,0.7193
rq4graded,6.75,3.8,0.25,6000,4,0.0615,0.5792
rq4graded,6.75,3.8,0.25,6000,5,0.0574,0.4586
rq4graded,6.75,3.8,0.25,6000,6,0.0452,0.3655
rq4graded,6.75,3.8,0.25,6000,7,0.0404,0.2808
rq4graded,6.75,3.8,0.25,6000,8,0.0324,0.2196
rq4graded,6.75,3.8,0.25,6000,9,0.0283,0.1781
rq4graded,6.75,3.8,0.25,6000,10,0.0258,0.1424
rq4graded,6.75,3.8,0.25,6000,11,0.0229,0.1057
rq4graded,6.75,3.8,0.25,6000,12,0.0187,0.0966
rq4graded,6.75,3.8,0.25,6000,13,0.0135,0.0768
rq4graded,6.75,3.8,0.25,6000,14,0.011,0.0635
rq4graded,6.75,3.8,0.25,6000,15,0.0063,0.0523
rq4graded,6.75,3.8,0.25,6000,16,0.0048,0.0466
rq4graded,6.75,3.8,0.25,6000,17,0.0028,0.0387
rq4graded,6.75,3.8,0.25,6000,18,0.0019,0.0199
floor1,6.75,3.8,0.27,6000,0,0.428,1.2197
floor1,6.75,3.8,0.27,6000,1,0.1233,0.8311
floor1,6.75,3.8,0.27,6000,2,0.0711,0.6868
floor1,6.75,3.8,0.27,6000,3,0.0602,0.5714
floor1,6.75,3.8,0.27,6000,4,0.057,0.4538
floor1,6.75,3.8,0.27,6000,5,0.0447,0.3592
floor1,6.75,3.8,0.27,6000,6,0.0369,0.2839
floor1,6.75,3.8,0.27,6000,7,0.0326,0.2216
floor1,6.75,3.8,0.27,6000,8,0.0283,0.1863
floor1,6.75,3.8,0.27,6000,9,0.0261,0.1459
floor1,6.75,3.8,0.27,6000,10,0.0192,0.1224
floor1,6.75,3.8,0.27,6000,11,0.0222,0.0954
floor1,6.75,3.8,0.27,6000,12,0.0146,0.0806
floor1,6.75,3.8,0.27,6000,13,0.0129,0.0683
floor1,6.75,3.8,0.27,6000,14,0.0085,0.0538
floor1,6.75,3.8,0.27,6000,15,0.0061,0.0502
floor1,6.75,3.8,0.27,6000,16,0.004,0.0434
floor1,6.75,3.8,0.27,6000,17,0.0022,0.0301
floor1,6.75,3.8,0.27,6000,18,0.0018,0.0195
rq4graded,6.75,3.8,0.27,6000,0,0.2999,1.3149
rq4graded,6.75,3.8,0.27,6000,1,0.2039,0.9679
rq4graded,6.75,3.8,0.27,6000,2,0.1107,0.7348
rq4graded,6.75,3.8,0.27,6000,3,0.0781,0.5683
rq4graded,6.75,3.8,0.27,6000,4,0.0533,0.4374
rq4graded,6.75,3.8,0.27,6000,5,0.0434,0.3507
rq4graded,6.75,3.8,0.27,6000,6,0.0356,0.2787
rq4graded,6.75,3.8,0.27,6000,7,0.0326,0.2161
rq4graded,6.75,3.8,0.27,6000,8,0.0273,0.1839
rq4graded,6.75,3.8,0.27,6000,9,0.0251,0.1442
rq4graded,6.75,3.8,0.27,6000,10,0.0186,0.1208
rq4graded,6.75,3.8,0.27,6000,11,0.0222,0.0943
rq4graded,6.75,3.8,0.27,6000,12,0.0138,0.0834
rq4graded,6.75,3.8,0.27,6000,13,0.0129,0.0674
rq4graded,6.75,3.8,0.27,6000,14,0.0083,0.054
rq4graded,6.75,3.8,0.27,6000,15,0.006,0.0504
rq4graded,6.75,3.8,0.27,6000,16,0.0039,0.0436
rq4graded,6.75,3.8,0.27,6000,17,0.0023,0.0291
rq4graded,6.75,3.8,0.27,6000,18,0.0017,0.0202
floor1,7.0,3.2,0.23,6000,0,0.0566,1.5037
floor1,7.0,3.2,0.23,6000,1,0.1635,1.3126
floor1,7.0,3.2,0.23,6000,2,0.1085,1.1229
floor1,7.0,3.2,0.23,6000,3,0.0958,0.9749
floor1,7.0,3.2,0.23,6000,4,0.0851,0.8367
floor1,7.0,3.2,0.23,6000,5,0.0712,0.7031
floor1,7.0,3.2,0.23,6000,6,0.0665,0.5755
floor1,7.0,3.2,0.23,6000,7,0.0568,0.4474
floor1,7.0,3.2,0.23,6000,8,0.0496,0.3438
floor1,7.0,3.2,0.23,6000,9,0.0434,0.2778
floor1,7.0,3.2,0.23,6000,10,0.0407,0.2197
floor1,7.0,3.2,0.23,6000,11,0.033,0.1702
floor1,7.0,3.2,0.23,6000,12,0.0321,0.1401
floor1,7.0,3.2,0.23,6000,13,0.0294,0.1103
floor1,7.0,3.2,0.23,6000,14,0.0209,0.0982
floor1,7.0,3.2,0.23,6000,15,0.0172,0.0891
floor1,7.0,3.2,0.23,6000,16,0.0128,0.0669
floor1,7.0,3.2,0.23,6000,17,0.0077,0.0607
floor1,7.0,3.2,0.23,6000,18,0.0053,0.0463
floor1,7.0,3.2,0.23,6000,19,0.0028,0.0351
rq4graded,7.0,3.2,0.23,6000,1,0.1632,1.427
rq4graded,7.0,3.2,0.23,6000,2,0.1622,1.1699
rq4graded,7.0,3.2,0.23,6000,3,0.1166,0.9618
rq4graded,7.0,3.2,0.23,6000,4,0.0813,0.8038
rq4graded,7.0,3.2,0.23,6000,5,0.0685,0.6798
rq4graded,7.0,3.2,0.23,6000,6,0.0625,0.5583
rq4graded,7.0,3.2,0.23,6000,7,0.056,0.4359
rq4graded,7.0,3.2,0.23,6000,8,0.0483,0.3365
rq4graded,7.0,3.2,0.23,6000,9,0.042,0.2748
rq4graded,7.0,3.2,0.23,6000,10,0.0404,0.2158
rq4graded,7.0,3.2,0.23,6000,11,0.0314,0.1696
rq4graded,7.0,3.2,0.23,6000,12,0.0327,0.1399
rq4graded,7.0,3.2,0.23,6000,13,0.0286,0.1096
rq4graded,7.0,3.2,0.23,6000,14,0.0203,0.0976
rq4graded,7.0,3.2,0.23,6000,15,0.0167,0.0897
rq4graded,7.0,3.2,0.23,6000,16,0.0127,0.0667
rq4graded,7.0,3.2,0.23,6000,17,0.0076,0.0603
rq4graded,7.0,3.2,0.23,6000,18,0.0053,0.0463
rq4graded,7.0,3.2,0.23,6000,19,0.0028,0.0351
floor1,7.0,3.2,0.25,6000,0,0.1983,1.3517
floor1,7.0,3.2,0.25,6000,1,0.149,1.0946
floor1,7.0,3.2,0.25,6000,2,0.0923,0.9229
floor1,7.0,3.2,0.25,6000,3,0.0772,0.7946
floor1,7.0,3.2,0.25,6000,4,0.069,0.6745
floor1,7.0,3.2,0.25,6000,5,0.0609,0.5515
floor1,7.0,3.2,0.25,6000,6,0.0516,0.4432
floor1,7.0,3.2,0.25,6000,7,0.0481,0.3373
floor1,7.0,3.2,0.25,6000,8,0.0419,0.2776
floor1,7.0,3.2,0.25,6000,9,0.037,0.2291
floor1,7.0,3.2,0.25,6000,10,0.0319,0.1788
floor1,7.0,3.2,0.25,6000,11,0.0313,0.1514
floor1,7.0,3.2,0.25,6000,12,0.0288,0.1209
floor1,7.0,3.2,0.25,6000,13,0.023,0.0937
floor1,7.0,3.2,0.25,6000,14,0.0199,0.0912
floor1,7.0,3.2,0.25,6000,15,0.0145,0.0764
floor1,7.0,3.2,0.25,6000,16,0.0114,0.0619
floor1,7.0,3.2,0.25,6000,17,0.0059,0.0541
floor1,7.0,3.2,0.25,6000,18,0.0047,0.0434
floor1,7.0,3.2,0.25,6000,19,0.0025,0.0319
rq4graded,7.0,3.2,0.25,6000,0,0.0734,1.4831
rq4graded,7.0,3.2,0.25,6000,1,0.2274,1.2316
rq4graded,7.0,3.2,0.25,6000,2,0.1323,0.9664
rq4graded,7.0,3.2,0.25,6000,3,0.0975,0.7866
rq4graded,7.0,3.2,0.25,6000,4,0.0648,0.6503
rq4graded,7.0,3.2,0.25,6000,5,0.059,0.5338
rq4graded,7.0,3.2,0.25,6000,6,0.0509,0.4283
rq4graded,7.0,3.2,0.25,6000,7,0.0456,0.3325
rq4graded,7.0,3.2,0.25,6000,8,0.0405,0.2732
rq4graded,7.0,3.2,0.25,6000,9,0.037,0.2241
rq4graded,7.0,3.2,0.25,6000,10,0.0314,0.177
rq4graded,7.0,3.2,0.25,6000,11,0.031,0.1494
rq4graded,7.0,3.2,0.25,6000,12,0.0271,0.1219
rq4graded,7.0,3.2,0.25,6000,13,0.0226,0.094
rq4graded,7.0,3.2,0.25,6000,14,0.0199,0.0913
rq4graded,7.0,3.2,0.25,6000,15,0.0145,0.0758
rq4graded,7.0,3.2,0.25,6000,16,0.0113,0.0625
rq4graded,7.0,3.2,0.25,6000,17,0.0056,0.0535
rq4graded,7.0,3.2,0.25,6000,18,0.0047,0.0434
rq4graded,7.0,3.2,0.25,6000,19,0.0025,0.0319
floor1,7.0,3.2,0.27,6000,0,0.3263,1.2447
floor1,7.0,3.2,0.27,6000,1,0.1241,0.9075
floor1,7.0,3.2,0.27,6000,2,0.0743,0.7568
floor1,7.0,3.2,0.27,6000,3,0.0641,0.6463
floor1,7.0,3.2,0.27,6000,4,0.0565,0.5362
floor1,7.0,3.2,0.27,6000,5,0.0487,0.4337
floor1,7.0,3.2,0.27,6000,6,0.0453,0.3339
floor1,7.0,3.2,0.27,6000,7,0.0399,0.2808
floor1,7.0,3.2,0.27,6000,8,0.0358,0.2344
floor1,7.0,3.2,0.27,6000,9,0.0312,0.1828
floor1,7.0,3.2,0.27,6000,10,0.029,0.1613
floor1,7.0,3.2,0.27,6000,11,0.027,0.1279
floor1,7.0,3.2,0.27,6000,12,0.0252,0.1083
floor1,7.0,3.2,0.27,6000,13,0.0207,0.0841
floor1,7.0,3.2,0.27,6000,14,0.0174,0.0868
floor1,7.0,3.2,0.27,6000,15,0.0123,0.0655
floor1,7.0,3.2,0.27,6000,16,0.0099,0.0589
floor1,7.0,3.2,0.27,6000,17,0.0056,0.0447
floor1,7.0,3.2,0.27,6000,18,0.0039,0.0439
floor1,7.0,3.2,0.27,6000,19,0.0022,0.0239
rq4graded,7.0,3.2,0.27,6000,0,0.2069,1.344
rq4graded,7.0,3.2,0.27,6000,1,0.2008,1.0384
rq4graded,7.0,3.2,0.27,6000,2,0.1097,0.8016
rq4graded,7.0,3.2,0.27,6000,3,0.0819,0.6424
rq4graded,7.0,3.2,0.27,6000,4,0.055,0.5163
rq4graded,7.0,3.2,0.27,6000,5,0.0461,0.4183
rq4graded,7.0,3.2,0.27,6000,6,0.0447,0.3276
rq4graded,7.0,3.2,0.27,6000,7,0.0379,0.2726
rq4graded,7.0,3.2,0.27,6000,8,0.0357,0.2315
rq4graded,7.0,3.2,0.27,6000,9,0.0301,0.1808
rq4graded,7.0,3.2,0.27,6000,10,0.0278,0.1617
rq4graded,7.0,3.2,0.27,6000,11,0.027,0.1264
rq4graded,7.0,3.2,0.27,6000,12,0.0251,0.1058
rq4graded,7.0,3.2,0.27,6000,13,0.02,0.0848
rq4graded,7.0,3.2,0.27,6000,14,0.0169,0.0881
rq4graded,7.0,3.2,0.27,6000,15,0.0125,0.0654
rq4graded,7.0,3.2,0.27,6000,16,0.0095,0.059
rq4graded,7.0,3.2,0.27,6000,17,0.0057,0.0447
rq4graded,7.0,3.2,0.27,6000,18,0.0039,0.0433
rq4graded,7.0,3.2,0.27,6000,19,0.0021,0.0241
floor1,7.0,3.8,0.23,6000,0,0.1078,1.4413
floor1,7.0,3.8,0.23,6000,1,0.1951,1.2012
floor1,7.0,3.8,0.23,6000,2,0.1109,0.9807
floor1,7.0,3.8,0.23,6000,3,0.0951,0.8253
floor1,7.0,3.8,0.23,6000,4,0.0808,0.6787
floor1,7.0,3.8,0.23,6000,5,0.0697,0.5369
floor1,7.0,3.8,0.23,6000,6,0.0589,0.406
floor1,7.0,3.8,0.23,6000,7,0.0503,0.3071
floor1,7.0,3.8,0.23,6000,8,0.0442,0.2489
floor1,7.0,3.8,0.23,6000,9,0.0367,0.1877
floor1,7.0,3.8,0.23,6000,10,0.0326,0.1592
floor1,7.0,3.8,0.23,6000,11,0.03,0.1235
floor1,7.0,3.8,0.23,6000,12,0.0251,0.0966
floor1,7.0,3.8,0.23,6000,13,0.0214,0.0877
floor1,7.0,3.8,0.23,6000,14,0.0142,0.0775
floor1,7.0,3.8,0.23,6000,15,0.0122,0.0602
floor1,7.0,3.8,0.23,6000,16,0.0062,0.0511
floor1,7.0,3.8,0.23,6000,17,0.0049,0.0432
floor1,7.0,3.8,0.23,6000,18,0.0028,0.0317
rq4graded,7.0,3.8,0.23,6000,1,0.2384,1.3551
rq4graded,7.0,3.8,0.23,6000,2,0.1675,1.0387
rq4graded,7.0,3.8,0.23,6000,3,0.1185,0.8161
rq4graded,7.0,3.8,0.23,6000,4,0.0763,0.6498
rq4graded,7.0,3.8,0.23,6000,5,0.0655,0.5205
rq4graded,7.0,3.8,0.23,6000,6,0.0585,0.3911
rq4graded,7.0,3.8,0.23,6000,7,0.0486,0.2995
rq4graded,7.0,3.8,0.23,6000,8,0.0425,0.2468
rq4graded,7.0,3.8,0.23,6000,9,0.0351,0.1866
rq4graded,7.0,3.8,0.23,6000,10,0.0324,0.1572
rq4graded,7.0,3.8,0.23,6000,11,0.0303,0.122
rq4graded,7.0,3.8,0.23,6000,12,0.0237,0.0965
rq4graded,7.0,3.8,0.23,6000,13,0.021,0.0885
rq4graded,7.0,3.8,0.23,6000,14,0.0142,0.0774
rq4graded,7.0,3.8,0.23,6000,15,0.0118,0.0605
rq4graded,7.0,3.8,0.23,6000,16,0.0061,0.0511
rq4graded,7.0,3.8,0.23,6000,17,0.005,0.0425
rq4graded,7.0,3.8,0.23,6000,18,0.0028,0.0319
floor1,7.0,3.8,0.25,6000,0,0.2865,1.277
floor1,7.0,3.8,0.25,6000,1,0.1511,0.9508
floor1,7.0,3.8,0.25,6000,2,0.088,0.7666
floor1,7.0,3.8,0.25,6000,3,0.074,0.6332
floor1,7.0,3.8,0.25,6000,4,0.0646,0.5049
floor1,7.0,3.8,0.25,6000,5,0.0525,0.3873
floor1,7.0,3.8,0.25,6000,6,0.0478,0.2982
floor1,7.0,3.8,0.25,6000,7,0.0414,0.2446
floor1,7.0,3.8,0.25,6000,8,0.0345,0.1921
floor1,7.0,3.8,0.25,6000,9,0.0325,0.1593
floor1,7.0,3.8,0.25,6000,10,0.0267,0.132
floor1,7.0,3.8,0.25,6000,11,0.0271,0.1054
floor1,7.0,3.8,0.25,6000,12,0.0218,0.0804
floor1,7.0,3.8,0.25,6000,13,0.0173,0.0822
floor1,7.0,3.8,0.25,6000,14,0.0121,0.066
floor1,7.0,3.8,0.25,6000,15,0.0098,0.0529
floor1,7.0,3.8,0.25,6000,16,0.005,0.0453
floor1,7.0,3.8,0.25,6000,17,0.0045,0.0405
floor1,7.0,3.8,0.25,6000,18,0.002,0.0253
rq4graded,7.0,3.8,0.25,6000,0,0.133,1.414
rq4graded,7.0,3.8,0.25,6000,1,0.2513,1.1151
rq4graded,7.0,3.8,0.25,6000,2,0.1338,0.8208
rq4graded,7.0,3.8,0.25,6000,3,0.0925,0.6314
rq4graded,7.0,3.8,0.25,6000,4,0.0609,0.4888
rq4graded,7.0,3.8,0.25,6000,5,0.052,0.3723
rq4graded,7.0,3.8,0.25,6000,6,0.0465,0.2927
rq4graded,7.0,3.8,0.25,6000,7,0.0401,0.241
rq4graded,7.0,3.8,0.25,6000,8,0.0339,0.1873
rq4graded,7.0,3.8,0.25,6000,9,0.0302,0.1602
rq4graded,7.0,3.8,0.25,6000,10,0.0276,0.1294
rq4graded,7.0,3.8,0.25,6000,11,0.0255,0.1068
rq4graded,7.0,3.8,0.25,6000,12,0.0217,0.0804
rq4graded,7.0,3.8,0.25,6000,13,0.0169,0.0824
rq4graded,7.0,3.8,0.25,6000,14,0.0119,0.0662
rq4graded,7.0,3.8,0.25,6000,15,0.0098,0.0529
rq4graded,7.0,3.8,0.25,6000,16,0.0051,0.0448
rq4graded,7.0,3.8,0.25,6000,17,0.0043,0.0406
rq4graded,7.0,3.8,0.25,6000,18,0.002,0.0253
floor1,7.0,3.8,0.27,6000,0,0.4195,1.1694
floor1,7.0,3.8,0.27,6000,1,0.1201,0.7519
floor1,7.0,3.8,0.27,6000,2,0.0696,0.5954
floor1,7.0,3.8,0.27,6000,3,0.0566,0.4769
floor1,7.0,3.8,0.27,6000,4,0.0498,0.3718
floor1,7.0,3.8,0.27,6000,5,0.0461,0.2889
floor1,7.0,3.8,0.27,6000,6,0.0395,0.2408
floor1,7.0,3.8,0.27,6000,7,0.0313,0.1959
floor1,7.0,3.8,0.27,6000,8,0.0308,0.1602
floor1,7.0,3.8,0.27,6000,9,0.0263,0.1404
floor1,7.0,3.8,0.27,6000,10,0.026,0.1097
floor1,7.0,3.8,0.27,6000,11,0.0195,0.0919
floor1,7.0,3.8,0.27,6000,12,0.0219,0.0747
floor1,7.0,3.8,0.27,6000,13,0.0132,0.0714
floor1,7.0,3.8,0.27,6000,14,0.0117,0.0579
floor1,7.0,3.8,0.27,6000,15,0.007,0.0461
floor1,7.0,3.8,0.27,6000,16,0.0052,0.0439
floor1,7.0,3.8,0.27,6000,17,0.0033,0.0373
floor1,7.0,3.8,0.27,6000,18,0.0017,0.0217
rq4graded,7.0,3.8,0.27,6000,0,0.2957,1.2695
rq4graded,7.0,3.8,0.27,6000,1,0.1989,0.8943
rq4graded,7.0,3.8,0.27,6000,2,0.1071,0.6436
rq4graded,7.0,3.8,0.27,6000,3,0.0727,0.4777
rq4graded,7.0,3.8,0.27,6000,4,0.0478,0.3587
rq4graded,7.0,3.8,0.27,6000,5,0.0442,0.2843
rq4graded,7.0,3.8,0.27,6000,6,0.0381,0.2366
rq4graded,7.0,3.8,0.27,6000,7,0.0313,0.1914
rq4graded,7.0,3.8,0.27,6000,8,0.0301,0.1588
rq4graded,7.0,3.8,0.27,6000,9,0.026,0.1373
rq4graded,7.0,3.8,0.27,6000,10,0.0255,0.1091
rq4graded,7.0,3.8,0.27,6000,11,0.0187,0.0909
rq4graded,7.0,3.8,0.27,6000,12,0.0215,0.0757
rq4graded,7.0,3.8,0.27,6000,13,0.0126,0.072
rq4graded,7.0,3.8,0.27,6000,14,0.0117,0.0578
rq4graded,7.0,3.8,0.27,6000,15,0.007,0.0466
rq4graded,7.0,3.8,0.27,6000,16,0.0052,0.0431
rq4graded,7.0,3.8,0.27,6000,17,0.0033,0.0377
floor1,7.25,3.2,0.23,6000,0,0.055,1.4714
floor1,7.25,3.2,0.23,6000,1,0.1617,1.2636
floor1,7.25,3.2,0.23,6000,2,0.1061,1.0569
floor1,7.25,3.2,0.23,6000,3,0.0929,0.8946
floor1,7.25,3.2,0.23,6000,4,0.0808,0.7531
floor1,7.25,3.2,0.23,6000,5,0.0716,0.6063
floor1,7.25,3.2,0.23,6000,6,0.061,0.4813
floor1,7.25,3.2,0.23,6000,7,0.0527,0.3824
floor1,7.25,3.2,0.23,6000,8,0.05,0.2895
floor1,7.25,3.2,0.23,6000,9,0.0446,0.2365
floor1,7.25,3.2,0.23,6000,10,0.0399,0.1991
floor1,7.25,3.2,0.23,6000,11,0.0378,0.1615
floor1,7.25,3.2,0.23,6000,12,0.0326,0.1293
floor1,7.25,3.2,0.23,6000,13,0.032,0.109
floor1,7.25,3.2,0.23,6000,14,0.0242,0.0922
floor1,7.25,3.2,0.23,6000,15,0.02,0.0829
floor1,7.25,3.2,0.23,6000,16,0.0161,0.0751
floor1,7.25,3.2,0.23,6000,17,0.01,0.0608
floor1,7.25,3.2,0.23,6000,18,0.0062,0.0472
floor1,7.25,3.2,0.23,6000,19,0.0037,0.0388
rq4graded,7.25,3.2,0.23,6000,1,0.1608,1.3841
rq4graded,7.25,3.2,0.23,6000,2,0.1588,1.1066
rq4graded,7.25,3.2,0.23,6000,3,0.1141,0.8797
rq4graded,7.25,3.2,0.23,6000,4,0.0768,0.7154
rq4graded,7.25,3.2,0.23,6000,5,0.0665,0.5873
rq4graded,7.25,3.2,0.23,6000,6,0.0591,0.4679
rq4graded,7.25,3.2,0.23,6000,7,0.051,0.3751
rq4graded,7.25,3.2,0.23,6000,8,0.0494,0.2846
rq4graded,7.25,3.2,0.23,6000,9,0.0432,0.2333
rq4graded,7.25,3.2,0.23,6000,10,0.0393,0.198
rq4graded,7.25,3.2,0.23,6000,11,0.0374,0.1589
rq4graded,7.25,3.2,0.23,6000,12,0.0323,0.1288
rq4graded,7.25,3.2,0.23,6000,13,0.0305,0.1101
rq4graded,7.25,3.2,0.23,6000,14,0.0238,0.0924
rq4graded,7.25,3.2,0.23,6000,15,0.0198,0.0832
rq4graded,7.25,3.2,0.23,6000,16,0.0164,0.0746
rq4graded,7.25,3.2,0.23,6000,17,0.0098,0.0612
rq4graded,7.25,3.2,0.23,6000,18,0.0064,0.0467
rq4graded,7.25,3.2,0.23,6000,19,0.0035,0.0393
floor1,7.25,3.2,0.25,6000,0,0.1942,1.31
floor1,7.25,3.2,0.25,6000,1,0.1468,1.0315
floor1,7.25,3.2,0.25,6000,2,0.0883,0.846
floor1,7.25,3.2,0.25,6000,3,0.0746,0.7093
floor1,7.25,3.2,0.25,6000,4,0.0673,0.5802
floor1,7.25,3.2,0.25,6000,5,0.056,0.4667
floor1,7.25,3.2,0.25,6000,6,0.0501,0.3671
floor1,7.25,3.2,0.25,6000,7,0.0464,0.2917
floor1,7.25,3.2,0.25,6000,8,0.0416,0.2377
floor1,7.25,3.2,0.25,6000,9,0.038,0.2035
floor1,7.25,3.2,0.25,6000,10,0.037,0.1693
floor1,7.25,3.2,0.25,6000,11,0.0304,0.1346
floor1,7.25,3.2,0.25,6000,12,0.0317,0.1163
floor1,7.25,3.2,0.25,6000,13,0.0272,0.0966
floor1,7.25,3.2,0.25,6000,14,0.0208,0.0832
floor1,7.25,3.2,0.25,6000,15,0.0181,0.078
floor1,7.25,3.2,0.25,6000,16,0.0129,0.0629
floor1,7.25,3.2,0.25,6000,17,0.0092,0.0596
floor1,7.25,3.2,0.25,6000,18,0.0053,0.0426
floor1,7.25,3.2,0.25,6000,19,0.0031,0.0364
rq4graded,7.25,3.2,0.25,6000,0,0.0722,1.4486
rq4graded,7.25,3.2,0.25,6000,1,0.2229,1.1768
rq4graded,7.25,3.2,0.25,6000,2,0.1281,0.892
rq4graded,7.25,3.2,0.25,6000,3,0.0951,0.7004
rq4graded,7.25,3.2,0.25,6000,4,0.0613,0.5591
rq4graded,7.25,3.2,0.25,6000,5,0.056,0.4521
rq4graded,7.25,3.2,0.25,6000,6,0.0465,0.3588
rq4graded,7.25,3.2,0.25,6000,7,0.046,0.2848
rq4graded,7.25,3.2,0.25,6000,8,0.0412,0.2344
rq4graded,7.25,3.2,0.25,6000,9,0.0369,0.2036
rq4graded,7.25,3.2,0.25,6000,10,0.0369,0.1654
rq4graded,7.25,3.2,0.25,6000,11,0.0296,0.1353
rq4graded,7.25,3.2,0.25,6000,12,0.0309,0.1155
rq4graded,7.25,3.2,0.25,6000,13,0.0273,0.0968
rq4graded,7.25,3.2,0.25,6000,14,0.0202,0.0834
rq4graded,7.25,3.2,0.25,6000,15,0.0176,0.0784
rq4graded,7.25,3.2,0.25,6000,16,0.0128,0.0632
rq4graded,7.25,3.2,0.25,6000,17,0.0092,0.0596
rq4graded,7.25,3.2,0.25,6000,18,0.0053,0.0426
rq4graded,7.25,3.2,0.25,6000,19,0.0031,0.0364
floor1,7.25,3.2,0.27,6000,0,0.3219,1.1942
floor1,7.25,3.2,0.27,6000,1,0.1194,0.831
floor1,7.25,3.2,0.27,6000,2,0.0682,0.673
floor1,7.25,3.2,0.27,6000,3,0.0635,0.5574
floor1,7.25,3.2,0.27,6000,4,0.0534,0.4507
floor1,7.25,3.2,0.27,6000,5,0.0462,0.3571
floor1,7.25,3.2,0.27,6000,6,0.0428,0.2955
floor1,7.25,3.2,0.27,6000,7,0.0413,0.2365
floor1,7.25,3.2,0.27,6000,8,0.0358,0.2045
floor1,7.25,3.2,0.27,6000,9,0.0343,0.1791
floor1,7.25,3.2,0.27,6000,10,0.0299,0.1422
floor1,7.25,3.2,0.27,6000,11,0.0297,0.1261
floor1,7.25,3.2,0.27,6000,12,0.0269,0.0998
floor1,7.25,3.2,0.27,6000,13,0.0249,0.0884
floor1,7.25,3.2,0.27,6000,14,0.0185,0.0747
floor1,7.25,3.2,0.27,6000,15,0.0159,0.0746
floor1,7.25,3.2,0.27,6000,16,0.0116,0.0577
floor1,7.25,3.2,0.27,6000,17,0.0072,0.0532
floor1,7.25,3.2,0.27,6000,18,0.0052,0.0412
floor1,7.25,3.2,0.27,6000,19,0.0027,0.0342
rq4graded,7.25,3.2,0.27,6000,0,0.2021,1.3023
rq4graded,7.25,3.2,0.27,6000,1,0.1964,0.9732
rq4graded,7.25,3.2,0.27,6000,2,0.106,0.7219
rq4graded,7.25,3.2,0.27,6000,3,0.0783,0.5508
rq4graded,7.25,3.2,0.27,6000,4,0.0511,0.4361
rq4graded,7.25,3.2,0.27,6000,5,0.045,0.3471
rq4graded,7.25,3.2,0.27,6000,6,0.0421,0.2882
rq4graded,7.25,3.2,0.27,6000,7,0.0399,0.2327
rq4graded,7.25,3.2,0.27,6000,8,0.0354,0.2013
rq4graded,7.25,3.2,0.27,6000,9,0.033,0.1781
rq4graded,7.25,3.2,0.27,6000,10,0.0296,0.1415
rq4graded,7.25,3.2,0.27,6000,11,0.0285,0.1261
rq4graded,7.25,3.2,0.27,6000,12,0.0271,0.0989
rq4graded,7.25,3.2,0.27,6000,13,0.024,0.089
rq4graded,7.25,3.2,0.27,6000,14,0.0187,0.0747
rq4graded,7.25,3.2,0.27,6000,15,0.0156,0.0748
rq4graded,7.25,3.2,0.27,6000,16,0.0115,0.0578
rq4graded,7.25,3.2,0.27,6000,17,0.0071,0.0536
rq4graded,7.25,3.2,0.27,6000,18,0.0052,0.0412
rq4graded,7.25,3.2,0.27,6000,19,0.0027,0.0342
floor1,7.25,3.8,0.23,6000,0,0.1063,1.4041
floor1,7.25,3.8,0.23,6000,1,0.1914,1.1436
floor1,7.25,3.8,0.23,6000,2,0.1066,0.9066
floor1,7.25,3.8,0.23,6000,3,0.092,0.7437
floor1,7.25,3.8,0.23,6000,4,0.0789,0.5831
floor1,7.25,3.8,0.23,6000,5,0.0645,0.4508
floor1,7.25,3.8,0.23,6000,6,0.0542,0.3449
floor1,7.25,3.8,0.23,6000,7,0.0508,0.2626
floor1,7.25,3.8,0.23,6000,8,0.0461,0.2178
floor1,7.25,3.8,0.23,6000,9,0.0395,0.1826
floor1,7.25,3.8,0.23,6000,10,0.0337,0.1397
floor1,7.25,3.8,0.23,6000,11,0.0324,0.1217
floor1,7.25,3.8,0.23,6000,12,0.0296,0.0954
floor1,7.25,3.8,0.23,6000,13,0.0218,0.0822
floor1,7.25,3.8,0.23,6000,14,0.0193,0.075
floor1,7.25,3.8,0.23,6000,15,0.0126,0.0631
floor1,7.25,3.8,0.23,6000,16,0.0099,0.0567
floor1,7.25,3.8,0.23,6000,17,0.0051,0.0404
floor1,7.25,3.8,0.23,6000,18,0.0037,0.0377
rq4graded,7.25,3.8,0.23,6000,1,0.2346,1.308
rq4graded,7.25,3.8,0.23,6000,2,0.1623,0.9684
rq4graded,7.25,3.8,0.23,6000,3,0.1162,0.7313
rq4graded,7.25,3.8,0.23,6000,4,0.0706,0.558
rq4graded,7.25,3.8,0.23,6000,5,0.0638,0.437
rq4graded,7.25,3.8,0.23,6000,6,0.0523,0.3362
rq4graded,7.25,3.8,0.23,6000,7,0.0491,0.2567
rq4graded,7.25,3.8,0.23,6000,8,0.0441,0.2161
rq4graded,7.25,3.8,0.23,6000,9,0.0395,0.1806
rq4graded,7.25,3.8,0.23,6000,10,0.0328,0.1393
rq4graded,7.25,3.8,0.23,6000,11,0.0328,0.1192
rq4graded,7.25,3.8,0.23,6000,12,0.0281,0.0973
rq4graded,7.25,3.8,0.23,6000,13,0.0219,0.081
rq4graded,7.25,3.8,0.23,6000,14,0.0186,0.0758
rq4graded,7.25,3.8,0.23,6000,15,0.0124,0.0635
rq4graded,7.25,3.8,0.23,6000,16,0.0099,0.0562
rq4graded,7.25,3.8,0.23,6000,17,0.005,0.041
rq4graded,7.25,3.8,0.23,6000,18,0.0037,0.0377
floor1,7.25,3.8,0.25,6000,0,0.2798,1.2311
floor1,7.25,3.8,0.25,6000,1,0.1489,0.8795
floor1,7.25,3.8,0.25,6000,2,0.0818,0.6852
floor1,7.25,3.8,0.25,6000,3,0.0726,0.5457
floor1,7.25,3.8,0.25,6000,4,0.0605,0.4233
floor1,7.25,3.8,0.25,6000,5,0.0495,0.326
floor1,7.25,3.8,0.25,6000,6,0.046,0.257
floor1,7.25,3.8,0.25,6000,7,0.0433,0.2175
floor1,7.25,3.8,0.25,6000,8,0.0379,0.1838
floor1,7.25,3.8,0.25,6000,9,0.0329,0.1436
floor1,7.25,3.8,0.25,6000,10,0.0312,0.1268
floor1,7.25,3.8,0.25,6000,11,0.0275,0.0995
floor1,7.25,3.8,0.25,6000,12,0.0254,0.0851
floor1,7.25,3.8,0.25,6000,13,0.0196,0.0727
floor1,7.25,3.8,0.25,6000,14,0.0158,0.0714
floor1,7.25,3.8,0.25,6000,15,0.0113,0.0528
floor1,7.25,3.8,0.25,6000,16,0.007,0.0504
floor1,7.25,3.8,0.25,6000,17,0.005,0.0391
floor1,7.25,3.8,0.25,6000,18,0.0028,0.0359
rq4graded,7.25,3.8,0.25,6000,0,0.1302,1.376
rq4graded,7.25,3.8,0.25,6000,1,0.2456,1.0543
rq4graded,7.25,3.8,0.25,6000,2,0.1287,0.7421
rq4graded,7.25,3.8,0.25,6000,3,0.0901,0.541
rq4graded,7.25,3.8,0.25,6000,4,0.0575,0.4048
rq4graded,7.25,3.8,0.25,6000,5,0.0478,0.319
rq4graded,7.25,3.8,0.25,6000,6,0.0456,0.2484
rq4graded,7.25,3.8,0.25,6000,7,0.0418,0.2149
rq4graded,7.25,3.8,0.25,6000,8,0.0368,0.1822
rq4graded,7.25,3.8,0.25,6000,9,0.0321,0.1405
rq4graded,7.25,3.8,0.25,6000,10,0.0297,0.1276
rq4graded,7.25,3.8,0.25,6000,11,0.0278,0.0983
rq4graded,7.25,3.8,0.25,6000,12,0.0246,0.0846
rq4graded,7.25,3.8,0.25,6000,13,0.02,0.0725
rq4graded,7.25,3.8,0.25,6000,14,0.0149,0.0725
rq4graded,7.25,3.8,0.25,6000,15,0.011,0.0534
rq4graded,7.25,3.8,0.25,6000,16,0.007,0.0504
rq4graded,7.25,3.8,0.25,6000,17,0.005,0.0391
rq4graded,7.25,3.8,0.25,6000,18,0.0028,0.0359
floor1,7.25,3.8,0.27,6000,0,0.4093,1.1176
floor1,7.25,3.8,0.27,6000,1,0.1169,0.6718
floor1,7.25,3.8,0.27,6000,2,0.0643,0.5074
floor1,7.25,3.8,0.27,6000,3,0.0557,0.3993
floor1,7.25,3.8,0.27,6000,4,0.0474,0.3092
floor1,7.25,3.8,0.27,6000,5,0.0413,0.2525
floor1,7.25,3.8,0.27,6000,6,0.0418,0.2128
floor1,7.25,3.8,0.27,6000,7,0.0364,0.1835
floor1,7.25,3.8,0.27,6000,8,0.0297,0.1513
floor1,7.25,3.8,0.27,6000,9,0.0303,0.1267
floor1,7.25,3.8,0.27,6000,10,0.0273,0.109
floor1,7.25,3.8,0.27,6000,11,0.0256,0.0874
floor1,7.25,3.8,0.27,6000,12,0.0187,0.075
floor1,7.25,3.8,0.27,6000,13,0.0197,0.0662
floor1,7.25,3.8,0.27,6000,14,0.0119,0.0626
floor1,7.25,3.8,0.27,6000,15,0.0107,0.0517
floor1,7.25,3.8,0.27,6000,16,0.0051,0.0438
floor1,7.25,3.8,0.27,6000,17,0.0046,0.0362
floor1,7.25,3.8,0.27,6000,18,0.0024,0.0301
rq4graded,7.25,3.8,0.27,6000,0,0.2893,1.2227
rq4graded,7.25,3.8,0.27,6000,1,0.1944,0.8206
rq4graded,7.25,3.8,0.27,6000,2,0.1005,0.5573
rq4graded,7.25,3.8,0.27,6000,3,0.0708,0.3989
rq4graded,7.25,3.8,0.27,6000,4,0.0445,0.3028
rq4graded,7.25,3.8,0.27,6000,5,0.0425,0.2438
rq4graded,7.25,3.8,0.27,6000,6,0.0396,0.2099
rq4graded,7.25,3.8,0.27,6000,7,0.0354,0.18
rq4graded,7.25,3.8,0.27,6000,8,0.029,0.1473
rq4graded,7.25,3.8,0.27,6000,9,0.0299,0.1257
rq4graded,7.25,3.8,0.27,6000,10,0.0261,0.1088
rq4graded,7.25,3.8,0.27,6000,11,0.025,0.0874
rq4graded,7.25,3.8,0.27,6000,12,0.0183,0.0754
rq4graded,7.25,3.8,0.27,6000,13,0.0197,0.0658
rq4graded,7.25,3.8,0.27,6000,14,0.0119,0.0627
rq4graded,7.25,3.8,0.27,6000,15,0.0104,0.0519
rq4graded,7.25,3.8,0.27,6000,16,0.0051,0.0442
rq4graded,7.25,3.8,0.27,6000,17,0.0047,0.0359
rq4graded,7.25,3.8,0.27,6000,18,0.0024,0.0305
floor1,7.5,3.2,0.23,6000,0,0.0527,1.4373
floor1,7.5,3.2,0.23,6000,1,0.1599,1.2123
floor1,7.5,3.2,0.23,6000,2,0.1034,0.9876
floor1,7.5,3.2,0.23,6000,3,0.0884,0.817
floor1,7.5,3.2,0.23,6000,4,0.0782,0.6655
floor1,7.5,3.2,0.23,6000,5,0.0686,0.5191
floor1,7.5,3.2,0.23,6000,6,0.0569,0.409
floor1,7.5,3.2,0.23,6000,7,0.0527,0.3259
floor1,7.5,3.2,0.23,6000,8,0.0462,0.2693
floor1,7.5,3.2,0.23,6000,9,0.0466,0.2159
floor1,7.5,3.2,0.23,6000,10,0.0423,0.184
floor1,7.5,3.2,0.23,6000,11,0.041,0.1562
floor1,7.5,3.2,0.23,6000,12,0.0353,0.1228
floor1,7.5,3.2,0.23,6000,13,0.0339,0.1065
floor1,7.5,3.2,0.23,6000,14,0.0265,0.0957
floor1,7.5,3.2,0.23,6000,15,0.0221,0.0822
floor1,7.5,3.2,0.23,6000,16,0.0183,0.0757
floor1,7.5,3.2,0.23,6000,17,0.0127,0.0623
floor1,7.5,3.2,0.23,6000,18,0.0078,0.0529
floor1,7.5,3.2,0.23,6000,19,0.0045,0.0402
floor1,7.5,3.2,0.23,6000,20,0.0018,0.0298
rq4graded,7.5,3.2,0.23,6000,1,0.1575,1.3392
rq4graded,7.5,3.2,0.23,6000,2,0.1533,1.0421
rq4graded,7.5,3.2,0.23,6000,3,0.1125,0.8005
rq4graded,7.5,3.2,0.23,6000,4,0.0711,0.6358
rq4graded,7.5,3.2,0.23,6000,5,0.066,0.4996
rq4graded,7.5,3.2,0.23,6000,6,0.054,0.3974
rq4graded,7.5,3.2,0.23,6000,7,0.0517,0.3216
rq4graded,7.5,3.2,0.23,6000,8,0.046,0.2631
rq4graded,7.5,3.2,0.23,6000,9,0.0448,0.2135
rq4graded,7.5,3.2,0.23,6000,10,0.0421,0.1839
rq4graded,7.5,3.2,0.23,6000,11,0.0406,0.1526
rq4graded,7.5,3.2,0.23,6000,12,0.0345,0.1229
rq4graded,7.5,3.2,0.23,6000,13,0.0328,0.107
rq4graded,7.5,3.2,0.23,6000,14,0.0268,0.0954
rq4graded,7.5,3.2,0.23,6000,15,0.0214,0.0816
rq4graded,7.5,3.2,0.23,6000,16,0.018,0.0761
rq4graded,7.5,3.2,0.23,6000,17,0.0127,0.0623
rq4graded,7.5,3.2,0.23,6000,18,0.0078,0.0529
rq4graded,7.5,3.2,0.23,6000,19,0.0045,0.0402
rq4graded,7.5,3.2,0.23,6000,20,0.0018,0.0298
floor1,7.5,3.2,0.25,6000,0,0.1901,1.265
floor1,7.5,3.2,0.25,6000,1,0.1439,0.9651
floor1,7.5,3.2,0.25,6000,2,0.0842,0.7654
floor1,7.5,3.2,0.25,6000,3,0.0716,0.6252
floor1,7.5,3.2,0.25,6000,4,0.0634,0.4937
floor1,7.5,3.2,0.25,6000,5,0.0532,0.3914
floor1,7.5,3.2,0.25,6000,6,0.0488,0.3225
floor1,7.5,3.2,0.25,6000,7,0.0429,0.2688
floor1,7.5,3.2,0.25,6000,8,0.0435,0.2181
floor1,7.5,3.2,0.25,6000,9,0.0409,0.1891
floor1,7.5,3.2,0.25,6000,10,0.0368,0.1649
floor1,7.5,3.2,0.25,6000,11,0.0362,0.1319
floor1,7.5,3.2,0.25,6000,12,0.0312,0.1096
floor1,7.5,3.2,0.25,6000,13,0.0299,0.0985
floor1,7.5,3.2,0.25,6000,14,0.0253,0.0854
floor1,7.5,3.2,0.25,6000,15,0.0187,0.0742
floor1,7.5,3.2,0.25,6000,16,0.0159,0.0714
floor1,7.5,3.2,0.25,6000,17,0.0116,0.0556
floor1,7.5,3.2,0.25,6000,18,0.0061,0.0493
floor1,7.5,3.2,0.25,6000,19,0.0043,0.0385
rq4graded,7.5,3.2,0.25,6000,0,0.0701,1.4124
rq4graded,7.5,3.2,0.25,6000,1,0.2181,1.121
rq4graded,7.5,3.2,0.25,6000,2,0.1239,0.816
rq4graded,7.5,3.2,0.25,6000,3,0.0896,0.6199
rq4graded,7.5,3.2,0.25,6000,4,0.0615,0.472
rq4graded,7.5,3.2,0.25,6000,5,0.0507,0.3823
rq4graded,7.5,3.2,0.25,6000,6,0.0477,0.3125
rq4graded,7.5,3.2,0.25,6000,7,0.042,0.2633
rq4graded,7.5,3.2,0.25,6000,8,0.0431,0.2138
rq4graded,7.5,3.2,0.25,6000,9,0.0388,0.189
rq4graded,7.5,3.2,0.25,6000,10,0.0368,0.1622
rq4graded,7.5,3.2,0.25,6000,11,0.0352,0.1307
rq4graded,7.5,3.2,0.25,6000,12,0.0308,0.1097
rq4graded,7.5,3.2,0.25,6000,13,0.0289,0.0987
rq4graded,7.5,3.2,0.25,6000,14,0.0256,0.0852
rq4graded,7.5,3.2,0.25,6000,15,0.0182,0.0741
rq4graded,7.5,3.2,0.25,6000,16,0.0157,0.0724
rq4graded,7.5,3.2,0.25,6000,17,0.0116,0.0552
rq4graded,7.5,3.2,0.25,6000,18,0.006,0.0494
rq4graded,7.5,3.2,0.25,6000,19,0.0043,0.0385
floor1,7.5,3.2,0.27,6000,0,0.3128,1.1444
floor1,7.5,3.2,0.27,6000,1,0.1174,0.7556
floor1,7.5,3.2,0.27,6000,2,0.0653,0.5892
floor1,7.5,3.2,0.27,6000,3,0.0592,0.471
floor1,7.5,3.2,0.27,6000,4,0.0498,0.3792
floor1,7.5,3.2,0.27,6000,5,0.0459,0.317
floor1,7.5,3.2,0.27,6000,6,0.0417,0.2625
floor1,7.5,3.2,0.27,6000,7,0.0388,0.2252
floor1,7.5,3.2,0.27,6000,8,0.04,0.1902
floor1,7.5,3.2,0.27,6000,9,0.0361,0.1658
floor1,7.5,3.2,0.27,6000,10,0.0334,0.146
floor1,7.5,3.2,0.27,6000,11,0.03,0.113
floor1,7.5,3.2,0.27,6000,12,0.0299,0.1032
floor1,7.5,3.2,0.27,6000,13,0.0264,0.0853
floor1,7.5,3.2,0.27,6000,14,0.0207,0.0783
floor1,7.5,3.2,0.27,6000,15,0.019,0.071
floor1,7.5,3.2,0.27,6000,16,0.0135,0.0656
floor1,7.5,3.2,0.27,6000,17,0.0103,0.0512
floor1,7.5,3.2,0.27,6000,18,0.0053,0.0446
floor1,7.5,3.2,0.27,6000,19,0.0034,0.0368
rq4graded,7.5,3.2,0.27,6000,0,0.1976,1.2573
rq4graded,7.5,3.2,0.27,6000,1,0.1907,0.9059
rq4graded,7.5,3.2,0.27,6000,2,0.1021,0.6373
rq4graded,7.5,3.2,0.27,6000,3,0.0743,0.4686
rq4graded,7.5,3.2,0.27,6000,4,0.0484,0.3659
rq4graded,7.5,3.2,0.27,6000,5,0.0438,0.3075
rq4graded,7.5,3.2,0.27,6000,6,0.0392,0.2607
rq4graded,7.5,3.2,0.27,6000,7,0.0391,0.219
rq4graded,7.5,3.2,0.27,6000,8,0.0393,0.1891
rq4graded,7.5,3.2,0.27,6000,9,0.0345,0.1646
rq4graded,7.5,3.2,0.27,6000,10,0.0333,0.1454
rq4graded,7.5,3.2,0.27,6000,11,0.03,0.1111
rq4graded,7.5,3.2,0.27,6000,12,0.0292,0.1029
rq4graded,7.5,3.2,0.27,6000,13,0.0261,0.0862
rq4graded,7.5,3.2,0.27,6000,14,0.0202,0.078
rq4graded,7.5,3.2,0.27,6000,15,0.0189,0.0712
rq4graded,7.5,3.2,0.27,6000,16,0.0137,0.0643
rq4graded,7.5,3.2,0.27,6000,17,0.0098,0.0527
rq4graded,7.5,3.2,0.27,6000,18,0.0053,0.0446
rq4graded,7.5,3.2,0.27,6000,19,0.0034,0.0368
floor1,7.5,3.8,0.23,6000,0,0.1027,1.3666
floor1,7.5,3.8,0.23,6000,1,0.1869,1.087
floor1,7.5,3.8,0.23,6000,2,0.1051,0.8327
floor1,7.5,3.8,0.23,6000,3,0.0883,0.6583
floor1,7.5,3.8,0.23,6000,4,0.0746,0.4975
floor1,7.5,3.8,0.23,6000,5,0.0604,0.3824
floor1,7.5,3.8,0.23,6000,6,0.0557,0.302
floor1,7.5,3.8,0.23,6000,7,0.0482,0.2438
floor1,7.5,3.8,0.23,6000,8,0.0466,0.198
floor1,7.5,3.8,0.23,6000,9,0.0408,0.1688
floor1,7.5,3.8,0.23,6000,10,0.0397,0.141
floor1,7.5,3.8,0.23,6000,11,0.0327,0.1123
floor1,7.5,3.8,0.23,6000,12,0.0315,0.0969
floor1,7.5,3.8,0.23,6000,13,0.027,0.0835
floor1,7.5,3.8,0.23,6000,14,0.0184,0.0726
floor1,7.5,3.8,0.23,6000,15,0.0167,0.0687
floor1,7.5,3.8,0.23,6000,16,0.0114,0.0526
floor1,7.5,3.8,0.23,6000,17,0.0065,0.0491
floor1,7.5,3.8,0.23,6000,18,0.0045,0.0382
rq4graded,7.5,3.8,0.23,6000,1,0.2296,1.259
rq4graded,7.5,3.8,0.23,6000,2,0.1583,0.8957
rq4graded,7.5,3.8,0.23,6000,3,0.1094,0.6496
rq4graded,7.5,3.8,0.23,6000,4,0.0704,0.4728
rq4graded,7.5,3.8,0.23,6000,5,0.0569,0.3722
rq4graded,7.5,3.8,0.23,6000,6,0.0534,0.2973
rq4graded,7.5,3.8,0.23,6000,7,0.0494,0.2371
rq4graded,7.5,3.8,0.23,6000,8,0.0445,0.1953
rq4graded,7.5,3.8,0.23,6000,9,0.0393,0.1683
rq4graded,7.5,3.8,0.23,6000,10,0.0399,0.1383
rq4graded,7.5,3.8,0.23,6000,11,0.0311,0.113
rq4graded,7.5,3.8,0.23,6000,12,0.0312,0.0971
rq4graded,7.5,3.8,0.23,6000,13,0.0267,0.0839
rq4graded,7.5,3.8,0.23,6000,14,0.0186,0.0729
rq4graded,7.5,3.8,0.23,6000,15,0.0165,0.0687
rq4graded,7.5,3.8,0.23,6000,16,0.0112,0.0526
rq4graded,7.5,3.8,0.23,6000,17,0.0064,0.0497
rq4graded,7.5,3.8,0.23,6000,18,0.0045,0.0382
floor1,7.5,3.8,0.25,6000,0,0.2713,1.1838
floor1,7.5,3.8,0.25,6000,1,0.1469,0.8076
floor1,7.5,3.8,0.25,6000,2,0.0787,0.5999
floor1,7.5,3.8,0.25,6000,3,0.0689,0.4598
floor1,7.5,3.8,0.25,6000,4,0.0562,0.3578
floor1,7.5,3.8,0.25,6000,5,0.0503,0.29
floor1,7.5,3.8,0.25,6000,6,0.0447,0.2374
floor1,7.5,3.8,0.25,6000,7,0.0447,0.1958
floor1,7.5,3.8,0.25,6000,8,0.038,0.1684
floor1,7.5,3.8,0.25,6000,9,0.037,0.147
floor1,7.5,3.8,0.25,6000,10,0.0313,0.1159
floor1,7.5,3.8,0.25,6000,11,0.0307,0.1023
floor1,7.5,3.8,0.25,6000,12,0.0275,0.0848
floor1,7.5,3.8,0.25,6000,13,0.0211,0.0736
floor1,7.5,3.8,0.25,6000,14,0.0186,0.0666
floor1,7.5,3.8,0.25,6000,15,0.0131,0.0614
floor1,7.5,3.8,0.25,6000,16,0.0103,0.0502
floor1,7.5,3.8,0.25,6000,17,0.0051,0.0414
floor1,7.5,3.8,0.25,6000,18,0.0039,0.0371
rq4graded,7.5,3.8,0.25,6000,0,0.126,1.3367
rq4graded,7.5,3.8,0.25,6000,1,0.2404,0.9927
rq4graded,7.5,3.8,0.25,6000,2,0.1244,0.6604
rq4graded,7.5,3.8,0.25,6000,3,0.0848,0.4578
rq4graded,7.5,3.8,0.25,6000,4,0.0541,0.3476
rq4graded,7.5,3.8,0.25,6000,5,0.0488,0.2807
rq4graded,7.5,3.8,0.25,6000,6,0.0444,0.2344
rq4graded,7.5,3.8,0.25,6000,7,0.0425,0.1928
rq4graded,7.5,3.8,0.25,6000,8,0.0383,0.1649
rq4graded,7.5,3.8,0.25,6000,9,0.0352,0.1472
rq4graded,7.5,3.8,0.25,6000,10,0.0313,0.1143
rq4graded,7.5,3.8,0.25,6000,11,0.0304,0.1021
rq4graded,7.5,3.8,0.25,6000,12,0.0271,0.0847
rq4graded,7.5,3.8,0.25,6000,13,0.0201,0.0747
rq4graded,7.5,3.8,0.25,6000,14,0.0187,0.0657
rq4graded,7.5,3.8,0.25,6000,15,0.0127,0.0621
rq4graded,7.5,3.8,0.25,6000,16,0.0105,0.0498
rq4graded,7.5,3.8,0.25,6000,17,0.0049,0.0421
rq4graded,7.5,3.8,0.25,6000,18,0.0039,0.0371
floor1,7.5,3.8,0.27,6000,0,0.398,1.0636
floor1,7.5,3.8,0.27,6000,1,0.1113,0.5917
floor1,7.5,3.8,0.27,6000,2,0.063,0.4267
floor1,7.5,3.8,0.27,6000,3,0.0524,0.3384
floor1,7.5,3.8,0.27,6000,4,0.0473,0.2777
floor1,7.5,3.8,0.27,6000,5,0.0412,0.2342
floor1,7.5,3.8,0.27,6000,6,0.0407,0.1937
floor1,7.5,3.8,0.27,6000,7,0.0371,0.1691
floor1,7.5,3.8,0.27,6000,8,0.0349,0.1485
floor1,7.5,3.8,0.27,6000,9,0.0298,0.1236
floor1,7.5,3.8,0.27,6000,10,0.0306,0.1046
floor1,7.5,3.8,0.27,6000,11,0.0267,0.0881
floor1,7.5,3.8,0.27,6000,12,0.0246,0.0745
floor1,7.5,3.8,0.27,6000,13,0.0164,0.0677
floor1,7.5,3.8,0.27,6000,14,0.0184,0.0626
floor1,7.5,3.8,0.27,6000,15,0.0097,0.0555
floor1,7.5,3.8,0.27,6000,16,0.0094,0.045
floor1,7.5,3.8,0.27,6000,17,0.0042,0.0376
floor1,7.5,3.8,0.27,6000,18,0.0031,0.0373
rq4graded,7.5,3.8,0.27,6000,0,0.2812,1.1743
rq4graded,7.5,3.8,0.27,6000,1,0.1895,0.747
rq4graded,7.5,3.8,0.27,6000,2,0.0962,0.4721
rq4graded,7.5,3.8,0.27,6000,3,0.0657,0.3397
rq4graded,7.5,3.8,0.27,6000,4,0.0444,0.2699
rq4graded,7.5,3.8,0.27,6000,5,0.0419,0.2298
rq4graded,7.5,3.8,0.27,6000,6,0.0406,0.1891
rq4graded,7.5,3.8,0.27,6000,7,0.0356,0.1673
rq4graded,7.5,3.8,0.27,6000,8,0.0331,0.1479
rq4graded,7.5,3.8,0.27,6000,9,0.0297,0.1199
rq4graded,7.5,3.8,0.27,6000,10,0.0303,0.1048
rq4graded,7.5,3.8,0.27,6000,11,0.0263,0.0875
rq4graded,7.5,3.8,0.27,6000,12,0.024,0.075
rq4graded,7.5,3.8,0.27,6000,13,0.0161,0.068
rq4graded,7.5,3.8,0.27,6000,14,0.0179,0.0628
rq4graded,7.5,3.8,0.27,6000,15,0.0098,0.0548
rq4graded,7.5,3.8,0.27,6000,16,0.0091,0.046
rq4graded,7.5,3.8,0.27,6000,17,0.0042,0.0376
rq4graded,7.5,3.8,0.27,6000,18,0.0031,0.0373
floor1,7.75,3.2,0.23,6000,0,0.0507,1.3999
floor1,7.75,3.2,0.23,6000,1,0.1556,1.1596
floor1,7.75,3.2,0.23,6000,2,0.101,0.9186
floor1,7.75,3.2,0.23,6000,3,0.0842,0.7354
floor1,7.75,3.2,0.23,6000,4,0.0766,0.583
floor1,7.75,3.2,0.23,6000,5,0.0624,0.4436
floor1,7.75,3.2,0.23,6000,6,0.0567,0.3601
floor1,7.75,3.2,0.23,6000,7,0.0505,0.2989
floor1,7.75,3.2,0.23,6000,8,0.0474,0.2549
floor1,7.75,3.2,0.23,6000,9,0.0474,0.2055
floor1,7.75,3.2,0.23,6000,10,0.044,0.175
floor1,7.75,3.2,0.23,6000,11,0.0404,0.1499
floor1,7.75,3.2,0.23,6000,12,0.0415,0.125
floor1,7.75,3.2,0.23,6000,13,0.0331,0.1044
floor1,7.75,3.2,0.23,6000,14,0.0305,0.0971
floor1,7.75,3.2,0.23,6000,15,0.0253,0.0869
floor1,7.75,3.2,0.23,6000,16,0.0193,0.0693
floor1,7.75,3.2,0.23,6000,17,0.016,0.0673
floor1,7.75,3.2,0.23,6000,18,0.0098,0.0569
floor1,7.75,3.2,0.23,6000,19,0.0052,0.04
floor1,7.75,3.2,0.23,6000,20,0.0021,0.0336
rq4graded,7.75,3.2,0.23,6000,1,0.1548,1.29
rq4graded,7.75,3.2,0.23,6000,2,0.1499,0.9706
rq4graded,7.75,3.2,0.23,6000,3,0.1044,0.7208
rq4graded,7.75,3.2,0.23,6000,4,0.0698,0.5541
rq4graded,7.75,3.2,0.23,6000,5,0.0616,0.4279
rq4graded,7.75,3.2,0.23,6000,6,0.0529,0.3498
rq4graded,7.75,3.2,0.23,6000,7,0.051,0.2936
rq4graded,7.75,3.2,0.23,6000,8,0.046,0.2507
rq4graded,7.75,3.2,0.23,6000,9,0.0458,0.2029
rq4graded,7.75,3.2,0.23,6000,10,0.0439,0.173
rq4graded,7.75,3.2,0.23,6000,11,0.0387,0.1494
rq4graded,7.75,3.2,0.23,6000,12,0.0411,0.1249
rq4graded,7.75,3.2,0.23,6000,13,0.0328,0.1044
rq4graded,7.75,3.2,0.23,6000,14,0.0301,0.0983
rq4graded,7.75,3.2,0.23,6000,15,0.0248,0.086
rq4graded,7.75,3.2,0.23,6000,16,0.0192,0.0692
rq4graded,7.75,3.2,0.23,6000,17,0.0159,0.0674
rq4graded,7.75,3.2,0.23,6000,18,0.0097,0.0572
rq4graded,7.75,3.2,0.23,6000,19,0.0052,0.04
rq4graded,7.75,3.2,0.23,6000,20,0.0021,0.0336
floor1,7.75,3.2,0.25,6000,0,0.1836,1.2193
floor1,7.75,3.2,0.25,6000,1,0.1419,0.899
floor1,7.75,3.2,0.25,6000,2,0.0784,0.6834
floor1,7.75,3.2,0.25,6000,3,0.0694,0.5469
floor1,7.75,3.2,0.25,6000,4,0.0594,0.4241
floor1,7.75,3.2,0.25,6000,5,0.0525,0.3468
floor1,7.75,3.2,0.25,6000,6,0.0474,0.296
floor1,7.75,3.2,0.25,6000,7,0.0465,0.2476
floor1,7.75,3.2,0.25,6000,8,0.0405,0.2124
floor1,7.75,3.2,0.25,6000,9,0.0411,0.1743
floor1,7.75,3.2,0.25,6000,10,0.0411,0.1584
floor1,7.75,3.2,0.25,6000,11,0.0379,0.1363
floor1,7.75,3.2,0.25,6000,12,0.0341,0.1063
floor1,7.75,3.2,0.25,6000,13,0.0313,0.0972
floor1,7.75,3.2,0.25,6000,14,0.0269,0.0864
floor1,7.75,3.2,0.25,6000,15,0.0208,0.0789
floor1,7.75,3.2,0.25,6000,16,0.0193,0.0694
floor1,7.75,3.2,0.25,6000,17,0.0125,0.0588
floor1,7.75,3.2,0.25,6000,18,0.0086,0.0539
floor1,7.75,3.2,0.25,6000,19,0.0049,0.0391
floor1,7.75,3.2,0.25,6000,20,0.0019,0.0307
rq4graded,7.75,3.2,0.25,6000,0,0.0678,1.3732
rq4graded,7.75,3.2,0.25,6000,1,0.2135,1.0613
rq4graded,7.75,3.2,0.25,6000,2,0.118,0.7386
rq4graded,7.75,3.2,0.25,6000,3,0.0856,0.5394
rq4graded,7.75,3.2,0.25,6000,4,0.0568,0.4069
rq4graded,7.75,3.2,0.25,6000,5,0.0501,0.3377
rq4graded,7.75,3.2,0.25,6000,6,0.0471,0.2909
rq4graded,7.75,3.2,0.25,6000,7,0.0442,0.2437
rq4graded,7.75,3.2,0.25,6000,8,0.0404,0.2099
rq4graded,7.75,3.2,0.25,6000,9,0.0407,0.1722
rq4graded,7.75,3.2,0.25,6000,10,0.0397,0.1577
rq4graded,7.75,3.2,0.25,6000,11,0.0379,0.1347
rq4graded,7.75,3.2,0.25,6000,12,0.0333,0.106
rq4graded,7.75,3.2,0.25,6000,13,0.031,0.0973
rq4graded,7.75,3.2,0.25,6000,14,0.0265,0.0868
rq4graded,7.75,3.2,0.25,6000,15,0.0204,0.0787
rq4graded,7.75,3.2,0.25,6000,16,0.0193,0.0696
rq4graded,7.75,3.2,0.25,6000,17,0.0123,0.0588
rq4graded,7.75,3.2,0.25,6000,18,0.0085,0.0541
rq4graded,7.75,3.2,0.25,6000,19,0.0049,0.0391
rq4graded,7.75,3.2,0.25,6000,20,0.0019,0.0307
floor1,7.75,3.2,0.27,6000,0,0.306,1.0889
floor1,7.75,3.2,0.27,6000,1,0.1095,0.679
floor1,7.75,3.2,0.27,6000,2,0.063,0.51
floor1,7.75,3.2,0.27,6000,3,0.0557,0.4034
floor1,7.75,3.2,0.27,6000,4,0.0486,0.3361
floor1,7.75,3.2,0.27,6000,5,0.0461,0.288
floor1,7.75,3.2,0.27,6000,6,0.0431,0.2466
floor1,7.75,3.2,0.27,6000,7,0.0368,0.2146
floor1,7.75,3.2,0.27,6000,8,0.038,0.1802
floor1,7.75,3.2,0.27,6000,9,0.0388,0.1614
floor1,7.75,3.2,0.27,6000,10,0.0366,0.1432
floor1,7.75,3.2,0.27,6000,11,0.034,0.1156
floor1,7.75,3.2,0.27,6000,12,0.0302,0.0975
floor1,7.75,3.2,0.27,6000,13,0.0298,0.0889
floor1,7.75,3.2,0.27,6000,14,0.0242,0.0811
floor1,7.75,3.2,0.27,6000,15,0.0182,0.0705
floor1,7.75,3.2,0.27,6000,16,0.017,0.0655
floor1,7.75,3.2,0.27,6000,17,0.0114,0.0562
floor1,7.75,3.2,0.27,6000,18,0.0069,0.0493
floor1,7.75,3.2,0.27,6000,19,0.0043,0.0371
rq4graded,7.75,3.2,0.27,6000,0,0.1921,1.2097
rq4graded,7.75,3.2,0.27,6000,1,0.1826,0.8385
rq4graded,7.75,3.2,0.27,6000,2,0.0991,0.5603
rq4graded,7.75,3.2,0.27,6000,3,0.0699,0.4025
rq4graded,7.75,3.2,0.27,6000,4,0.0466,0.3256
rq4graded,7.75,3.2,0.27,6000,5,0.0448,0.2836
rq4graded,7.75,3.2,0.27,6000,6,0.0414,0.2412
rq4graded,7.75,3.2,0.27,6000,7,0.0372,0.2101
rq4graded,7.75,3.2,0.27,6000,8,0.0377,0.1773
rq4graded,7.75,3.2,0.27,6000,9,0.0379,0.1604
rq4graded,7.75,3.2,0.27,6000,10,0.0349,0.1432
rq4graded,7.75,3.2,0.27,6000,11,0.0343,0.1135
rq4graded,7.75,3.2,0.27,6000,12,0.0296,0.0984
rq4graded,7.75,3.2,0.27,6000,13,0.0288,0.0897
rq4graded,7.75,3.2,0.27,6000,14,0.024,0.0809
rq4graded,7.75,3.2,0.27,6000,15,0.0179,0.0705
rq4graded,7.75,3.2,0.27,6000,16,0.0168,0.0654
rq4graded,7.75,3.2,0.27,6000,17,0.0113,0.0568
rq4graded,7.75,3.2,0.27,6000,18,0.0069,0.0493
rq4graded,7.75,3.2,0.27,6000,19,0.0043,0.0371
floor1,7.75,3.8,0.23,6000,0,0.0992,1.3258
floor1,7.75,3.8,0.23,6000,1,0.1837,1.0257
floor1,7.75,3.8,0.23,6000,2,0.098,0.757
floor1,7.75,3.8,0.23,6000,3,0.0867,0.5776
floor1,7.75,3.8,0.23,6000,4,0.0694,0.4265
floor1,7.75,3.8,0.23,6000,5,0.0589,0.3396
floor1,7.75,3.8,0.23,6000,6,0.0552,0.2794
floor1,7.75,3.8,0.23,6000,7,0.0472,0.2321
floor1,7.75,3.8,0.23,6000,8,0.0474,0.1897
floor1,7.75,3.8,0.23,6000,9,0.0447,0.1616
floor1,7.75,3.8,0.23,6000,10,0.0406,0.1426
floor1,7.75,3.8,0.23,6000,11,0.037,0.109
floor1,7.75,3.8,0.23,6000,12,0.0325,0.0973
floor1,7.75,3.8,0.23,6000,13,0.0286,0.0842
floor1,7.75,3.8,0.23,6000,14,0.0213,0.0775
floor1,7.75,3.8,0.23,6000,15,0.0198,0.0653
floor1,7.75,3.8,0.23,6000,16,0.0127,0.0604
floor1,7.75,3.8,0.23,6000,17,0.0095,0.0508
floor1,7.75,3.8,0.23,6000,18,0.0047,0.0389
floor1,7.75,3.8,0.23,6000,19,0.0026,0.0325
rq4graded,7.75,3.8,0.23,6000,1,0.2243,1.2068
rq4graded,7.75,3.8,0.23,6000,2,0.1512,0.8223
rq4graded,7.75,3.8,0.23,6000,3,0.1044,0.5709
rq4graded,7.75,3.8,0.23,6000,4,0.0674,0.4096
rq4graded,7.75,3.8,0.23,6000,5,0.0577,0.3277
rq4graded,7.75,3.8,0.23,6000,6,0.0529,0.2716
rq4graded,7.75,3.8,0.23,6000,7,0.0452,0.2287
rq4graded,7.75,3.8,0.23,6000,8,0.0474,0.1862
rq4graded,7.75,3.8,0.23,6000,9,0.0429,0.1614
rq4graded,7.75,3.8,0.23,6000,10,0.0396,0.1411
rq4graded,7.75,3.8,0.23,6000,11,0.0359,0.1095
rq4graded,7.75,3.8,0.23,6000,12,0.0325,0.0962
rq4graded,7.75,3.8,0.23,6000,13,0.0279,0.0851
rq4graded,7.75,3.8,0.23,6000,14,0.0208,0.0777
rq4graded,7.75,3.8,0.23,6000,15,0.0198,0.0652
rq4graded,7.75,3.8,0.23,6000,16,0.0124,0.0606
rq4graded,7.75,3.8,0.23,6000,17,0.0094,0.0512
rq4graded,7.75,3.8,0.23,6000,18,0.0047,0.0389
rq4graded,7.75,3.8,0.23,6000,19,0.0026,0.0325
floor1,7.75,3.8,0.25,6000,0,0.2639,1.1322
floor1,7.75,3.8,0.25,6000,1,0.138,0.7373
floor1,7.75,3.8,0.25,6000,2,0.0778,0.5247
floor1,7.75,3.8,0.25,6000,3,0.0647,0.3952
floor1,7.75,3.8,0.25,6000,4,0.0551,0.3187
floor1,7.75,3.8,0.25,6000,5,0.0507,0.2694
floor1,7.75,3.8,0.25,6000,6,0.0451,0.2234
floor1,7.75,3.8,0.25,6000,7,0.0417,0.1914
floor1,7.75,3.8,0.25,6000,8,0.0431,0.1611
floor1,7.75,3.8,0.25,6000,9,0.0379,0.1441
floor1,7.75,3.8,0.25,6000,10,0.0347,0.1202
floor1,7.75,3.8,0.25,6000,11,0.032,0.0965
floor1,7.75,3.8,0.25,6000,12,0.0307,0.0866
floor1,7.75,3.8,0.25,6000,13,0.0249,0.0759
floor1,7.75,3.8,0.25,6000,14,0.0175,0.0686
floor1,7.75,3.8,0.25,6000,15,0.0177,0.0619
floor1,7.75,3.8,0.25,6000,16,0.0106,0.0535
floor1,7.75,3.8,0.25,6000,17,0.007,0.0458
floor1,7.75,3.8,0.25,6000,18,0.0047,0.0366
floor1,7.75,3.8,0.25,6000,19,0.002,0.0296
rq4graded,7.75,3.8,0.25,6000,0,0.1211,1.2953
rq4graded,7.75,3.8,0.25,6000,1,0.2347,0.9294
rq4graded,7.75,3.8,0.25,6000,2,0.1182,0.5793
rq4graded,7.75,3.8,0.25,6000,3,0.0815,0.3946
rq4graded,7.75,3.8,0.25,6000,4,0.0519,0.3103
rq4graded,7.75,3.8,0.25,6000,5,0.0488,0.2634
rq4graded,7.75,3.8,0.25,6000,6,0.0432,0.2218
rq4graded,7.75,3.8,0.25,6000,7,0.0426,0.1865
rq4graded,7.75,3.8,0.25,6000,8,0.0405,0.1619
rq4graded,7.75,3.8,0.25,6000,9,0.0385,0.1413
rq4graded,7.75,3.8,0.25,6000,10,0.0341,0.1181
rq4graded,7.75,3.8,0.25,6000,11,0.0319,0.0961
rq4graded,7.75,3.8,0.25,6000,12,0.0294,0.0869
rq4graded,7.75,3.8,0.25,6000,13,0.0247,0.0767
rq4graded,7.75,3.8,0.25,6000,14,0.0168,0.0693
rq4graded,7.75,3.8,0.25,6000,15,0.0177,0.0617
rq4graded,7.75,3.8,0.25,6000,16,0.0104,0.0538
rq4graded,7.75,3.8,0.25,6000,17,0.0069,0.0459
rq4graded,7.75,3.8,0.25,6000,18,0.0047,0.0366
rq4graded,7.75,3.8,0.25,6000,19,0.002,0.0296
floor1,7.75,3.8,0.27,6000,0,0.3834,1.0096
floor1,7.75,3.8,0.27,6000,1,0.1062,0.5179
floor1,7.75,3.8,0.27,6000,2,0.06,0.3711
floor1,7.75,3.8,0.27,6000,3,0.0515,0.304
floor1,7.75,3.8,0.27,6000,4,0.0473,0.261
floor1,7.75,3.8,0.27,6000,5,0.0419,0.2194
floor1,7.75,3.8,0.27,6000,6,0.0391,0.1917
floor1,7.75,3.8,0.27,6000,7,0.0414,0.1612
floor1,7.75,3.8,0.27,6000,8,0.036,0.1451
floor1,7.75,3.8,0.27,6000,9,0.0343,0.1255
floor1,7.75,3.8,0.27,6000,10,0.0297,0.0985
floor1,7.75,3.8,0.27,6000,11,0.0295,0.091
floor1,7.75,3.8,0.27,6000,12,0.0258,0.0758
floor1,7.75,3.8,0.27,6000,13,0.0216,0.0683
floor1,7.75,3.8,0.27,6000,14,0.0176,0.0652
floor1,7.75,3.8,0.27,6000,15,0.0137,0.0574
floor1,7.75,3.8,0.27,6000,16,0.0098,0.0474
floor1,7.75,3.8,0.27,6000,17,0.0051,0.0446
floor1,7.75,3.8,0.27,6000,18,0.0043,0.0315
rq4graded,7.75,3.8,0.27,6000,0,0.2716,1.1242
rq4graded,7.75,3.8,0.27,6000,1,0.1825,0.6754
rq4graded,7.75,3.8,0.27,6000,2,0.0912,0.4052
rq4graded,7.75,3.8,0.27,6000,3,0.0646,0.3038
rq4graded,7.75,3.8,0.27,6000,4,0.0447,0.2548
rq4graded,7.75,3.8,0.27,6000,5,0.0421,0.2151
rq4graded,7.75,3.8,0.27,6000,6,0.0387,0.1867
rq4graded,7.75,3.8,0.27,6000,7,0.0395,0.1597
rq4graded,7.75,3.8,0.27,6000,8,0.0356,0.1425
rq4graded,7.75,3.8,0.27,6000,9,0.0328,0.1259
rq4graded,7.75,3.8,0.27,6000,10,0.0299,0.0968
rq4graded,7.75,3.8,0.27,6000,11,0.0283,0.0923
rq4graded,7.75,3.8,0.27,6000,12,0.0261,0.0756
rq4graded,7.75,3.8,0.27,6000,13,0.0208,0.0682
rq4graded,7.75,3.8,0.27,6000,14,0.0176,0.0652
rq4graded,7.75,3.8,0.27,6000,15,0.0133,0.0577
rq4graded,7.75,3.8,0.27,6000,16,0.0098,0.0477
rq4graded,7.75,3.8,0.27,6000,17,0.0051,0.0446
rq4graded,7.75,3.8,0.27,6000,18,0.0043,0.0315
floor1,8.0,3.2,0.23,6000,0,0.0482,1.3609
floor1,8.0,3.2,0.23,6000,1,0.1486,1.1089
floor1,8.0,3.2,0.23,6000,2,0.0999,0.8503
floor1,8.0,3.2,0.23,6000,3,0.081,0.6601
floor1,8.0,3.2,0.23,6000,4,0.0727,0.5072
floor1,8.0,3.2,0.23,6000,5,0.0597,0.4019
floor1,8.0,3.2,0.23,6000,6,0.0581,0.3276
floor1,8.0,3.2,0.23,6000,7,0.0498,0.2818
floor1,8.0,3.2,0.23,6000,8,0.0492,0.2394
floor1,8.0,3.2,0.23,6000,9,0.0442,0.2056
floor1,8.0,3.2,0.23,6000,10,0.0475,0.1702
floor1,8.0,3.2,0.23,6000,11,0.0432,0.1454
floor1,8.0,3.2,0.23,6000,12,0.0432,0.1263
floor1,8.0,3.2,0.23,6000,13,0.0362,0.1082
floor1,8.0,3.2,0.23,6000,14,0.0323,0.0949
floor1,8.0,3.2,0.23,6000,15,0.0266,0.0902
floor1,8.0,3.2,0.23,6000,16,0.0212,0.075
floor1,8.0,3.2,0.23,6000,17,0.0179,0.0669
floor1,8.0,3.2,0.23,6000,18,0.0113,0.0607
floor1,8.0,3.2,0.23,6000,19,0.0063,0.0432
floor1,8.0,3.2,0.23,6000,20,0.0028,0.036
rq4graded,8.0,3.2,0.23,6000,1,0.1501,1.2402
rq4graded,8.0,3.2,0.23,6000,2,0.1452,0.9016
rq4graded,8.0,3.2,0.23,6000,3,0.0994,0.641
rq4graded,8.0,3.2,0.23,6000,4,0.0684,0.4834
rq4graded,8.0,3.2,0.23,6000,5,0.0569,0.3855
rq4graded,8.0,3.2,0.23,6000,6,0.0545,0.3216
rq4graded,8.0,3.2,0.23,6000,7,0.0492,0.2754
rq4graded,8.0,3.2,0.23,6000,8,0.0484,0.2359
rq4graded,8.0,3.2,0.23,6000,9,0.0432,0.203
rq4graded,8.0,3.2,0.23,6000,10,0.0468,0.1683
rq4graded,8.0,3.2,0.23,6000,11,0.0423,0.1455
rq4graded,8.0,3.2,0.23,6000,12,0.0424,0.1259
rq4graded,8.0,3.2,0.23,6000,13,0.0362,0.108
rq4graded,8.0,3.2,0.23,6000,14,0.0315,0.0955
rq4graded,8.0,3.2,0.23,6000,15,0.0264,0.09
rq4graded,8.0,3.2,0.23,6000,16,0.0208,0.0752
rq4graded,8.0,3.2,0.23,6000,17,0.0179,0.0669
rq4graded,8.0,3.2,0.23,6000,18,0.0113,0.0605
rq4graded,8.0,3.2,0.23,6000,19,0.0062,0.0433
rq4graded,8.0,3.2,0.23,6000,20,0.0028,0.036
floor1,8.0,3.2,0.25,6000,0,0.1771,1.1706
floor1,8.0,3.2,0.25,6000,1,0.1375,0.8317
floor1,8.0,3.2,0.25,6000,2,0.0746,0.6092
floor1,8.0,3.2,0.25,6000,3,0.0666,0.4747
floor1,8.0,3.2,0.25,6000,4,0.0562,0.3786
floor1,8.0,3.2,0.25,6000,5,0.0532,0.3194
floor1,8.0,3.2,0.25,6000,6,0.0467,0.2759
floor1,8.0,3.2,0.25,6000,7,0.0463,0.2405
floor1,8.0,3.2,0.25,6000,8,0.0417,0.2079
floor1,8.0,3.2,0.25,6000,9,0.0435,0.1768
floor1,8.0,3.2,0.25,6000,10,0.0417,0.1496
floor1,8.0,3.2,0.25,6000,11,0.0377,0.1324
floor1,8.0,3.2,0.25,6000,12,0.0401,0.1125
floor1,8.0,3.2,0.25,6000,13,0.0306,0.0958
floor1,8.0,3.2,0.25,6000,14,0.0294,0.0909
floor1,8.0,3.2,0.25,6000,15,0.0245,0.0816
floor1,8.0,3.2,0.25,6000,16,0.0188,0.0676
floor1,8.0,3.2,0.25,6000,17,0.0161,0.0652
floor1,8.0,3.2,0.25,6000,18,0.0098,0.0556
floor1,8.0,3.2,0.25,6000,19,0.0055,0.0382
floor1,8.0,3.2,0.25,6000,20,0.0022,0.0334
rq4graded,8.0,3.2,0.25,6000,0,0.0659,1.3305
rq4graded,8.0,3.2,0.25,6000,1,0.205,1.0019
rq4graded,8.0,3.2,0.25,6000,2,0.1131,0.6661
rq4graded,8.0,3.2,0.25,6000,3,0.0839,0.4728
rq4graded,8.0,3.2,0.25,6000,4,0.0533,0.3647
rq4graded,8.0,3.2,0.25,6000,5,0.0518,0.3114
rq4graded,8.0,3.2,0.25,6000,6,0.0461,0.2694
rq4graded,8.0,3.2,0.25,6000,7,0.0433,0.2373
rq4graded,8.0,3.2,0.25,6000,8,0.0412,0.2046
rq4graded,8.0,3.2,0.25,6000,9,0.0428,0.1751
rq4graded,8.0,3.2,0.25,6000,10,0.0413,0.1495
rq4graded,8.0,3.2,0.25,6000,11,0.0375,0.1326
rq4graded,8.0,3.2,0.25,6000,12,0.0394,0.1121
rq4graded,8.0,3.2,0.25,6000,13,0.0301,0.0945
rq4graded,8.0,3.2,0.25,6000,14,0.0284,0.0923
rq4graded,8.0,3.2,0.25,6000,15,0.0247,0.0815
rq4graded,8.0,3.2,0.25,6000,16,0.0186,0.0675
rq4graded,8.0,3.2,0.25,6000,17,0.016,0.0654
rq4graded,8.0,3.2,0.25,6000,18,0.0097,0.0556
rq4graded,8.0,3.2,0.25,6000,19,0.0055,0.0382
rq4graded,8.0,3.2,0.25,6000,20,0.0022,0.0334
floor1,8.0,3.2,0.27,6000,0,0.2946,1.0348
floor1,8.0,3.2,0.27,6000,1,0.1036,0.6083
floor1,8.0,3.2,0.27,6000,2,0.0615,0.4478
floor1,8.0,3.2,0.27,6000,3,0.0538,0.3619
floor1,8.0,3.2,0.27,6000,4,0.0489,0.311
floor1,8.0,3.2,0.27,6000,5,0.0457,0.2693
floor1,8.0,3.2,0.27,6000,6,0.0417,0.2421
floor1,8.0,3.2,0.27,6000,7,0.0408,0.2052
floor1,8.0,3.2,0.27,6000,8,0.0388,0.1835
floor1,8.0,3.2,0.27,6000,9,0.0396,0.1531
floor1,8.0,3.2,0.27,6000,10,0.0372,0.1385
floor1,8.0,3.2,0.27,6000,11,0.0365,0.1235
floor1,8.0,3.2,0.27,6000,12,0.0331,0.0955
floor1,8.0,3.2,0.27,6000,13,0.0297,0.0922
floor1,8.0,3.2,0.27,6000,14,0.0263,0.0822
floor1,8.0,3.2,0.27,6000,15,0.0211,0.0763
floor1,8.0,3.2,0.27,6000,16,0.018,0.0642
floor1,8.0,3.2,0.27,6000,17,0.0132,0.0608
floor1,8.0,3.2,0.27,6000,18,0.0089,0.0534
floor1,8.0,3.2,0.27,6000,19,0.0052,0.0359
floor1,8.0,3.2,0.27,6000,20,0.0018,0.0317
rq4graded,8.0,3.2,0.27,6000,0,0.1847,1.1613
rq4graded,8.0,3.2,0.27,6000,1,0.1769,0.7708
rq4graded,8.0,3.2,0.27,6000,2,0.0944,0.489
rq4graded,8.0,3.2,0.27,6000,3,0.0655,0.3613
rq4graded,8.0,3.2,0.27,6000,4,0.0499,0.3021
rq4graded,8.0,3.2,0.27,6000,5,0.0416,0.2662
rq4graded,8.0,3.2,0.27,6000,6,0.0434,0.2348
rq4graded,8.0,3.2,0.27,6000,7,0.0383,0.2034
rq4graded,8.0,3.2,0.27,6000,8,0.0384,0.1813
rq4graded,8.0,3.2,0.27,6000,9,0.039,0.1512
rq4graded,8.0,3.2,0.27,6000,10,0.0375,0.1354
rq4graded,8.0,3.2,0.27,6000,11,0.0348,0.1244
rq4graded,8.0,3.2,0.27,6000,12,0.0324,0.096
rq4graded,8.0,3.2,0.27,6000,13,0.0298,0.0918
rq4graded,8.0,3.2,0.27,6000,14,0.0256,0.0823
rq4graded,8.0,3.2,0.27,6000,15,0.0206,0.077
rq4graded,8.0,3.2,0.27,6000,16,0.0182,0.0641
rq4graded,8.0,3.2,0.27,6000,17,0.013,0.0614
rq4graded,8.0,3.2,0.27,6000,18,0.0088,0.0531
rq4graded,8.0,3.2,0.27,6000,19,0.0052,0.0359
rq4graded,8.0,3.2,0.27,6000,20,0.0018,0.0317
floor1,8.0,3.8,0.23,6000,0,0.0961,1.2817
floor1,8.0,3.8,0.23,6000,1,0.1767,0.9639
floor1,8.0,3.8,0.23,6000,2,0.0954,0.6831
floor1,8.0,3.8,0.23,6000,3,0.0818,0.5019
floor1,8.0,3.8,0.23,6000,4,0.0659,0.3846
floor1,8.0,3.8,0.23,6000,5,0.0612,0.3114
floor1,8.0,3.8,0.23,6000,6,0.0529,0.2635
floor1,8.0,3.8,0.23,6000,7,0.0514,0.223
floor1,8.0,3.8,0.23,6000,8,0.0449,0.1899
floor1,8.0,3.8,0.23,6000,9,0.0463,0.1555
floor1,8.0,3.8,0.23,6000,10,0.0425,0.1363
floor1,8.0,3.8,0.23,6000,11,0.0408,0.1171
floor1,8.0,3.8,0.23,6000,12,0.0337,0.0957
floor1,8.0,3.8,0.23,6000,13,0.0306,0.0888
floor1,8.0,3.8,0.23,6000,14,0.0256,0.0785
floor1,8.0,3.8,0.23,6000,15,0.0179,0.0683
floor1,8.0,3.8,0.23,6000,16,0.0163,0.0637
floor1,8.0,3.8,0.23,6000,17,0.0104,0.0517
floor1,8.0,3.8,0.23,6000,18,0.0054,0.0444
floor1,8.0,3.8,0.23,6000,19,0.0036,0.0307
rq4graded,8.0,3.8,0.23,6000,1,0.2187,1.1513
rq4graded,8.0,3.8,0.23,6000,2,0.1454,0.7466
rq4graded,8.0,3.8,0.23,6000,3,0.1003,0.4954
rq4graded,8.0,3.8,0.23,6000,4,0.0625,0.3665
rq4graded,8.0,3.8,0.23,6000,5,0.0581,0.3035
rq4graded,8.0,3.8,0.23,6000,6,0.0509,0.2598
rq4graded,8.0,3.8,0.23,6000,7,0.0501,0.2192
rq4graded,8.0,3.8,0.23,6000,8,0.0454,0.1856
rq4graded,8.0,3.8,0.23,6000,9,0.0449,0.1547
rq4graded,8.0,3.8,0.23,6000,10,0.0415,0.1357
rq4graded,8.0,3.8,0.23,6000,11,0.0403,0.1143
rq4graded,8.0,3.8,0.23,6000,12,0.0326,0.0965
rq4graded,8.0,3.8,0.23,6000,13,0.0302,0.0887
rq4graded,8.0,3.8,0.23,6000,14,0.0251,0.0796
rq4graded,8.0,3.8,0.23,6000,15,0.0177,0.0678
rq4graded,8.0,3.8,0.23,6000,16,0.0162,0.0633
rq4graded,8.0,3.8,0.23,6000,17,0.0102,0.0521
rq4graded,8.0,3.8,0.23,6000,18,0.0054,0.0444
rq4graded,8.0,3.8,0.23,6000,19,0.0036,0.0307
floor1,8.0,3.8,0.25,6000,0,0.2551,1.079
floor1,8.0,3.8,0.25,6000,1,0.1328,0.6646
floor1,8.0,3.8,0.25,6000,2,0.0737,0.4555
floor1,8.0,3.8,0.25,6000,3,0.0604,0.3567
floor1,8.0,3.8,0.25,6000,4,0.0566,0.2974
floor1,8.0,3.8,0.25,6000,5,0.051,0.2545
floor1,8.0,3.8,0.25,6000,6,0.0474,0.2185
floor1,8.0,3.8,0.25,6000,7,0.0413,0.188
floor1,8.0,3.8,0.25,6000,8,0.0424,0.1551
floor1,8.0,3.8,0.25,6000,9,0.0415,0.1418
floor1,8.0,3.8,0.25,6000,10,0.038,0.124
floor1,8.0,3.8,0.25,6000,11,0.034,0.0948
floor1,8.0,3.8,0.25,6000,12,0.0306,0.0907
floor1,8.0,3.8,0.25,6000,13,0.0263,0.0776
floor1,8.0,3.8,0.25,6000,14,0.0211,0.0723
floor1,8.0,3.8,0.25,6000,15,0.0183,0.064
floor1,8.0,3.8,0.25,6000,16,0.0126,0.0565
floor1,8.0,3.8,0.25,6000,17,0.0092,0.049
floor1,8.0,3.8,0.25,6000,18,0.0046,0.0388
floor1,8.0,3.8,0.25,6000,19,0.0029,0.0296
rq4graded,8.0,3.8,0.25,6000,0,0.1159,1.2517
rq4graded,8.0,3.8,0.25,6000,1,0.2281,0.8652
rq4graded,8.0,3.8,0.25,6000,2,0.1135,0.5053
rq4graded,8.0,3.8,0.25,6000,3,0.0762,0.3541
rq4graded,8.0,3.8,0.25,6000,4,0.0534,0.2901
rq4graded,8.0,3.8,0.25,6000,5,0.0491,0.2486
rq4graded,8.0,3.8,0.25,6000,6,0.0458,0.2142
rq4graded,8.0,3.8,0.25,6000,7,0.0415,0.1851
rq4graded,8.0,3.8,0.25,6000,8,0.0415,0.1533
rq4graded,8.0,3.8,0.25,6000,9,0.04,0.1408
rq4graded,8.0,3.8,0.25,6000,10,0.037,0.1228
rq4graded,8.0,3.8,0.25,6000,11,0.0331,0.0953
rq4graded,8.0,3.8,0.25,6000,12,0.0306,0.0914
rq4graded,8.0,3.8,0.25,6000,13,0.0265,0.0766
rq4graded,8.0,3.8,0.25,6000,14,0.0198,0.0736
rq4graded,8.0,3.8,0.25,6000,15,0.0183,0.0639
rq4graded,8.0,3.8,0.25,6000,16,0.0128,0.0561
rq4graded,8.0,3.8,0.25,6000,17,0.009,0.0495
rq4graded,8.0,3.8,0.25,6000,18,0.0045,0.0389
rq4graded,8.0,3.8,0.25,6000,19,0.0029,0.0296
floor1,8.0,3.8,0.27,6000,0,0.3712,0.9503
floor1,8.0,3.8,0.27,6000,1,0.0989,0.4513
floor1,8.0,3.8,0.27,6000,2,0.058,0.3355
floor1,8.0,3.8,0.27,6000,3,0.0533,0.2832
floor1,8.0,3.8,0.27,6000,4,0.047,0.2461
floor1,8.0,3.8,0.27,6000,5,0.0432,0.215
floor1,8.0,3.8,0.27,6000,6,0.0394,0.1847
floor1,8.0,3.8,0.27,6000,7,0.0381,0.1606
floor1,8.0,3.8,0.27,6000,8,0.0415,0.141
floor1,8.0,3.8,0.27,6000,9,0.0364,0.1256
floor1,8.0,3.8,0.27,6000,10,0.0314,0.1055
floor1,8.0,3.8,0.27,6000,11,0.0311,0.0859
floor1,8.0,3.8,0.27,6000,12,0.0278,0.0832
floor1,8.0,3.8,0.27,6000,13,0.0242,0.0704
floor1,8.0,3.8,0.27,6000,14,0.0163,0.0689
floor1,8.0,3.8,0.27,6000,15,0.0177,0.0571
floor1,8.0,3.8,0.27,6000,16,0.0102,0.054
floor1,8.0,3.8,0.27,6000,17,0.0074,0.0445
floor1,8.0,3.8,0.27,6000,18,0.0046,0.0364
floor1,8.0,3.8,0.27,6000,19,0.0023,0.0295
rq4graded,8.0,3.8,0.27,6000,0,0.2634,1.0696
rq4graded,8.0,3.8,0.27,6000,1,0.1741,0.6003
rq4graded,8.0,3.8,0.27,6000,2,0.0851,0.3665
rq4graded,8.0,3.8,0.27,6000,3,0.0663,0.2842
rq4graded,8.0,3.8,0.27,6000,4,0.0462,0.2407
rq4graded,8.0,3.8,0.27,6000,5,0.0432,0.2091
rq4graded,8.0,3.8,0.27,6000,6,0.0373,0.1845
rq4graded,8.0,3.8,0.27,6000,7,0.0373,0.157
rq4graded,8.0,3.8,0.27,6000,8,0.0404,0.1407
rq4graded,8.0,3.8,0.27,6000,9,0.0359,0.1251
rq4graded,8.0,3.8,0.27,6000,10,0.0317,0.1031
rq4graded,8.0,3.8,0.27,6000,11,0.0298,0.0865
rq4graded,8.0,3.8,0.27,6000,12,0.0281,0.083
rq4graded,8.0,3.8,0.27,6000,13,0.0235,0.0707
rq4graded,8.0,3.8,0.27,6000,14,0.0155,0.0691
rq4graded,8.0,3.8,0.27,6000,15,0.0176,0.0574
rq4graded,8.0,3.8,0.27,6000,16,0.0101,0.0536
rq4graded,8.0,3.8,0.27,6000,17,0.0073,0.045
rq4graded,8.0,3.8,0.27,6000,18,0.0046,0.0364
rq4graded,8.0,3.8,0.27,6000,19,0.0023,0.0295
floor1,8.25,3.2,0.23,6000,0,0.0457,1.3188
floor1,8.25,3.2,0.23,6000,1,0.1425,1.0534
floor1,8.25,3.2,0.23,6000,2,0.0986,0.7775
floor1,8.25,3.2,0.23,6000,3,0.0755,0.5878
floor1,8.25,3.2,0.23,6000,4,0.0688,0.4528
floor1,8.25,3.2,0.23,6000,5,0.0599,0.3722
floor1,8.25,3.2,0.23,6000,6,0.0564,0.3096
floor1,8.25,3.2,0.23,6000,7,0.0509,0.2695
floor1,8.25,3.2,0.23,6000,8,0.0494,0.2361
floor1,8.25,3.2,0.23,6000,9,0.047,0.2045
floor1,8.25,3.2,0.23,6000,10,0.0477,0.1683
floor1,8.25,3.2,0.23,6000,11,0.0448,0.1443
floor1,8.25,3.2,0.23,6000,12,0.042,0.1278
floor1,8.25,3.2,0.23,6000,13,0.0419,0.11
floor1,8.25,3.2,0.23,6000,14,0.0325,0.098
floor1,8.25,3.2,0.23,6000,15,0.0295,0.0913
floor1,8.25,3.2,0.23,6000,16,0.024,0.0772
floor1,8.25,3.2,0.23,6000,17,0.0186,0.0722
floor1,8.25,3.2,0.23,6000,18,0.0134,0.0599
floor1,8.25,3.2,0.23,6000,19,0.0073,0.0487
floor1,8.25,3.2,0.23,6000,20,0.0033,0.0352
rq4graded,8.25,3.2,0.23,6000,1,0.1445,1.1877
rq4graded,8.25,3.2,0.23,6000,2,0.1392,0.8324
rq4graded,8.25,3.2,0.23,6000,3,0.0944,0.5733
rq4graded,8.25,3.2,0.23,6000,4,0.0659,0.4331
rq4graded,8.25,3.2,0.23,6000,5,0.0557,0.3616
rq4graded,8.25,3.2,0.23,6000,6,0.0553,0.3031
rq4graded,8.25,3.2,0.23,6000,7,0.0491,0.2627
rq4graded,8.25,3.2,0.23,6000,8,0.0495,0.2324
rq4graded,8.25,3.2,0.23,6000,9,0.0452,0.2034
rq4graded,8.25,3.2,0.23,6000,10,0.0465,0.1674
rq4graded,8.25,3.2,0.23,6000,11,0.0458,0.1427
rq4graded,8.25,3.2,0.23,6000,12,0.0404,0.1283
rq4graded,8.25,3.2,0.23,6000,13,0.0409,0.1094
rq4graded,8.25,3.2,0.23,6000,14,0.0323,0.0969
rq4graded,8.25,3.2,0.23,6000,15,0.0288,0.0923
rq4graded,8.25,3.2,0.23,6000,16,0.0239,0.0771
rq4graded,8.25,3.2,0.23,6000,17,0.0188,0.0719
rq4graded,8.25,3.2,0.23,6000,18,0.013,0.0605
rq4graded,8.25,3.2,0.23,6000,19,0.0073,0.0487
rq4graded,8.25,3.2,0.23,6000,20,0.0033,0.0352
floor1,8.25,3.2,0.25,6000,0,0.1697,1.1195
floor1,8.25,3.2,0.25,6000,1,0.1333,0.7622
floor1,8.25,3.2,0.25,6000,2,0.0679,0.5402
floor1,8.25,3.2,0.25,6000,3,0.0662,0.428
floor1,8.25,3.2,0.25,6000,4,0.0549,0.3547
floor1,8.25,3.2,0.25,6000,5,0.0535,0.303
floor1,8.25,3.2,0.25,6000,6,0.0473,0.2629
floor1,8.25,3.2,0.25,6000,7,0.0456,0.2352
floor1,8.25,3.2,0.25,6000,8,0.0455,0.2036
floor1,8.25,3.2,0.25,6000,9,0.0406,0.1781
floor1,8.25,3.2,0.25,6000,10,0.0428,0.1467
floor1,8.25,3.2,0.25,6000,11,0.0422,0.1338
floor1,8.25,3.2,0.25,6000,12,0.0411,0.1173
floor1,8.25,3.2,0.25,6000,13,0.0337,0.0978
floor1,8.25,3.2,0.25,6000,14,0.0314,0.0894
floor1,8.25,3.2,0.25,6000,15,0.0251,0.0858
floor1,8.25,3.2,0.25,6000,16,0.0212,0.0721
floor1,8.25,3.2,0.25,6000,17,0.0173,0.0656
floor1,8.25,3.2,0.25,6000,18,0.0118,0.0568
floor1,8.25,3.2,0.25,6000,19,0.0061,0.0441
floor1,8.25,3.2,0.25,6000,20,0.0028,0.0343
rq4graded,8.25,3.2,0.25,6000,0,0.0632,1.2856
rq4graded,8.25,3.2,0.25,6000,1,0.1962,0.9412
rq4graded,8.25,3.2,0.25,6000,2,0.1082,0.5979
rq4graded,8.25,3.2,0.25,6000,3,0.0806,0.4242
rq4graded,8.25,3.2,0.25,6000,4,0.0532,0.3437
rq4graded,8.25,3.2,0.25,6000,5,0.0512,0.296
rq4graded,8.25,3.2,0.25,6000,6,0.0462,0.2582
rq4graded,8.25,3.2,0.25,6000,7,0.0447,0.2326
rq4graded,8.25,3.2,0.25,6000,8,0.0445,0.2003
rq4graded,8.25,3.2,0.25,6000,9,0.0403,0.1763
rq4graded,8.25,3.2,0.25,6000,10,0.0421,0.1458
rq4graded,8.25,3.2,0.25,6000,11,0.0415,0.1337
rq4graded,8.25,3.2,0.25,6000,12,0.0401,0.1169
rq4graded,8.25,3.2,0.25,6000,13,0.0333,0.0979
rq4graded,8.25,3.2,0.25,6000,14,0.031,0.0895
rq4graded,8.25,3.2,0.25,6000,15,0.0254,0.0859
rq4graded,8.25,3.2,0.25,6000,16,0.0205,0.0717
rq4graded,8.25,3.2,0.25,6000,17,0.0171,0.0658
rq4graded,8.25,3.2,0.25,6000,18,0.0117,0.0571
rq4graded,8.25,3.2,0.25,6000,19,0.0061,0.0441
rq4graded,8.25,3.2,0.25,6000,20,0.0028,0.0343
floor1,8.25,3.2,0.27,6000,0,0.2809,0.9802
floor1,8.25,3.2,0.27,6000,1,0.0996,0.5435
floor1,8.25,3.2,0.27,6000,2,0.0614,0.4026
floor1,8.25,3.2,0.27,6000,3,0.0505,0.3408
floor1,8.25,3.2,0.27,6000,4,0.0499,0.2958
floor1,8.25,3.2,0.27,6000,5,0.0453,0.2605
floor1,8.25,3.2,0.27,6000,6,0.0441,0.2304
floor1,8.25,3.2,0.27,6000,7,0.0406,0.2078
floor1,8.25,3.2,0.27,6000,8,0.0385,0.18
floor1,8.25,3.2,0.27,6000,9,0.0398,0.1567
floor1,8.25,3.2,0.27,6000,10,0.0403,0.1361
floor1,8.25,3.2,0.27,6000,11,0.0379,0.1214
floor1,8.25,3.2,0.27,6000,12,0.037,0.1041
floor1,8.25,3.2,0.27,6000,13,0.0294,0.0898
floor1,8.25,3.2,0.27,6000,14,0.0285,0.0859
floor1,8.25,3.2,0.27,6000,15,0.0245,0.0773
floor1,8.25,3.2,0.27,6000,16,0.0178,0.0667
floor1,8.25,3.2,0.27,6000,17,0.0164,0.063
floor1,8.25,3.2,0.27,6000,18,0.0099,0.0531
floor1,8.25,3.2,0.27,6000,19,0.0053,0.0406
floor1,8.25,3.2,0.27,6000,20,0.0023,0.0329
rq4graded,8.25,3.2,0.27,6000,0,0.1771,1.1098
rq4graded,8.25,3.2,0.27,6000,1,0.1704,0.7011
rq4graded,8.25,3.2,0.27,6000,2,0.0902,0.4348
rq4graded,8.25,3.2,0.27,6000,3,0.0649,0.3395
rq4graded,8.25,3.2,0.27,6000,4,0.0479,0.2878
rq4graded,8.25,3.2,0.27,6000,5,0.0438,0.2547
rq4graded,8.25,3.2,0.27,6000,6,0.0424,0.2279
rq4graded,8.25,3.2,0.27,6000,7,0.0409,0.2031
rq4graded,8.25,3.2,0.27,6000,8,0.0366,0.1794
rq4graded,8.25,3.2,0.27,6000,9,0.04,0.1544
rq4graded,8.25,3.2,0.27,6000,10,0.0396,0.1351
rq4graded,8.25,3.2,0.27,6000,11,0.0368,0.1208
rq4graded,8.25,3.2,0.27,6000,12,0.0367,0.1041
rq4graded,8.25,3.2,0.27,6000,13,0.029,0.0899
rq4graded,8.25,3.2,0.27,6000,14,0.0282,0.0861
rq4graded,8.25,3.2,0.27,6000,15,0.024,0.078
rq4graded,8.25,3.2,0.27,6000,16,0.0176,0.0664
rq4graded,8.25,3.2,0.27,6000,17,0.0162,0.0632
rq4graded,8.25,3.2,0.27,6000,18,0.01,0.0528
rq4graded,8.25,3.2,0.27,6000,19,0.0052,0.0408
rq4graded,8.25,3.2,0.27,6000,20,0.0023,0.0329
floor1,8.25,3.8,0.23,6000,0,0.0916,1.2364
floor1,8.25,3.8,0.23,6000,1,0.1693,0.9025
floor1,8.25,3.8,0.23,6000,2,0.092,0.6133
floor1,8.25,3.8,0.23,6000,3,0.0792,0.4474
floor1,8.25,3.8,0.23,6000,4,0.0642,0.3566
floor1,8.25,3.8,0.23,6000,5,0.0608,0.295
floor1,8.25,3.8,0.23,6000,6,0.0535,0.2543
floor1,8.25,3.8,0.23,6000,7,0.0515,0.2203
floor1,8.25,3.8,0.23,6000,8,0.0463,0.1871
floor1,8.25,3.8,0.23,6000,9,0.0473,0.1577
floor1,8.25,3.8,0.23,6000,10,0.0447,0.1352
floor1,8.25,3.8,0.23,6000,11,0.0423,0.1203
floor1,8.25,3.8,0.23,6000,12,0.0367,0.0967
floor1,8.25,3.8,0.23,6000,13,0.0318,0.0901
floor1,8.25,3.8,0.23,6000,14,0.0268,0.0808
floor1,8.25,3.8,0.23,6000,15,0.0208,0.0725
floor1,8.25,3.8,0.23,6000,16,0.0181,0.063
floor1,8.25,3.8,0.23,6000,17,0.0116,0.0554
floor1,8.25,3.8,0.23,6000,18,0.0066,0.0464
floor1,8.25,3.8,0.23,6000,19,0.004,0.0328
rq4graded,8.25,3.8,0.23,6000,1,0.2119,1.0939
rq4graded,8.25,3.8,0.23,6000,2,0.1378,0.6752
rq4graded,8.25,3.8,0.23,6000,3,0.0963,0.442
rq4graded,8.25,3.8,0.23,6000,4,0.0611,0.3436
rq4graded,8.25,3.8,0.23,6000,5,0.0591,0.2875
rq4graded,8.25,3.8,0.23,6000,6,0.0521,0.2481
rq4graded,8.25,3.8,0.23,6000,7,0.0501,0.2141
rq4graded,8.25,3.8,0.23,6000,8,0.0446,0.1861
rq4graded,8.25,3.8,0.23,6000,9,0.0472,0.1551
rq4graded,8.25,3.8,0.23,6000,10,0.0439,0.1333
rq4graded,8.25,3.8,0.23,6000,11,0.0414,0.1211
rq4graded,8.25,3.8,0.23,6000,12,0.0355,0.0961
rq4graded,8.25,3.8,0.23,6000,13,0.0313,0.0904
rq4graded,8.25,3.8,0.23,6000,14,0.0266,0.081
rq4graded,8.25,3.8,0.23,6000,15,0.0205,0.0722
rq4graded,8.25,3.8,0.23,6000,16,0.0175,0.0641
rq4graded,8.25,3.8,0.23,6000,17,0.0117,0.0553
rq4graded,8.25,3.8,0.23,6000,18,0.0065,0.0465
rq4graded,8.25,3.8,0.23,6000,19,0.004,0.0328
floor1,8.25,3.8,0.25,6000,0,0.2444,1.0243
floor1,8.25,3.8,0.25,6000,1,0.125,0.5976
floor1,8.25,3.8,0.25,6000,2,0.0735,0.4123
floor1,8.25,3.8,0.25,6000,3,0.0597,0.3343
floor1,8.25,3.8,0.25,6000,4,0.0561,0.2844
floor1,8.25,3.8,0.25,6000,5,0.0507,0.2437
floor1,8.25,3.8,0.25,6000,6,0.0478,0.2174
floor1,8.25,3.8,0.25,6000,7,0.0437,0.1847
floor1,8.25,3.8,0.25,6000,8,0.0422,0.1622
floor1,8.25,3.8,0.25,6000,9,0.044,0.1351
floor1,8.25,3.8,0.25,6000,10,0.039,0.1226
floor1,8.25,3.8,0.25,6000,11,0.0364,0.1056
floor1,8.25,3.8,0.25,6000,12,0.0322,0.0853
floor1,8.25,3.8,0.25,6000,13,0.0296,0.0829
floor1,8.25,3.8,0.25,6000,14,0.0239,0.0741
floor1,8.25,3.8,0.25,6000,15,0.0169,0.0645
floor1,8.25,3.8,0.25,6000,16,0.0158,0.0614
floor1,8.25,3.8,0.25,6000,17,0.01,0.049
floor1,8.25,3.8,0.25,6000,18,0.0054,0.0424
floor1,8.25,3.8,0.25,6000,19,0.0033,0.031
rq4graded,8.25,3.8,0.25,6000,0,0.1111,1.2046
rq4graded,8.25,3.8,0.25,6000,1,0.221,0.7964
rq4graded,8.25,3.8,0.25,6000,2,0.106,0.449
rq4graded,8.25,3.8,0.25,6000,3,0.0755,0.3327
rq4graded,8.25,3.8,0.25,6000,4,0.0544,0.2748
rq4graded,8.25,3.8,0.25,6000,5,0.0481,0.2412
rq4graded,8.25,3.8,0.25,6000,6,0.0471,0.2119
rq4graded,8.25,3.8,0.25,6000,7,0.0416,0.1841
rq4graded,8.25,3.8,0.25,6000,8,0.0431,0.158
rq4graded,8.25,3.8,0.25,6000,9,0.0414,0.1355
rq4graded,8.25,3.8,0.25,6000,10,0.0386,0.1217
rq4graded,8.25,3.8,0.25,6000,11,0.0376,0.1032
rq4graded,8.25,3.8,0.25,6000,12,0.031,0.0863
rq4graded,8.25,3.8,0.25,6000,13,0.0281,0.084
rq4graded,8.25,3.8,0.25,6000,14,0.0237,0.0744
rq4graded,8.25,3.8,0.25,6000,15,0.0169,0.0644
rq4graded,8.25,3.8,0.25,6000,16,0.0156,0.0616
rq4graded,8.25,3.8,0.25,6000,17,0.0099,0.0491
rq4graded,8.25,3.8,0.25,6000,18,0.0054,0.0424
rq4graded,8.25,3.8,0.25,6000,19,0.0033,0.031
floor1,8.25,3.8,0.27,6000,0,0.3541,0.893
floor1,8.25,3.8,0.27,6000,1,0.0994,0.4055
floor1,8.25,3.8,0.27,6000,2,0.0549,0.314
floor1,8.25,3.8,0.27,6000,3,0.052,0.2721
floor1,8.25,3.8,0.27,6000,4,0.0467,0.2378
floor1,8.25,3.8,0.27,6000,5,0.0456,0.2125
floor1,8.25,3.8,0.27,6000,6,0.0407,0.1836
floor1,8.25,3.8,0.27,6000,7,0.0398,0.1628
floor1,8.25,3.8,0.27,6000,8,0.0404,0.1395
floor1,8.25,3.8,0.27,6000,9,0.0377,0.1234
floor1,8.25,3.8,0.27,6000,10,0.0352,0.1102
floor1,8.25,3.8,0.27,6000,11,0.0323,0.0885
floor1,8.25,3.8,0.27,6000,12,0.0297,0.0837
floor1,8.25,3.8,0.27,6000,13,0.0245,0.0744
floor1,8.25,3.8,0.27,6000,14,0.0205,0.0665
floor1,8.25,3.8,0.27,6000,15,0.0171,0.0618
floor1,8.25,3.8,0.27,6000,16,0.0127,0.0545
floor1,8.25,3.8,0.27,6000,17,0.0091,0.0483
floor1,8.25,3.8,0.27,6000,18,0.0043,0.0378
floor1,8.25,3.8,0.27,6000,19,0.0028,0.0301
rq4graded,8.25,3.8,0.27,6000,0,0.2527,1.014
rq4graded,8.25,3.8,0.27,6000,1,0.1648,0.539
rq4graded,8.25,3.8,0.27,6000,2,0.0854,0.3403
rq4graded,8.25,3.8,0.27,6000,3,0.0669,0.2705
rq4graded,8.25,3.8,0.27,6000,4,0.0455,0.2306
rq4graded,8.25,3.8,0.27,6000,5,0.0429,0.2113
rq4graded,8.25,3.8,0.27,6000,6,0.0403,0.1794
rq4graded,8.25,3.8,0.27,6000,7,0.039,0.1618
rq4graded,8.25,3.8,0.27,6000,8,0.0404,0.136
rq4graded,8.25,3.8,0.27,6000,9,0.0361,0.1243
rq4graded,8.25,3.8,0.27,6000,10,0.035,0.1098
rq4graded,8.25,3.8,0.27,6000,11,0.0316,0.0873
rq4graded,8.25,3.8,0.27,6000,12,0.0292,0.0847
rq4graded,8.25,3.8,0.27,6000,13,0.0238,0.0742
rq4graded,8.25,3.8,0.27,6000,14,0.0203,0.0668
rq4graded,8.25,3.8,0.27,6000,15,0.0171,0.0614
rq4graded,8.25,3.8,0.27,6000,16,0.0124,0.0553
rq4graded,8.25,3.8,0.27,6000,17,0.009,0.0482
rq4graded,8.25,3.8,0.27,6000,18,0.0043,0.0378
rq4graded,8.25,3.8,0.27,6000,19,0.0028,0.0301
floor1,8.5,3.2,0.23,6000,0,0.0431,1.2743
floor1,8.5,3.2,0.23,6000,1,0.1372,0.994
floor1,8.5,3.2,0.23,6000,2,0.0924,0.707
floor1,8.5,3.2,0.23,6000,3,0.0737,0.5318
floor1,8.5,3.2,0.23,6000,4,0.0664,0.4182
floor1,8.5,3.2,0.23,6000,5,0.0626,0.3552
floor1,8.5,3.2,0.23,6000,6,0.0532,0.2993
floor1,8.5,3.2,0.23,6000,7,0.0536,0.2627
floor1,8.5,3.2,0.23,6000,8,0.0494,0.2299
floor1,8.5,3.2,0.23,6000,9,0.0488,0.2008
floor1,8.5,3.2,0.23,6000,10,0.0452,0.1755
floor1,8.5,3.2,0.23,6000,11,0.0478,0.1427
floor1,8.5,3.2,0.23,6000,12,0.0461,0.1282
floor1,8.5,3.2,0.23,6000,13,0.0431,0.1135
floor1,8.5,3.2,0.23,6000,14,0.0329,0.1003
floor1,8.5,3.2,0.23,6000,15,0.0313,0.0923
floor1,8.5,3.2,0.23,6000,16,0.0272,0.0819
floor1,8.5,3.2,0.23,6000,17,0.0187,0.0698
floor1,8.5,3.2,0.23,6000,18,0.0148,0.0662
floor1,8.5,3.2,0.23,6000,19,0.0088,0.0489
floor1,8.5,3.2,0.23,6000,20,0.0035,0.0414
rq4graded,8.5,3.2,0.23,6000,1,0.1375,1.1339
rq4graded,8.5,3.2,0.23,6000,2,0.1331,0.7637
rq4graded,8.5,3.2,0.23,6000,3,0.0912,0.5206
rq4graded,8.5,3.2,0.23,6000,4,0.0634,0.4019
rq4graded,8.5,3.2,0.23,6000,5,0.0577,0.3435
rq4graded,8.5,3.2,0.23,6000,6,0.0547,0.2925
rq4graded,8.5,3.2,0.23,6000,7,0.0516,0.2577
rq4graded,8.5,3.2,0.23,6000,8,0.0468,0.2292
rq4graded,8.5,3.2,0.23,6000,9,0.0482,0.1988
rq4graded,8.5,3.2,0.23,6000,10,0.045,0.1725
rq4graded,8.5,3.2,0.23,6000,11,0.0471,0.1438
rq4graded,8.5,3.2,0.23,6000,12,0.0447,0.1268
rq4graded,8.5,3.2,0.23,6000,13,0.0429,0.1132
rq4graded,8.5,3.2,0.23,6000,14,0.0323,0.1008
rq4graded,8.5,3.2,0.23,6000,15,0.0311,0.0931
rq4graded,8.5,3.2,0.23,6000,16,0.0268,0.0816
rq4graded,8.5,3.2,0.23,6000,17,0.0188,0.0697
rq4graded,8.5,3.2,0.23,6000,18,0.0145,0.0667
rq4graded,8.5,3.2,0.23,6000,19,0.0088,0.0489
rq4graded,8.5,3.2,0.23,6000,20,0.0035,0.0414
floor1,8.5,3.2,0.25,6000,0,0.1618,1.0664
floor1,8.5,3.2,0.25,6000,1,0.126,0.694
floor1,8.5,3.2,0.25,6000,2,0.0665,0.4937
floor1,8.5,3.2,0.25,6000,3,0.0636,0.3984
floor1,8.5,3.2,0.25,6000,4,0.0562,0.3403
floor1,8.5,3.2,0.25,6000,5,0.0512,0.294
floor1,8.5,3.2,0.25,6000,6,0.0507,0.2573
floor1,8.5,3.2,0.25,6000,7,0.0457,0.2296
floor1,8.5,3.2,0.25,6000,8,0.0451,0.2046
floor1,8.5,3.2,0.25,6000,9,0.0424,0.1786
floor1,8.5,3.2,0.25,6000,10,0.0451,0.1525
floor1,8.5,3.2,0.25,6000,11,0.0432,0.1317
floor1,8.5,3.2,0.25,6000,12,0.0407,0.1172
floor1,8.5,3.2,0.25,6000,13,0.0389,0.1017
floor1,8.5,3.2,0.25,6000,14,0.0299,0.0918
floor1,8.5,3.2,0.25,6000,15,0.0286,0.0862
floor1,8.5,3.2,0.25,6000,16,0.0227,0.0751
floor1,8.5,3.2,0.25,6000,17,0.0184,0.0701
floor1,8.5,3.2,0.25,6000,18,0.0125,0.0593
floor1,8.5,3.2,0.25,6000,19,0.0074,0.0458
floor1,8.5,3.2,0.25,6000,20,0.003,0.0369
rq4graded,8.5,3.2,0.25,6000,0,0.0587,1.2412
rq4graded,8.5,3.2,0.25,6000,1,0.1884,0.881
rq4graded,8.5,3.2,0.25,6000,2,0.1046,0.5388
rq4graded,8.5,3.2,0.25,6000,3,0.0794,0.393
rq4graded,8.5,3.2,0.25,6000,4,0.0528,0.3285
rq4graded,8.5,3.2,0.25,6000,5,0.0496,0.2869
rq4graded,8.5,3.2,0.25,6000,6,0.0495,0.253
rq4graded,8.5,3.2,0.25,6000,7,0.0446,0.2257
rq4graded,8.5,3.2,0.25,6000,8,0.0444,0.2012
rq4graded,8.5,3.2,0.25,6000,9,0.0409,0.1787
rq4graded,8.5,3.2,0.25,6000,10,0.0441,0.1502
rq4graded,8.5,3.2,0.25,6000,11,0.043,0.131
rq4graded,8.5,3.2,0.25,6000,12,0.0395,0.1178
rq4graded,8.5,3.2,0.25,6000,13,0.0386,0.1016
rq4graded,8.5,3.2,0.25,6000,14,0.0295,0.0918
rq4graded,8.5,3.2,0.25,6000,15,0.0286,0.0863
rq4graded,8.5,3.2,0.25,6000,16,0.0222,0.0747
rq4graded,8.5,3.2,0.25,6000,17,0.0184,0.0702
rq4graded,8.5,3.2,0.25,6000,18,0.0125,0.0593
rq4graded,8.5,3.2,0.25,6000,19,0.0074,0.0458
rq4graded,8.5,3.2,0.25,6000,20,0.003,0.0369
floor1,8.5,3.2,0.27,6000,0,0.268,0.9217
floor1,8.5,3.2,0.27,6000,1,0.0952,0.489
floor1,8.5,3.2,0.27,6000,2,0.0586,0.3824
floor1,8.5,3.2,0.27,6000,3,0.0525,0.3265
floor1,8.5,3.2,0.27,6000,4,0.0479,0.2852
floor1,8.5,3.2,0.27,6000,5,0.0479,0.2548
floor1,8.5,3.2,0.27,6000,6,0.0438,0.2271
floor1,8.5,3.2,0.27,6000,7,0.0415,0.2083
floor1,8.5,3.2,0.27,6000,8,0.0413,0.179
floor1,8.5,3.2,0.27,6000,9,0.04,0.1615
floor1,8.5,3.2,0.27,6000,10,0.0415,0.1345
floor1,8.5,3.2,0.27,6000,11,0.0396,0.1203
floor1,8.5,3.2,0.27,6000,12,0.0378,0.1108
floor1,8.5,3.2,0.27,6000,13,0.0322,0.0889
floor1,8.5,3.2,0.27,6000,14,0.0306,0.0892
floor1,8.5,3.2,0.27,6000,15,0.0247,0.0801
floor1,8.5,3.2,0.27,6000,16,0.02,0.0711
floor1,8.5,3.2,0.27,6000,17,0.0167,0.0631
floor1,8.5,3.2,0.27,6000,18,0.0116,0.0559
floor1,8.5,3.2,0.27,6000,19,0.006,0.0441
floor1,8.5,3.2,0.27,6000,20,0.0027,0.0341
rq4graded,8.5,3.2,0.27,6000,0,0.1692,1.0556
rq4graded,8.5,3.2,0.27,6000,1,0.1631,0.6349
rq4graded,8.5,3.2,0.27,6000,2,0.0858,0.4041
rq4graded,8.5,3.2,0.27,6000,3,0.0664,0.3252
rq4graded,8.5,3.2,0.27,6000,4,0.0459,0.2793
rq4graded,8.5,3.2,0.27,6000,5,0.0471,0.2488
rq4graded,8.5,3.2,0.27,6000,6,0.0413,0.2254
rq4graded,8.5,3.2,0.27,6000,7,0.0423,0.2033
rq4graded,8.5,3.2,0.27,6000,8,0.0392,0.1776
rq4graded,8.5,3.2,0.27,6000,9,0.0393,0.1596
rq4graded,8.5,3.2,0.27,6000,10,0.0414,0.1329
rq4graded,8.5,3.2,0.27,6000,11,0.0388,0.1216
rq4graded,8.5,3.2,0.27,6000,12,0.0372,0.1091
rq4graded,8.5,3.2,0.27,6000,13,0.0318,0.0898
rq4graded,8.5,3.2,0.27,6000,14,0.0303,0.0888
rq4graded,8.5,3.2,0.27,6000,15,0.0242,0.0812
rq4graded,8.5,3.2,0.27,6000,16,0.0198,0.0711
rq4graded,8.5,3.2,0.27,6000,17,0.0168,0.063
rq4graded,8.5,3.2,0.27,6000,18,0.0116,0.0559
rq4graded,8.5,3.2,0.27,6000,19,0.0059,0.0442
rq4graded,8.5,3.2,0.27,6000,20,0.0027,0.0341
floor1,8.5,3.8,0.23,6000,0,0.0881,1.1866
floor1,8.5,3.8,0.23,6000,1,0.1604,0.837
floor1,8.5,3.8,0.23,6000,2,0.0901,0.5493
floor1,8.5,3.8,0.23,6000,3,0.0734,0.4133
floor1,8.5,3.8,0.23,6000,4,0.0665,0.3428
floor1,8.5,3.8,0.23,6000,5,0.0599,0.2865
floor1,8.5,3.8,0.23,6000,6,0.0555,0.2477
floor1,8.5,3.8,0.23,6000,7,0.0508,0.218
floor1,8.5,3.8,0.23,6000,8,0.0503,0.1877
floor1,8.5,3.8,0.23,6000,9,0.046,0.1604
floor1,8.5,3.8,0.23,6000,10,0.0469,0.134
floor1,8.5,3.8,0.23,6000,11,0.0425,0.1193
floor1,8.5,3.8,0.23,6000,12,0.0421,0.1036
floor1,8.5,3.8,0.23,6000,13,0.0302,0.0899
floor1,8.5,3.8,0.23,6000,14,0.0291,0.0851
floor1,8.5,3.8,0.23,6000,15,0.023,0.0743
floor1,8.5,3.8,0.23,6000,16,0.0189,0.0651
floor1,8.5,3.8,0.23,6000,17,0.0126,0.058
floor1,8.5,3.8,0.23,6000,18,0.0084,0.0475
floor1,8.5,3.8,0.23,6000,19,0.0042,0.0373
rq4graded,8.5,3.8,0.23,6000,1,0.2002,1.0395
rq4graded,8.5,3.8,0.23,6000,2,0.1351,0.6113
rq4graded,8.5,3.8,0.23,6000,3,0.0927,0.4078
rq4graded,8.5,3.8,0.23,6000,4,0.0618,0.3282
rq4graded,8.5,3.8,0.23,6000,5,0.0581,0.2781
rq4graded,8.5,3.8,0.23,6000,6,0.0522,0.2435
rq4graded,8.5,3.8,0.23,6000,7,0.0514,0.215
rq4graded,8.5,3.8,0.23,6000,8,0.0471,0.1871
rq4graded,8.5,3.8,0.23,6000,9,0.0472,0.1559
rq4graded,8.5,3.8,0.23,6000,10,0.0456,0.1338
rq4graded,8.5,3.8,0.23,6000,11,0.0414,0.1189
rq4graded,8.5,3.8,0.23,6000,12,0.0412,0.1039
rq4graded,8.5,3.8,0.23,6000,13,0.0302,0.0898
rq4graded,8.5,3.8,0.23,6000,14,0.0286,0.0848
rq4graded,8.5,3.8,0.23,6000,15,0.0224,0.0751
rq4graded,8.5,3.8,0.23,6000,16,0.0191,0.0651
rq4graded,8.5,3.8,0.23,6000,17,0.0124,0.0579
rq4graded,8.5,3.8,0.23,6000,18,0.0083,0.0477
rq4graded,8.5,3.8,0.23,6000,19,0.0042,0.0373
floor1,8.5,3.8,0.25,6000,0,0.2325,0.9683
floor1,8.5,3.8,0.25,6000,1,0.1211,0.5368
floor1,8.5,3.8,0.25,6000,2,0.0708,0.3862
floor1,8.5,3.8,0.25,6000,3,0.061,0.3209
floor1,8.5,3.8,0.25,6000,4,0.0549,0.2743
floor1,8.5,3.8,0.25,6000,5,0.0513,0.2399
floor1,8.5,3.8,0.25,6000,6,0.0487,0.2129
floor1,8.5,3.8,0.25,6000,7,0.0467,0.1866
floor1,8.5,3.8,0.25,6000,8,0.0413,0.1613
floor1,8.5,3.8,0.25,6000,9,0.0435,0.1365
floor1,8.5,3.8,0.25,6000,10,0.0423,0.1241
floor1,8.5,3.8,0.25,6000,11,0.0392,0.1093
floor1,8.5,3.8,0.25,6000,12,0.0334,0.087
floor1,8.5,3.8,0.25,6000,13,0.0304,0.0867
floor1,8.5,3.8,0.25,6000,14,0.0262,0.0752
floor1,8.5,3.8,0.25,6000,15,0.0181,0.0679
floor1,8.5,3.8,0.25,6000,16,0.017,0.0611
floor1,8.5,3.8,0.25,6000,17,0.0109,0.0544
floor1,8.5,3.8,0.25,6000,18,0.0064,0.0447
floor1,8.5,3.8,0.25,6000,19,0.0037,0.034
rq4graded,8.5,3.8,0.25,6000,0,0.1068,1.1534
rq4graded,8.5,3.8,0.25,6000,1,0.2101,0.7295
rq4graded,8.5,3.8,0.25,6000,2,0.1023,0.415
rq4graded,8.5,3.8,0.25,6000,3,0.0761,0.32
rq4graded,8.5,3.8,0.25,6000,4,0.0548,0.268
rq4graded,8.5,3.8,0.25,6000,5,0.049,0.2352
rq4graded,8.5,3.8,0.25,6000,6,0.0471,0.2104
rq4graded,8.5,3.8,0.25,6000,7,0.0458,0.1822
rq4graded,8.5,3.8,0.25,6000,8,0.0412,0.1595
rq4graded,8.5,3.8,0.25,6000,9,0.0433,0.1353
rq4graded,8.5,3.8,0.25,6000,10,0.0409,0.1217
rq4graded,8.5,3.8,0.25,6000,11,0.0386,0.1089
rq4graded,8.5,3.8,0.25,6000,12,0.0321,0.087
rq4graded,8.5,3.8,0.25,6000,13,0.0292,0.0879
rq4graded,8.5,3.8,0.25,6000,14,0.0262,0.0751
rq4graded,8.5,3.8,0.25,6000,15,0.0185,0.0671
rq4graded,8.5,3.8,0.25,6000,16,0.0163,0.0618
rq4graded,8.5,3.8,0.25,6000,17,0.0108,0.0544
rq4graded,8.5,3.8,0.25,6000,18,0.0064,0.0447
rq4graded,8.5,3.8,0.25,6000,19,0.0037,0.034
floor1,8.5,3.8,0.27,6000,0,0.3377,0.8349
floor1,8.5,3.8,0.27,6000,1,0.0953,0.38
floor1,8.5,3.8,0.27,6000,2,0.0554,0.3051
floor1,8.5,3.8,0.27,6000,3,0.053,0.2652
floor1,8.5,3.8,0.27,6000,4,0.0486,0.2331
floor1,8.5,3.8,0.27,6000,5,0.0457,0.2081
floor1,8.5,3.8,0.27,6000,6,0.0425,0.1866
floor1,8.5,3.8,0.27,6000,7,0.0403,0.161
floor1,8.5,3.8,0.27,6000,8,0.0384,0.1421
floor1,8.5,3.8,0.27,6000,9,0.0421,0.1244
floor1,8.5,3.8,0.27,6000,10,0.0376,0.1126
floor1,8.5,3.8,0.27,6000,11,0.033,0.0939
floor1,8.5,3.8,0.27,6000,12,0.0302,0.0819
floor1,8.5,3.8,0.27,6000,13,0.0276,0.0784
floor1,8.5,3.8,0.27,6000,14,0.0232,0.0689
floor1,8.5,3.8,0.27,6000,15,0.0164,0.0633
floor1,8.5,3.8,0.27,6000,16,0.0146,0.0606
floor1,8.5,3.8,0.27,6000,17,0.0095,0.0486
floor1,8.5,3.8,0.27,6000,18,0.0053,0.0401
floor1,8.5,3.8,0.27,6000,19,0.0031,0.0323
rq4graded,8.5,3.8,0.27,6000,0,0.241,0.957
rq4graded,8.5,3.8,0.27,6000,1,0.1571,0.4891
rq4graded,8.5,3.8,0.27,6000,2,0.0878,0.3257
rq4graded,8.5,3.8,0.27,6000,3,0.0657,0.2625
rq4graded,8.5,3.8,0.27,6000,4,0.0458,0.2279
rq4graded,8.5,3.8,0.27,6000,5,0.0443,0.2047
rq4graded,8.5,3.8,0.27,6000,6,0.0429,0.1821
rq4graded,8.5,3.8,0.27,6000,7,0.0373,0.1622
rq4graded,8.5,3.8,0.27,6000,8,0.0379,0.1393
rq4graded,8.5,3.8,0.27,6000,9,0.042,0.1246
rq4graded,8.5,3.8,0.27,6000,10,0.0368,0.1127
rq4graded,8.5,3.8,0.27,6000,11,0.0328,0.0922
rq4graded,8.5,3.8,0.27,6000,12,0.0305,0.0809
rq4graded,8.5,3.8,0.27,6000,13,0.0267,0.0797
rq4graded,8.5,3.8,0.27,6000,14,0.0225,0.0698
rq4graded,8.5,3.8,0.27,6000,15,0.0161,0.0633
rq4graded,8.5,3.8,0.27,6000,16,0.0146,0.0605
rq4graded,8.5,3.8,0.27,6000,17,0.0095,0.0486
rq4graded,8.5,3.8,0.27,6000,18,0.0053,0.0399
rq4graded,8.5,3.8,0.27,6000,19,0.003,0.0325
